# name [count ascending_rational_coefficients] for P,N,D,image
identity 3 -2 0 1 2 0 1 1 1 3 -2 0 1
constant_image 3 -2 0 1 3 0 0 1 1 1 2 -2 1
different_rational_images 5 6 0 -5 0 1 3 0 0 1 1 1 3 6 -5 1
complex_poles 4 -2 1 -2 1 4 0 1 0 1 3 1 0 1 2 -2 1
fractional_image 4 -2 0 0 1 2 1 1 2 -1 1 4 -3 3 -9 1
degree25_collapse 26 -1 0 0 0 0 0 0 0 0 0 0 0 0 0 0 0 0 0 0 0 0 0 0 0 0 1 6 0 0 0 0 0 1 1 1 6 -1 0 0 0 0 1
zero_image 3 -2 0 1 0 1 7 2 0 1
negative_denominator 5 -3 0 0 0 1 4 0 1 0 1 1 -7 5 -12/2401 0 -12/49 0 1
relative_fractional_scales 4 -2 0 0 1 2 1/3 1/3 2 -1/7 1/7 4 -343/9 49/3 -21 1
scaled_constant_image 3 -2 0 1 3 0 0 1/2 1 1/3 2 -3 1
real_pole_factor 4 2 -2 -1 1 2 2 1 2 -1 1 3 -2 -8 1
mixed_pole_factors 7 12 0 5 0 -6 0 1 4 1 0 0 1 4 -2 1 -2 1 4 91/160 -71/20 103/20 1
linear_input 2 -2/3 1 3 7 0 1 2 -1 5 2 -67/21 1
high_numerator 4 -2 0 0 1 18 -1 2/7 0 0 0 0 0 0 0 0 0 0 0 0 0 0 0 1 3 3/11 0 1 4 -59863302235/1835393 114371499/37457 -3571293/37457 1
random_0 3 -1 5 1 4 4 5 0 1 2 -4 1 3 -23 -571/35 1
random_1 4 -1 3 4 1 5 0 -3 -2 -2 1 3 0 1 1 4 923 216 -33 1
random_2 5 4 -4 -2 -2 1 6 5 2 4 -3 2 1 4 3 1 5 1 5 734629/28137 -323750/9379 518518/28137 -204862/28137 1
random_3 6 -4 2 4 5 0 1 7 4 -4 0 0 4 2 1 5 5 -2 0 4 1 6 -36443/30607 526417/122428 -3262675/489712 8139433/1958848 1549303/489712 1
random_4 7 3 -4 -5 -2 -1 5 1 8 -3 3 -3 5 4 -5 3 1 6 2 5 4 1 -3 1 7 -323960739/39493625 -118201394/7898725 51723842/1579745 76385212/39493625 -469830614/39493625 -32853073/39493625 1
random_5 8 -5 -1 2 -2 -2 -2 -3 1 9 -2 2 3 2 -4 -5 4 -3 1 7 -2 2 2 -3 1 2 1 8 -41428996072/28326555 21843828484/28326555 -15080408678/28326555 3445485307/28326555 108480998/28326555 19626367/5665311 -122508404/28326555 1
random_6 3 -3 -3 1 4 3 4 -1 1 2 0 1 3 25 -17 1
random_7 4 -2 3 -5 1 5 3 5 -1 1 1 3 0 4 1 4 -11931/316 2732/79 -4813/316 1
random_8 5 4 -1 -1 3 1 6 1 -5 4 -5 3 1 4 -5 3 4 1 5 4733/57 26228/171 132964/513 65042/1539 1
random_9 6 -4 -4 2 3 -5 1 7 1 -5 -4 1 -4 2 1 5 -1 0 2 4 1 6 -63790271/73621 -67780159/73621 -36989474/73621 -3523126/73621 -123503/73621 1
random_10 7 3 1 -4 3 -5 -1 1 8 -3 -5 3 0 0 5 4 1 6 -1 5 4 5 5 1 7 -891623/290469 -57245627/871407 -66182426/290469 -17630083/871407 33282001/871407 -3054343/290469 1
random_11 8 0 -1 3 2 0 5 -1 1 9 -5 -5 -4 5 -4 5 3 -5 1 7 -3 -5 3 -2 -2 2 1 8 273770895/2569777 1408410499/7709331 -383959361/7709331 -1358937478/7709331 8532535/265839 52563575/2569777 -1088522/7709331 1
random_12 3 3 -1 1 4 3 5 1 1 2 5 1 3 15/11 -1/3 1
random_13 4 -3 -1 2 1 5 -1 1 -4 5 1 3 0 5 1 4 -3133/219 6481/219 -2135/219 1
random_14 5 -5 4 4 -5 1 6 -1 -5 -3 5 0 1 4 -4 4 2 1 5 239149/22465 -443491/22465 210498/22465 -245972/22465 1
random_15 6 -1 -4 -4 0 5 1 7 4 1 1 1 -5 4 1 5 -1 1 -2 1 1 6 -539317/2496 -296951/832 -181329/832 -154355/2496 -1619/312 1
random_16 7 -4 -5 -5 -1 4 4 1 8 -1 1 -2 0 5 5 -3 1 6 -2 1 1 2 5 1 7 -396574923/142036 244354677/71018 -13152935/142036 -8126957/142036 -4780959/71018 1397461/71018 1
random_17 8 2 2 3 3 -5 -1 -4 1 9 -2 5 4 4 5 4 1 -2 1 7 0 4 -4 5 1 4 1 8 -22966504391/34874316 22137660773/17437158 -6035885740/8718579 17658252907/34874316 -1777440397/8718579 -433868777/34874316 -1285015/968731 1
random_18 3 -2 -4 1 4 3 1 4 1 2 -5 1 3 571/3 318 1
random_19 4 -5 2 -5 1 5 -5 4 5 2 1 3 4 5 1 4 -82705/2041 -27906/2041 -33359/2041 1
random_20 5 -2 -3 3 0 1 6 0 5 -5 -5 -2 1 4 4 -5 -1 1 5 -68785/1787 -168654/1787 -56229/1787 2301/1787 1
random_21 6 -2 -4 3 4 -2 1 7 3 4 2 3 -5 5 1 5 2 -3 -3 -4 1 6 -3455114/214893 6378343/214893 4214869/47754 766049/47754 -72509/7959 1
random_22 7 -1 0 -1 3 1 -5 1 8 -1 -2 1 5 0 1 3 1 6 3 -2 4 4 1 1 7 -10657466/9002317 -6706632/9002317 33138857/9002317 -206956383/9002317 187868556/9002317 -238342182/9002317 1
random_23 8 5 0 1 1 5 2 -3 1 9 3 2 -5 -2 -3 5 2 4 1 7 -2 -2 0 2 1 5 1 8 -255090531713/2954032891 -351206025546/2954032891 -603761343547/2954032891 70004560315/2954032891 -74740021967/2954032891 98075870156/2954032891 -16630282749/2954032891 1
random_24 3 -1 -2 1 4 -3 4 4 1 2 -4 1 3 -178/7 188/7 1
random_25 4 3 1 -4 1 5 4 2 -3 4 1 3 1 -3 1 4 7/11 -12072/11 -1095/11 1
random_26 5 4 -1 -3 -3 1 6 3 -3 0 2 2 1 4 -3 5 3 1 5 122783/15264 94919/15264 -4087/318 -9851/954 1
random_27 6 2 3 -2 -4 -2 1 7 -5 -4 -3 1 5 4 1 5 -5 -5 -1 5 1 6 -921541/41191 55169/2423 909248/41191 -431318/41191 -503729/41191 1
random_28 7 4 1 2 -5 -2 2 1 8 -2 1 -3 0 2 4 1 1 6 -2 2 -4 -4 3 1 7 60832495/894343 -228262033/894343 216218202/894343 -2954943/894343 18009735/894343 2311383/894343 1
random_29 8 2 3 -3 1 -4 4 4 1 9 -2 -1 -5 -4 -4 -4 -3 0 1 7 -3 5 -3 -5 4 4 1 8 -8688076472/19003895 16555467118/3800779 -388996673763/19003895 574434548078/19003895 -10951935365/3800779 63124685031/19003895 -1837712267/19003895 1
random_30 3 2 2 1 4 2 -2 -3 1 2 5 1 3 72/17 -60/17 1
random_31 4 5 4 1 1 5 0 1 0 4 1 3 -3 3 1 4 -8375/467 3575/467 2780/467 1
random_32 5 0 -3 5 0 1 6 -4 -1 -3 -1 3 1 4 4 5 4 1 5 71007/1759 193432/1759 142725/1759 22059/1759 1
random_33 6 -2 4 -5 -1 5 1 7 -1 -1 5 3 2 -1 1 5 0 2 5 2 1 6 -8545695/55576 5968793/13894 -3026576/6947 7260667/27788 -320266/6947 1
random_34 7 5 3 -1 4 -3 -3 1 8 4 -1 -2 -3 -1 2 -2 1 6 -2 0 -2 -3 2 1 7 74055491/50618 -60820077/50618 962505/50618 5218601/25309 -1063446/25309 -93114/25309 1
random_35 8 4 2 1 4 2 -4 1 1 9 -4 -4 0 5 -4 -3 -1 0 1 7 -3 -2 1 -1 -2 5 1 8 206494528/147565 1018321056/737825 1008335916/737825 36693898/737825 185916281/737825 27021/13415 -103104/29513 1
random_36 3 3 5 1 4 -1 -1 5 1 2 -5 1 3 29/53 109/53 1
random_37 4 -2 5 1 1 5 5 3 5 -3 1 3 4 2 1 4 -3209/4 653 -195/4 1
random_38 5 0 1 -5 5 1 6 -1 -4 -2 5 2 1 4 3 4 -1 1 5 -33701/16563 -227716/16563 -165272/5521 -342410/16563 1
random_39 6 -3 -3 -5 0 3 1 7 4 5 4 -5 -1 2 1 5 -2 4 3 -2 1 6 -3043/3321 13889/3321 -28879/3321 3551/369 -640/123 1
random_40 7 5 -1 5 -4 -4 -1 1 8 -4 5 0 1 -4 1 -5 1 6 3 2 2 4 -4 1 7 4780200317/513997 5964752412/513997 195251171/513997 678152403/513997 228472924/513997 21881957/513997 1
random_41 8 -1 0 -5 0 -3 3 -2 1 9 2 0 -2 -5 1 4 1 -4 1 7 -2 5 4 -1 1 2 1 8 113367664/104957453 409455304/104957453 1038433500/104957453 2034952406/104957453 2226474317/104957453 1740851801/104957453 -12401885/104957453 1
random_42 3 -4 4 1 4 -3 -4 5 1 2 -3 1 3 -47/17 26/17 1
random_43 4 0 -4 -5 1 5 5 -5 1 5 1 3 -3 3 1 4 -14975/129 -17825/129 -5089/129 1
random_44 5 2 0 -1 -5 1 6 0 -1 5 3 5 1 4 1 -2 0 1 5 -83741/24 43651/24 -69277/16 121/12 1
random_45 6 -2 5 -1 -2 3 1 7 0 -5 -1 -1 2 3 1 5 -1 -3 3 -5 1 6 -772514/86803 4457145/86803 -7015699/86803 4282364/86803 -1010351/86803 1
random_46 7 -1 5 0 1 -3 -2 1 8 -1 1 -5 3 -4 1 3 1 6 -3 2 1 5 -2 1 7 5584433/2008543 -53747075/2008543 153053904/2008543 -162329113/2008543 89958855/2008543 -38942614/2008543 1
random_47 8 -4 0 1 0 -3 1 0 1 9 -2 -4 3 3 3 4 4 2 1 7 5 -4 -3 0 -1 0 1 8 1325248/1900631 -1064730/1900631 25573264/1900631 -89194069/3801262 245920987/3801262 -95611873/3801262 44567390/1900631 1
random_48 3 3 -4 1 4 -1 -5 2 1 2 -2 1 3 87 -32 1
random_49 4 3 -2 2 1 5 -2 -3 -4 -5 1 3 0 -3 1 4 -3553/42 545/21 -1525/126 1
random_50 5 4 1 -5 -1 1 6 -4 -5 -5 4 -2 1 4 3 0 -1 1 5 75504/43 -1947/43 -21257/129 -295/129 1
random_51 6 5 1 1 -2 3 1 7 0 -4 5 5 1 0 1 5 0 3 -2 4 1 6 1597291/6221 -523748/18663 988145/18663 -714867/6221 736885/18663 1
random_52 7 -3 0 -3 -4 -5 0 1 8 -1 5 4 -1 -2 0 2 1 6 -3 -5 -1 -5 5 1 7 -6227357/45481197 -12357394/45481197 94192039/45481197 -80407972/45481197 -113560233/15160399 -68890190/15160399 1
random_53 8 3 -5 -5 2 3 3 0 1 9 4 -5 0 -3 -5 1 -5 -5 1 7 -5 2 -2 1 2 0 1 8 -4636006825/419723 -24068593800/419723 -23237124966/419723 -2826443859/419723 1232922829/419723 266097793/419723 271833/9761 1
random_54 3 -2 -1 1 4 -5 0 4 1 2 2 1 3 -19/2 -11/4 1
random_55 4 -5 0 1 1 5 3 -3 4 0 1 3 2 -5 1 4 2869/523 -1389/523 1260/523 1
random_56 5 2 4 5 -5 1 6 -1 2 -3 1 2 1 4 -4 -5 4 1 5 278430/11123 -13514/11123 1590119/22246 -177969/11123 1
random_57 6 -5 2 -2 5 -4 1 7 -5 -1 1 -2 -1 -3 1 5 4 0 1 -3 1 6 1984145/3 71164/3 -113021/3 -3082/3 1900/3 1
random_58 7 1 2 0 -2 -4 -2 1 8 3 -3 0 -5 1 1 3 1 6 -3 5 -3 -1 -5 1 7 -108875/564992 514087/282496 6091295/282496 9464019/141248 11797809/141248 1327655/35312 1
random_59 8 -1 3 -4 3 0 1 3 1 9 0 -1 -4 -2 -4 1 -1 -5 1 7 4 0 5 -3 5 -5 1 8 1263052911/304391711 3002817322/304391711 4607171130/304391711 9365766900/304391711 -2243812021/304391711 1485435105/304391711 -954192432/304391711 1
random_60 3 5 -2 1 4 -4 -1 -5 1 2 -3 1 3 577/8 23/2 1
random_61 4 0 4 -3 1 5 -4 1 1 -5 1 3 0 -5 1 3 74/7 -1 1
random_62 5 -1 -1 -5 -3 1 6 -3 -3 -3 -1 3 1 4 -1 -1 -3 1 5 -19131/29 -66167/29 29617/29 -3947/29 1
random_63 6 3 1 -4 -5 -1 1 7 0 4 -3 -3 -4 3 1 5 -3 1 -4 -1 1 6 -1127/9743 299943/9743 307768/9743 1410021/9743 -574065/9743 1
random_64 7 5 -1 4 -2 -5 -3 1 8 -5 -4 0 5 -5 1 1 1 6 -2 3 -1 2 4 1 7 -11399265425/3434801 -18977890738/3434801 -10459306236/3434801 -2797970055/3434801 -192026898/3434801 13591898/3434801 1
random_65 8 4 3 4 -5 -5 4 -5 1 9 2 -4 4 -5 -4 5 -5 0 1 7 4 5 1 -5 -2 5 1 8 56104588213/791374700 25474574401/79137470 105969081359/158274940 111317643971/158274940 117304512649/395687350 4954539533/791374700 -2420696373/158274940 1
random_66 3 5 0 1 4 -5 5 2 1 2 -4 1 3 75/7 -40/7 1
random_67 4 5 1 -3 1 5 0 -5 0 4 1 3 2 -5 1 4 -2025/52 4041/26 59/52 1
random_68 5 2 -5 0 -3 1 6 -3 5 4 3 3 1 4 -3 4 5 1 5 25677/7288 -93663/7288 14967/911 -20229/1822 1
random_69 6 4 3 0 -4 4 1 7 3 -4 3 4 0 -1 1 5 4 -2 2 5 1 6 -3017573/21524 7931405/10762 -15337751/10762 12935519/10762 -8154489/21524 1
random_70 7 -3 -1 0 2 -3 4 1 8 -4 -3 -5 -3 5 0 3 1 6 -5 3 0 1 -2 1 7 115860711/3460307 -174450862/3460307 -33783619/3460307 117962020/3460307 3876265/3460307 -21851734/3460307 1
random_71 8 -1 -4 0 -4 -1 5 -4 1 9 -2 -4 -5 0 2 4 -1 0 1 7 -1 2 -2 -5 0 2 1 8 -238630351/92751107 627547353/92751107 -467302023/92751107 351235697/92751107 -1334436357/92751107 1744308851/92751107 -749357541/92751107 1
random_72 3 5 -4 1 4 -4 4 1 1 2 -4 1 3 442/5 -2/5 1
random_73 4 1 -2 -1 1 5 -4 -5 1 2 1 3 -4 -2 1 4 169 -81 -46 1
random_74 5 -4 2 -1 -3 1 6 -1 -2 2 -1 3 1 4 2 -4 2 1 5 20967/356 -72615/623 196655/2492 -12363/623 1
random_75 6 4 -3 -3 -3 2 1 7 -3 3 1 0 -4 -4 1 5 2 -1 5 5 1 6 831029/11858 1770437/5929 4477271/11858 435451/1078 5449/22 1
random_76 7 3 2 -4 4 3 2 1 8 -1 4 4 4 1 5 0 1 6 3 -4 1 0 4 1 7 51107365/2797173 21748186/2797173 -117896611/2797173 105470146/2797173 2968174/310797 2146276/310797 1
random_77 8 4 -5 -1 0 -1 -2 -2 1 9 0 2 4 0 -5 4 3 -2 1 7 3 0 -5 -3 3 5 1 8 1145441210/12389379 -2775779767/49557516 4237978899/8259586 -10865279687/49557516 -6356436593/49557516 1293681403/24778758 -4627640/12389379 1
random_78 3 -3 -4 1 4 -5 -1 -2 1 2 0 1 3 259/3 -56/3 1
random_79 4 4 -2 2 1 5 0 -2 0 -2 1 3 4 -5 1 4 -472/115 228/23 -162/23 1
