# case	row (S9d.4b.2, torus_curved_boolean_reference.py: expect KIND S9d.4b.2, reason TEXT for a degenerate case, then result N volume area cx cy cz or empty)
pipe_hole_fuse	expect solid S9d.4b.2
pipe_hole_fuse	result 1 85.48437795035149085289375 132.981325468554898166494 0.0 0.0 0.0
pipe_hole_cut	expect solid S9d.4b.2
pipe_hole_cut	result 1 46.99986794387652368172637 98.84832840229159498765663 0.0 0.0 0.0
pipe_hole_common	expect solid S9d.4b.2
pipe_hole_common	result 1 2.348154061570269412446085 28.9392706958332769459116 0.0 0.0 0.0
hole_pipe_cut	expect solid S9d.4b.2
hole_pipe_cut	result 1 36.1363559449046977587213 63.07226776209658012474898 0.0 0.0 0.0
sleeve_common	expect solid S9d.4b.2
sleeve_common	result 1 35.13515734477101926533018 87.434868845617716343837 0.0 0.0 0.190312529127903351549844
ball_coax_cut	expect solid S9d.4b.2
ball_coax_cut	result 1 22.71179466161400053715529 94.41500692625616333265867 0.0 0.0 0.0
ball_coax_common	expect solid S9d.4b.2
ball_coax_common	result 1 26.63622734383279255701717 73.26095306970107531544036 0.0 0.0 0.0
ball_axis_common	expect solid S9d.4b.2
ball_axis_common	result 1 3.333396329402147421929276 30.91459752851260575944311 0.0 0.0 0.4412660506841698918846087
cone_coax_cut	expect solid S9d.4b.2
cone_coax_cut	result 1 37.96956931985490031381899 95.46079546136747776943364 0.0 0.0 0.143658900444876337580777
cone_coax_common	expect solid S9d.4b.2
cone_coax_common	result 1 11.37845268559189278035347 56.13168366295159877165656 0.0 0.0 -0.479385618552767325639471
tori_coax_fuse	expect solid S9d.4b.2
tori_coax_fuse	result 1 68.88878588184228223530518 128.2567396239878262754498 0.0 0.0 0.1860662308909680231585331
tori_coax_common	expect solid S9d.4b.2
tori_coax_common	result 1 16.54497721508747830898088 66.66794729752700644653139 0.0 0.0 0.3158054398096995695475547
rod_cut	expect solid S9d.4b.2
rod_cut	result 1 46.2893600604187591596104 107.306732495851979611245 0.0 0.0 0.0
rod_common	expect solid S9d.4b.2
rod_common	result 2 3.058661945028033934562054 15.16508384199031359991468 0.0 0.0 0.0
rod_ends_cut	expect solid S9d.4b.2
rod_ends_cut	result 3 4.009921525549000851978894 21.23444172414464234249501 0.0 0.0 0.0
bore_cut	expect solid S9d.4b.2
bore_cut	result 1 47.89446392920260092482593 102.5307009598206131442024 -0.08284343523693386169156733 -0.007531221385175805608324302 0.0
bore_common	expect solid S9d.4b.2
bore_common	result 1 1.453558076244192169346523 7.261781321252336891953717 2.729675535895130737946408 0.2481523214450118852678553 0.0
stadium_cut	expect solid S9d.4b.2
stadium_cut	result 1 46.20249072733103427897106 99.04398447882761825001165 -0.1691442598233376369165957 0.0 0.0
stadium_common	expect solid S9d.4b.2
stadium_common	result 1 3.145531278115758815201398 12.51230176788459235006606 2.484440752644594258572052 0.0 0.0
ball_top_fuse	expect solid S9d.4b.2
ball_top_fuse	result 1 50.35690376753459570155034 101.1014283486445986507317 0.05017735879218293328045347 0.0 0.02479295234404008988991617
ball_top_cut	expect solid S9d.4b.2
ball_top_cut	result 1 48.58975789989033700491511 99.75878923248460401011189 -0.03891948268192344389592275 0.0 -0.01067405096792077568070499
ball_top_common	expect solid S9d.4b.2
ball_top_common	result 1 0.7582641055564560892573489 4.663199132826022324154117 2.493970408523887330718773 0.0 0.6839959171768349962532079
ball_core_cut	expect solid S9d.4b.2
ball_core_cut	result 1 42.91534593620084511968757 97.3112353923071215716155 0.0 -0.3705165387753792390158191 0.0
core_ball_cut	expect solid S9d.4b.2
core_ball_cut	result 1 1.748554799477471917344917 21.01976270352267235712093 0.0 2.603425260986809369086333 0.0
spike_cut	expect solid S9d.4b.2
spike_cut	result 1 47.87022099770111837110641 102.3901625880354614439723 -0.08398827221618125561033229 -0.007635297474198295964575663 0.005250771354443263003620262
spike_common	expect solid S9d.4b.2
spike_common	result 1 1.477801007745674723066044 7.365785961330777417188475 2.720621471450234790503575 0.2473292246772940718639613 -0.1700875718910424501242382
cone_lean_common	expect solid S9d.4b.2
cone_lean_common	result 1 0.3891394939615743701461489 3.267049656040947096297432 1.901527883606176494393072 0.2670532941886225816088625 -0.2762669927674236690962838
tori_link_fuse	expect solid S9d.4b.2
tori_link_fuse	result 2 77.10628438351061420964446 172.7180770190637758296036 0.0 0.9 0.0
tori_link_common	expect empty S9d.4b.2
tori_link_common	empty
tori_ring_fuse	expect solid S9d.4b.2
tori_ring_fuse	result 1 54.63093450823433152373486 112.1614574416564287010595 0.0 0.2425210356813169294282899 0.0
tori_ring_cut	expect solid S9d.4b.2
tori_ring_cut	result 1 48.4624317575534823869633 98.8126882279508890325417 0.0 -0.04482040997021132787099369 0.0
tori_ring_common	expect solid S9d.4b.2
tori_ring_common	result 1 0.8855902478933107072091508 11.20859757196055403437163 0.0 2.452721294858494520902718 0.0
tori_side_cut	expect solid S9d.4b.2
tori_side_cut	result 1 41.69145609220954113528384 107.6362027665320243026155 -0.2387047700807696777427809 0.0 -0.01854852533440120013447188
tori_side_common	expect solid S9d.4b.2
tori_side_common	result 2 7.656565913237251958888613 28.30674716970349974731393 1.299792825347156962133966 0.0 0.101000244537496666321731
tori_cross_cut	expect solid S9d.4b.2
tori_cross_cut	result 1 47.0641982185029398415382 99.57518405466923396544142 0.0 -0.09893420162392985047092187 0.0
tori_cross_common	expect solid S9d.4b.2
tori_cross_common	result 1 2.283823786943853252634254 10.91302744932229680969114 0.0 2.03879953542687305797075 0.0
pin_hole_fuse	expect solid S9d.4b.2
pin_hole_fuse	result 2 68.98297609038300083456398 139.9294475892596224431671 0.0 0.0 0.0
pin_hole_common	expect empty S9d.4b.2
pin_hole_common	empty
ball_hole_fuse	expect solid S9d.4b.2
ball_hole_fuse	result 2 57.52925287417021298600226 118.3309980958297939287364 0.0 0.0 0.0
pipe_equator_fuse	expect degenerate S9d.4b.2
pipe_equator_fuse	reason a coaxial cylinder tangent to the torus along its outer equator
pipe_equator_fuse	result 1 153.9380400258998686846695 164.9336143134641450192888 0.0 0.0 0.0
ball_touch_fuse	expect degenerate S9d.4b.2
ball_touch_fuse	reason a sphere tangent to the torus at a point
ball_touch_fuse	result 2 49.87162078104509196724956 101.8376366644833794268076 0.04199572962724365046425532 0.0 0.0
tori_kiss_fuse	expect degenerate S9d.4b.2
tori_kiss_fuse	reason two coaxial tori tangent along a circle
tori_kiss_fuse	result 2 96.53706804815528899047487 224.5335001247829085784847 0.0 0.0 0.0
pipe_tilt_common	expect solid S9d.4b.2
pipe_tilt_common	result 1 2.348154061570269360306591 28.93927069583327684163261 0.0 0.0 0.0
ball_tilt_cut	expect solid S9d.4b.2
ball_tilt_cut	result 1 48.58975789989033591169905 99.75878923248460180472149 -0.03891948268192344463168947 -0.006404430580752465704292405 -0.008539240774336620999686554
