# case	frame (obj, tool) axis (n, x, y)	stored unit vector (stored_axes, as hex bits)
bulge_ball_fuse	obj n	0000000000000000 0000000000000000 3ff0000000000000
bulge_ball_fuse	obj x	3ff0000000000000 0000000000000000 0000000000000000
bulge_ball_fuse	obj y	0000000000000000 3ff0000000000000 0000000000000000
bulge_ball_fuse	tool n	0000000000000000 0000000000000000 3ff0000000000000
bulge_ball_fuse	tool x	3ff0000000000000 0000000000000000 0000000000000000
bulge_ball_fuse	tool y	0000000000000000 3ff0000000000000 0000000000000000
bulge_ball_cut	obj n	0000000000000000 0000000000000000 3ff0000000000000
bulge_ball_cut	obj x	3ff0000000000000 0000000000000000 0000000000000000
bulge_ball_cut	obj y	0000000000000000 3ff0000000000000 0000000000000000
bulge_ball_cut	tool n	0000000000000000 0000000000000000 3ff0000000000000
bulge_ball_cut	tool x	3ff0000000000000 0000000000000000 0000000000000000
bulge_ball_cut	tool y	0000000000000000 3ff0000000000000 0000000000000000
bulge_ball_common	obj n	0000000000000000 0000000000000000 3ff0000000000000
bulge_ball_common	obj x	3ff0000000000000 0000000000000000 0000000000000000
bulge_ball_common	obj y	0000000000000000 3ff0000000000000 0000000000000000
bulge_ball_common	tool n	0000000000000000 0000000000000000 3ff0000000000000
bulge_ball_common	tool x	3ff0000000000000 0000000000000000 0000000000000000
bulge_ball_common	tool y	0000000000000000 3ff0000000000000 0000000000000000
lens_ball_fuse	obj n	0000000000000000 0000000000000000 3ff0000000000000
lens_ball_fuse	obj x	3ff0000000000000 0000000000000000 0000000000000000
lens_ball_fuse	obj y	0000000000000000 3ff0000000000000 0000000000000000
lens_ball_fuse	tool n	0000000000000000 0000000000000000 3ff0000000000000
lens_ball_fuse	tool x	3ff0000000000000 0000000000000000 0000000000000000
lens_ball_fuse	tool y	0000000000000000 3ff0000000000000 0000000000000000
lens_ball_cut	obj n	0000000000000000 0000000000000000 3ff0000000000000
lens_ball_cut	obj x	3ff0000000000000 0000000000000000 0000000000000000
lens_ball_cut	obj y	0000000000000000 3ff0000000000000 0000000000000000
lens_ball_cut	tool n	0000000000000000 0000000000000000 3ff0000000000000
lens_ball_cut	tool x	3ff0000000000000 0000000000000000 0000000000000000
lens_ball_cut	tool y	0000000000000000 3ff0000000000000 0000000000000000
lens_ball_common	obj n	0000000000000000 0000000000000000 3ff0000000000000
lens_ball_common	obj x	3ff0000000000000 0000000000000000 0000000000000000
lens_ball_common	obj y	0000000000000000 3ff0000000000000 0000000000000000
lens_ball_common	tool n	0000000000000000 0000000000000000 3ff0000000000000
lens_ball_common	tool x	3ff0000000000000 0000000000000000 0000000000000000
lens_ball_common	tool y	0000000000000000 3ff0000000000000 0000000000000000
blob_cap_ball_fuse	obj n	0000000000000000 0000000000000000 3ff0000000000000
blob_cap_ball_fuse	obj x	3ff0000000000000 0000000000000000 0000000000000000
blob_cap_ball_fuse	obj y	0000000000000000 3ff0000000000000 0000000000000000
blob_cap_ball_fuse	tool n	0000000000000000 0000000000000000 3ff0000000000000
blob_cap_ball_fuse	tool x	3ff0000000000000 0000000000000000 0000000000000000
blob_cap_ball_fuse	tool y	0000000000000000 3ff0000000000000 0000000000000000
blob_cap_ball_cut	obj n	0000000000000000 0000000000000000 3ff0000000000000
blob_cap_ball_cut	obj x	3ff0000000000000 0000000000000000 0000000000000000
blob_cap_ball_cut	obj y	0000000000000000 3ff0000000000000 0000000000000000
blob_cap_ball_cut	tool n	0000000000000000 0000000000000000 3ff0000000000000
blob_cap_ball_cut	tool x	3ff0000000000000 0000000000000000 0000000000000000
blob_cap_ball_cut	tool y	0000000000000000 3ff0000000000000 0000000000000000
blob_cap_ball_common	obj n	0000000000000000 0000000000000000 3ff0000000000000
blob_cap_ball_common	obj x	3ff0000000000000 0000000000000000 0000000000000000
blob_cap_ball_common	obj y	0000000000000000 3ff0000000000000 0000000000000000
blob_cap_ball_common	tool n	0000000000000000 0000000000000000 3ff0000000000000
blob_cap_ball_common	tool x	3ff0000000000000 0000000000000000 0000000000000000
blob_cap_ball_common	tool y	0000000000000000 3ff0000000000000 0000000000000000
knot_tilt_ball_fuse	obj n	0000000000000000 3fe3333333333333 3fe999999999999a
knot_tilt_ball_fuse	obj x	3ff0000000000000 8000000000000000 0000000000000000
knot_tilt_ball_fuse	obj y	0000000000000000 3fe999999999999a bfe3333333333332
knot_tilt_ball_fuse	tool n	0000000000000000 0000000000000000 3ff0000000000000
knot_tilt_ball_fuse	tool x	3ff0000000000000 0000000000000000 0000000000000000
knot_tilt_ball_fuse	tool y	0000000000000000 3ff0000000000000 0000000000000000
knot_tilt_ball_cut	obj n	0000000000000000 3fe3333333333333 3fe999999999999a
knot_tilt_ball_cut	obj x	3ff0000000000000 8000000000000000 0000000000000000
knot_tilt_ball_cut	obj y	0000000000000000 3fe999999999999a bfe3333333333332
knot_tilt_ball_cut	tool n	0000000000000000 0000000000000000 3ff0000000000000
knot_tilt_ball_cut	tool x	3ff0000000000000 0000000000000000 0000000000000000
knot_tilt_ball_cut	tool y	0000000000000000 3ff0000000000000 0000000000000000
knot_tilt_ball_common	obj n	0000000000000000 3fe3333333333333 3fe999999999999a
knot_tilt_ball_common	obj x	3ff0000000000000 8000000000000000 0000000000000000
knot_tilt_ball_common	obj y	0000000000000000 3fe999999999999a bfe3333333333332
knot_tilt_ball_common	tool n	0000000000000000 0000000000000000 3ff0000000000000
knot_tilt_ball_common	tool x	3ff0000000000000 0000000000000000 0000000000000000
knot_tilt_ball_common	tool y	0000000000000000 3ff0000000000000 0000000000000000
ball_wave_fuse	obj n	0000000000000000 0000000000000000 3ff0000000000000
ball_wave_fuse	obj x	3ff0000000000000 0000000000000000 0000000000000000
ball_wave_fuse	obj y	0000000000000000 3ff0000000000000 0000000000000000
ball_wave_fuse	tool n	0000000000000000 0000000000000000 3ff0000000000000
ball_wave_fuse	tool x	3ff0000000000000 0000000000000000 0000000000000000
ball_wave_fuse	tool y	0000000000000000 3ff0000000000000 0000000000000000
ball_wave_cut	obj n	0000000000000000 0000000000000000 3ff0000000000000
ball_wave_cut	obj x	3ff0000000000000 0000000000000000 0000000000000000
ball_wave_cut	obj y	0000000000000000 3ff0000000000000 0000000000000000
ball_wave_cut	tool n	0000000000000000 0000000000000000 3ff0000000000000
ball_wave_cut	tool x	3ff0000000000000 0000000000000000 0000000000000000
ball_wave_cut	tool y	0000000000000000 3ff0000000000000 0000000000000000
ball_wave_common	obj n	0000000000000000 0000000000000000 3ff0000000000000
ball_wave_common	obj x	3ff0000000000000 0000000000000000 0000000000000000
ball_wave_common	obj y	0000000000000000 3ff0000000000000 0000000000000000
ball_wave_common	tool n	0000000000000000 0000000000000000 3ff0000000000000
ball_wave_common	tool x	3ff0000000000000 0000000000000000 0000000000000000
ball_wave_common	tool y	0000000000000000 3ff0000000000000 0000000000000000
dome_ball_fuse	obj n	0000000000000000 0000000000000000 3ff0000000000000
dome_ball_fuse	obj x	3ff0000000000000 0000000000000000 0000000000000000
dome_ball_fuse	obj y	0000000000000000 3ff0000000000000 0000000000000000
dome_ball_fuse	tool n	0000000000000000 0000000000000000 3ff0000000000000
dome_ball_fuse	tool x	3ff0000000000000 0000000000000000 0000000000000000
dome_ball_fuse	tool y	0000000000000000 3ff0000000000000 0000000000000000
dome_ball_cut	obj n	0000000000000000 0000000000000000 3ff0000000000000
dome_ball_cut	obj x	3ff0000000000000 0000000000000000 0000000000000000
dome_ball_cut	obj y	0000000000000000 3ff0000000000000 0000000000000000
dome_ball_cut	tool n	0000000000000000 0000000000000000 3ff0000000000000
dome_ball_cut	tool x	3ff0000000000000 0000000000000000 0000000000000000
dome_ball_cut	tool y	0000000000000000 3ff0000000000000 0000000000000000
dome_ball_common	obj n	0000000000000000 0000000000000000 3ff0000000000000
dome_ball_common	obj x	3ff0000000000000 0000000000000000 0000000000000000
dome_ball_common	obj y	0000000000000000 3ff0000000000000 0000000000000000
dome_ball_common	tool n	0000000000000000 0000000000000000 3ff0000000000000
dome_ball_common	tool x	3ff0000000000000 0000000000000000 0000000000000000
dome_ball_common	tool y	0000000000000000 3ff0000000000000 0000000000000000
tilt_blob_low_fuse	obj n	0000000000000000 3fe3333333333333 3fe999999999999a
tilt_blob_low_fuse	obj x	3ff0000000000000 8000000000000000 0000000000000000
tilt_blob_low_fuse	obj y	0000000000000000 3fe999999999999a bfe3333333333332
tilt_blob_low_fuse	tool n	0000000000000000 0000000000000000 3ff0000000000000
tilt_blob_low_fuse	tool x	3ff0000000000000 0000000000000000 0000000000000000
tilt_blob_low_fuse	tool y	0000000000000000 3ff0000000000000 0000000000000000
tilt_blob_low_cut	obj n	0000000000000000 3fe3333333333333 3fe999999999999a
tilt_blob_low_cut	obj x	3ff0000000000000 8000000000000000 0000000000000000
tilt_blob_low_cut	obj y	0000000000000000 3fe999999999999a bfe3333333333332
tilt_blob_low_cut	tool n	0000000000000000 0000000000000000 3ff0000000000000
tilt_blob_low_cut	tool x	3ff0000000000000 0000000000000000 0000000000000000
tilt_blob_low_cut	tool y	0000000000000000 3ff0000000000000 0000000000000000
tilt_blob_low_common	obj n	0000000000000000 3fe3333333333333 3fe999999999999a
tilt_blob_low_common	obj x	3ff0000000000000 8000000000000000 0000000000000000
tilt_blob_low_common	obj y	0000000000000000 3fe999999999999a bfe3333333333332
tilt_blob_low_common	tool n	0000000000000000 0000000000000000 3ff0000000000000
tilt_blob_low_common	tool x	3ff0000000000000 0000000000000000 0000000000000000
tilt_blob_low_common	tool y	0000000000000000 3ff0000000000000 0000000000000000
hemi_bulge_fuse	obj n	0000000000000000 0000000000000000 3ff0000000000000
hemi_bulge_fuse	obj x	3ff0000000000000 0000000000000000 0000000000000000
hemi_bulge_fuse	obj y	0000000000000000 3ff0000000000000 0000000000000000
hemi_bulge_fuse	tool n	0000000000000000 0000000000000000 3ff0000000000000
hemi_bulge_fuse	tool x	3ff0000000000000 0000000000000000 0000000000000000
hemi_bulge_fuse	tool y	0000000000000000 3ff0000000000000 0000000000000000
hemi_bulge_cut	obj n	0000000000000000 0000000000000000 3ff0000000000000
hemi_bulge_cut	obj x	3ff0000000000000 0000000000000000 0000000000000000
hemi_bulge_cut	obj y	0000000000000000 3ff0000000000000 0000000000000000
hemi_bulge_cut	tool n	0000000000000000 0000000000000000 3ff0000000000000
hemi_bulge_cut	tool x	3ff0000000000000 0000000000000000 0000000000000000
hemi_bulge_cut	tool y	0000000000000000 3ff0000000000000 0000000000000000
hemi_bulge_common	obj n	0000000000000000 0000000000000000 3ff0000000000000
hemi_bulge_common	obj x	3ff0000000000000 0000000000000000 0000000000000000
hemi_bulge_common	obj y	0000000000000000 3ff0000000000000 0000000000000000
hemi_bulge_common	tool n	0000000000000000 0000000000000000 3ff0000000000000
hemi_bulge_common	tool x	3ff0000000000000 0000000000000000 0000000000000000
hemi_bulge_common	tool y	0000000000000000 3ff0000000000000 0000000000000000
side_hemi_bulge_fuse	obj n	0000000000000000 0000000000000000 3ff0000000000000
side_hemi_bulge_fuse	obj x	3ff0000000000000 0000000000000000 0000000000000000
side_hemi_bulge_fuse	obj y	0000000000000000 3ff0000000000000 0000000000000000
side_hemi_bulge_fuse	tool n	3ff0000000000000 0000000000000000 0000000000000000
side_hemi_bulge_fuse	tool x	0000000000000000 3ff0000000000000 0000000000000000
side_hemi_bulge_fuse	tool y	0000000000000000 0000000000000000 3ff0000000000000
side_hemi_bulge_cut	obj n	0000000000000000 0000000000000000 3ff0000000000000
side_hemi_bulge_cut	obj x	3ff0000000000000 0000000000000000 0000000000000000
side_hemi_bulge_cut	obj y	0000000000000000 3ff0000000000000 0000000000000000
side_hemi_bulge_cut	tool n	3ff0000000000000 0000000000000000 0000000000000000
side_hemi_bulge_cut	tool x	0000000000000000 3ff0000000000000 0000000000000000
side_hemi_bulge_cut	tool y	0000000000000000 0000000000000000 3ff0000000000000
side_hemi_bulge_common	obj n	0000000000000000 0000000000000000 3ff0000000000000
side_hemi_bulge_common	obj x	3ff0000000000000 0000000000000000 0000000000000000
side_hemi_bulge_common	obj y	0000000000000000 3ff0000000000000 0000000000000000
side_hemi_bulge_common	tool n	3ff0000000000000 0000000000000000 0000000000000000
side_hemi_bulge_common	tool x	0000000000000000 3ff0000000000000 0000000000000000
side_hemi_bulge_common	tool y	0000000000000000 0000000000000000 3ff0000000000000
dome_touch_cut	obj n	0000000000000000 0000000000000000 3ff0000000000000
dome_touch_cut	obj x	3ff0000000000000 0000000000000000 0000000000000000
dome_touch_cut	obj y	0000000000000000 3ff0000000000000 0000000000000000
dome_touch_cut	tool n	0000000000000000 0000000000000000 3ff0000000000000
dome_touch_cut	tool x	3ff0000000000000 0000000000000000 0000000000000000
dome_touch_cut	tool y	0000000000000000 3ff0000000000000 0000000000000000
dome_touch_common	obj n	0000000000000000 0000000000000000 3ff0000000000000
dome_touch_common	obj x	3ff0000000000000 0000000000000000 0000000000000000
dome_touch_common	obj y	0000000000000000 3ff0000000000000 0000000000000000
dome_touch_common	tool n	0000000000000000 0000000000000000 3ff0000000000000
dome_touch_common	tool x	3ff0000000000000 0000000000000000 0000000000000000
dome_touch_common	tool y	0000000000000000 3ff0000000000000 0000000000000000
knot_turn_cut	obj n	0000000000000000 0000000000000000 3ff0000000000000
knot_turn_cut	obj x	3ff0000000000000 0000000000000000 0000000000000000
knot_turn_cut	obj y	0000000000000000 3ff0000000000000 0000000000000000
knot_turn_cut	tool n	0000000000000000 0000000000000000 3ff0000000000000
knot_turn_cut	tool x	3ff0000000000000 0000000000000000 0000000000000000
knot_turn_cut	tool y	0000000000000000 3ff0000000000000 0000000000000000
knot_turn_common	obj n	0000000000000000 0000000000000000 3ff0000000000000
knot_turn_common	obj x	3ff0000000000000 0000000000000000 0000000000000000
knot_turn_common	obj y	0000000000000000 3ff0000000000000 0000000000000000
knot_turn_common	tool n	0000000000000000 0000000000000000 3ff0000000000000
knot_turn_common	tool x	3ff0000000000000 0000000000000000 0000000000000000
knot_turn_common	tool y	0000000000000000 3ff0000000000000 0000000000000000
cap_turn_cut	obj n	0000000000000000 0000000000000000 3ff0000000000000
cap_turn_cut	obj x	3ff0000000000000 0000000000000000 0000000000000000
cap_turn_cut	obj y	0000000000000000 3ff0000000000000 0000000000000000
cap_turn_cut	tool n	0000000000000000 0000000000000000 3ff0000000000000
cap_turn_cut	tool x	3ff0000000000000 0000000000000000 0000000000000000
cap_turn_cut	tool y	0000000000000000 3ff0000000000000 0000000000000000
cap_turn_common	obj n	0000000000000000 0000000000000000 3ff0000000000000
cap_turn_common	obj x	3ff0000000000000 0000000000000000 0000000000000000
cap_turn_common	obj y	0000000000000000 3ff0000000000000 0000000000000000
cap_turn_common	tool n	0000000000000000 0000000000000000 3ff0000000000000
cap_turn_common	tool x	3ff0000000000000 0000000000000000 0000000000000000
cap_turn_common	tool y	0000000000000000 3ff0000000000000 0000000000000000
