# case	row (S9f.2a, curved_boolean_reference.py with parallel walls: expect KIND S9f.2a, reason TEXT for a degenerate case, then result N volume area cx cy cz or empty)
bulge_disc_r125_fuse	expect solid S9f.2a
bulge_disc_r125_fuse	result 1 354.5638676058512950017812 329.1652987413017397031218 5.919749696037281598665146 2.896130548636194095493344 2.5
bulge_disc_r125_cut	expect solid S9f.2a
bulge_disc_r125_cut	result 1 305.0837833118120460026017 289.4923104668444973418961 5.095808119903164647485024 3.041469689916161860298318 2.5
bulge_disc_r125_common	expect solid S9f.2a
bulge_disc_r125_common	result 1 14.91621668818795399739832 41.03883544069231504684514 10.28086296643361356339698 2.151813750305117447096992 2.5
dome_stadium_tilt2_fuse	expect solid S9f.2a
dome_stadium_tilt2_fuse	result 1 29.19024491144327466923563 65.0402370483984820465123 2.0 2.075728383863220749340743 1.397803117318519680515169
dome_stadium_tilt2_cut	expect solid S9f.2a
dome_stadium_tilt2_cut	result 1 17.15732484556629912949547 69.27683607260042380254993 2.0 2.479503079804405762766197 2.027457987342188658408191
dome_stadium_tilt2_common	expect solid S9f.2a
dome_stadium_tilt2_common	result 1 9.509341821100366945052252 28.93696703266803845988916 2.0 1.527448181392602648907226 0.6044138639555481369945777
blob_ring_turn_fuse	expect solid S9f.2a
blob_ring_turn_fuse	result 1 303.1418494248604818631149 307.6666879579640816075849 4.709236336478948379057573 3.863081359721024717853076 2.5
blob_ring_turn_cut	expect solid S9f.2a
blob_ring_turn_cut	result 1 224.0052319297167072414905 294.4352254389347826644414 3.723314736983873172909321 4.079670877026888372858823 2.5
blob_ring_turn_common	expect solid S9f.2a
blob_ring_turn_common	result 1 37.24476807028329275850952 82.86808225845052931198194 5.664098065975437590362293 3.520826837939379807794541 2.5
lens_disc_flip_fuse	expect solid S9f.2a
lens_disc_flip_fuse	result 1 369.2424982053396852318136 410.5209407774544281782019 5.067630144067403950285852 5.046162049040094062504827 2.0
lens_disc_flip_cut	expect solid S9f.2a
lens_disc_flip_cut	result 1 339.7900670779353736212263 387.8668411487917007664652 4.943474735718905278206686 4.963484980816944347187257 2.0
lens_disc_flip_common	expect solid S9f.2a
lens_disc_flip_common	result 1 9.809932922064626378773679 32.34823468792219034497257 6.957885287724158905934098 6.264783451236002123440614 2.0
capsule_disc_turn_fuse	expect solid S9f.2a
capsule_disc_turn_fuse	result 1 20.39774817275478475465327 47.64944398571734919525686 1.236778795810604652348356 0.02054775789517483089413263 1.0
capsule_disc_turn_cut	expect solid S9f.2a
capsule_disc_turn_cut	result 1 18.63060230511052605801803 49.92922398808861351467191 1.425228309220961240484822 -0.0249291426629947549383064 1.0
capsule_disc_turn_common	expect solid S9f.2a
capsule_disc_turn_common	result 1 1.310990348479267180444615 6.822014690725237771095513 -0.6716028197413651620983749 0.354270299015068806670275 1.0
bulge_dome_turn_fuse	expect solid S9f.2a
bulge_dome_turn_fuse	result 1 354.3182198875556971068652 349.6991215206778919368783 5.961566401243532977751283 3.0 2.5
bulge_dome_turn_cut	expect solid S9f.2a
bulge_dome_turn_cut	result 1 316.9848865542223637735319 289.9411218617294306545401 5.28571444917600600299578 3.0 2.5
bulge_dome_turn_common	expect solid S9f.2a
bulge_dome_turn_common	result 1 3.015113445777636226468121 20.47146667269182481433655 10.78181818181818181818182 3.0 2.5
blob_lens_r125_fuse	expect solid S9f.2a
blob_lens_r125_fuse	result 1 281.2160263724919319024518 254.8148982133922733882051 4.333467649977769641433931 3.995088098067540353771203 2.5
blob_lens_r125_cut	expect solid S9f.2a
blob_lens_r125_cut	result 1 243.4160263724919277058088 248.5451844124600983067455 3.773051987817050662051144 3.988352649825589997241214 2.5
blob_lens_r125_common	expect solid S9f.2a
blob_lens_r125_common	result 1 17.83397362750807229419124 41.52126060786320909650153 7.097614949564577093333795 4.158974761118337893217928 2.5
wave_wave_flip_fuse	expect solid S9f.2a
wave_wave_flip_fuse	result 1 501.2132196773511798199172 466.0488775596514446202208 5.0 5.477191838802631127521862 2.5
wave_wave_flip_cut	expect solid S9f.2a
wave_wave_flip_cut	result 1 303.9632196773511798199172 315.5755505920364746611828 5.0 3.064239013211701434043081 2.5
wave_wave_flip_common	expect solid S9f.2a
wave_wave_flip_common	result 2 24.78678032264882018008281 65.03277104344817331225001 5.0 6.25 2.5
dome_dome_tilt2_fuse	expect solid S9f.2a
dome_dome_tilt2_fuse	result 1 61.47215039787274727453782 123.686793139087746817782 3.036100731244702764156053 1.039215359823915158196526 2.041927935546451823163333
dome_dome_tilt2_cut	expect solid S9f.2a
dome_dome_tilt2_cut	result 1 24.13881706453941477017101 61.1124955642868941432291 1.854646563160130285494974 2.182493150100037237765692 1.488130137424972283137097
dome_dome_tilt2_common	expect solid S9f.2a
dome_dome_tilt2_common	result 1 2.527849602127251304376711 16.63579735638626222053665 3.388001888493314737942688 1.734226501490582373361788 1.824330123882063338125783
hump_lens_turn_fuse	expect solid S9f.2a
hump_lens_turn_fuse	result 1 94.9932909150220504404787 133.8533385368806380739032 4.043580226231146721659765 1.93966099315823169718975 1.5
hump_lens_turn_cut	expect solid S9f.2a
hump_lens_turn_cut	result 1 31.9932909150220504404787 85.17064710036686122097232 4.129396788830310371078901 0.8362622360626904163146704 1.5
hump_lens_turn_common	expect solid S9f.2a
hump_lens_turn_common	result 1 25.6067090849779495595213 51.09884310044417005215338 4.088264793573498386534973 2.001985747146284069161053 1.5
capsule_capsule_turn_fuse	expect solid S9f.2a
capsule_capsule_turn_fuse	result 1 25.97811813392571900825934 63.70979177319093107494425 1.044758888284871785652054 0.3018434643086761561624602 1.0
capsule_capsule_turn_cut	expect solid S9f.2a
capsule_capsule_turn_cut	result 1 16.00732180713082238902802 53.92780135411009845345161 1.539806036051233420878593 -0.0005919270660482278033998147 1.0
capsule_capsule_turn_common	expect solid S9f.2a
capsule_capsule_turn_common	result 1 3.934270846458970849434628 15.59817149475803511736897 0.2603344580802567845173354 0.002408366734871052499450229 1.0
bulge_disc_offset_fuse	expect solid S9f.2a
bulge_disc_offset_fuse	result 1 337.3018218903039133018121 309.1942027095788667700561 6.658001219117229957359045 1.844897695174901782078595 0.7131146010164956393192128
bulge_disc_offset_cut	expect solid S9f.2a
bulge_disc_offset_cut	result 1 309.0274880079957747834646 299.3893907135849942042748 6.160087937973087609008915 1.931350693548002284342672 0.6960156037633734381777959
bulge_disc_offset_common	expect solid S9f.2a
bulge_disc_offset_common	result 1 10.97251199200421811110804 32.73559759010703830742673 11.33409548428355869241611 1.017045752011252195542285 0.8122156859915609026883457
bulge_dome_offset_fuse	expect solid S9f.2a
bulge_dome_offset_fuse	result 1 335.5934574844232498441496 316.5409897473180233650817 6.647713833631107594632558 1.904091384194456693829253 0.6853151317852479181966868
bulge_dome_offset_cut	expect solid S9f.2a
bulge_dome_offset_cut	result 1 314.2601241510899169845114 300.0636011214779791571897 6.243646963150632855818009 1.901653752399498337850541 0.7033258678276950653668016
bulge_dome_offset_common	expect solid S9f.2a
bulge_dome_offset_common	result 1 5.739875848910075910061207 23.88228415551651938252947 11.47598518480403968792895 1.809456502533905646489233 0.5179076230995709752684224
dome_disc_touch_fuse	expect degenerate S9f.2a
dome_disc_touch_fuse	reason a spline wall tangent to a cylinder along a generatrix
dome_disc_touch_fuse	result 2 114.6312609671808773436207 173.3428593467911719278799 2.0 3.255584099718100369915288 2.5
dome_disc_touch_common	expect degenerate S9f.2a
dome_disc_touch_common	reason a spline wall tangent to a cylinder along a generatrix
dome_disc_touch_common	empty
dome_flip_touch_fuse	expect degenerate S9f.2a
dome_flip_touch_fuse	reason two spline walls tangent along a generatrix
dome_flip_touch_fuse	result 2 42.66666666666666666666667 100.6595047747604512158263 2.0 1.7 2.5
dome_flip_touch_cut	expect degenerate S9f.2a
dome_flip_touch_cut	reason two spline walls tangent along a generatrix
dome_flip_touch_cut	result 1 26.66666666666666666666667 60.24552381755861534322479 2.0 0.8 2.5
