# case	frame (obj, tool, third) axis (n, x, y)	stored unit vector (stored_axes, as hex bits)
rollex_turned_fuse	obj n	0000000000000000 0000000000000000 3ff0000000000000
rollex_turned_fuse	obj x	3ff0000000000000 0000000000000000 0000000000000000
rollex_turned_fuse	obj y	0000000000000000 3ff0000000000000 0000000000000000
rollex_turned_fuse	tool n	0000000000000000 0000000000000000 3ff0000000000000
rollex_turned_fuse	tool x	3ff0000000000000 0000000000000000 0000000000000000
rollex_turned_fuse	tool y	0000000000000000 3ff0000000000000 0000000000000000
rollex_turned_fuse	third n	0000000000000000 0000000000000000 bff0000000000000
rollex_turned_fuse	third x	3ff0000000000000 0000000000000000 0000000000000000
rollex_turned_fuse	third y	0000000000000000 bff0000000000000 0000000000000000
rollex_turned_cut	obj n	0000000000000000 0000000000000000 3ff0000000000000
rollex_turned_cut	obj x	3ff0000000000000 0000000000000000 0000000000000000
rollex_turned_cut	obj y	0000000000000000 3ff0000000000000 0000000000000000
rollex_turned_cut	tool n	0000000000000000 0000000000000000 3ff0000000000000
rollex_turned_cut	tool x	3ff0000000000000 0000000000000000 0000000000000000
rollex_turned_cut	tool y	0000000000000000 3ff0000000000000 0000000000000000
rollex_turned_cut	third n	0000000000000000 0000000000000000 bff0000000000000
rollex_turned_cut	third x	3ff0000000000000 0000000000000000 0000000000000000
rollex_turned_cut	third y	0000000000000000 bff0000000000000 0000000000000000
rollex_turned_common	obj n	0000000000000000 0000000000000000 3ff0000000000000
rollex_turned_common	obj x	3ff0000000000000 0000000000000000 0000000000000000
rollex_turned_common	obj y	0000000000000000 3ff0000000000000 0000000000000000
rollex_turned_common	tool n	0000000000000000 0000000000000000 3ff0000000000000
rollex_turned_common	tool x	3ff0000000000000 0000000000000000 0000000000000000
rollex_turned_common	tool y	0000000000000000 3ff0000000000000 0000000000000000
rollex_turned_common	third n	0000000000000000 0000000000000000 bff0000000000000
rollex_turned_common	third x	3ff0000000000000 0000000000000000 0000000000000000
rollex_turned_common	third y	0000000000000000 bff0000000000000 0000000000000000
rollex_flat_fuse	obj n	0000000000000000 0000000000000000 3ff0000000000000
rollex_flat_fuse	obj x	3ff0000000000000 0000000000000000 0000000000000000
rollex_flat_fuse	obj y	0000000000000000 3ff0000000000000 0000000000000000
rollex_flat_fuse	tool n	0000000000000000 0000000000000000 3ff0000000000000
rollex_flat_fuse	tool x	3ff0000000000000 0000000000000000 0000000000000000
rollex_flat_fuse	tool y	0000000000000000 3ff0000000000000 0000000000000000
rollex_flat_fuse	third n	0000000000000000 0000000000000000 3ff0000000000000
rollex_flat_fuse	third x	3ff0000000000000 0000000000000000 0000000000000000
rollex_flat_fuse	third y	0000000000000000 3ff0000000000000 0000000000000000
rollex_flat_cut	obj n	0000000000000000 0000000000000000 3ff0000000000000
rollex_flat_cut	obj x	3ff0000000000000 0000000000000000 0000000000000000
rollex_flat_cut	obj y	0000000000000000 3ff0000000000000 0000000000000000
rollex_flat_cut	tool n	0000000000000000 0000000000000000 3ff0000000000000
rollex_flat_cut	tool x	3ff0000000000000 0000000000000000 0000000000000000
rollex_flat_cut	tool y	0000000000000000 3ff0000000000000 0000000000000000
rollex_flat_cut	third n	0000000000000000 0000000000000000 3ff0000000000000
rollex_flat_cut	third x	3ff0000000000000 0000000000000000 0000000000000000
rollex_flat_cut	third y	0000000000000000 3ff0000000000000 0000000000000000
rollex_flat_common	obj n	0000000000000000 0000000000000000 3ff0000000000000
rollex_flat_common	obj x	3ff0000000000000 0000000000000000 0000000000000000
rollex_flat_common	obj y	0000000000000000 3ff0000000000000 0000000000000000
rollex_flat_common	tool n	0000000000000000 0000000000000000 3ff0000000000000
rollex_flat_common	tool x	3ff0000000000000 0000000000000000 0000000000000000
rollex_flat_common	tool y	0000000000000000 3ff0000000000000 0000000000000000
rollex_flat_common	third n	0000000000000000 0000000000000000 3ff0000000000000
rollex_flat_common	third x	3ff0000000000000 0000000000000000 0000000000000000
rollex_flat_common	third y	0000000000000000 3ff0000000000000 0000000000000000
boss_bored_fuse	obj n	0000000000000000 0000000000000000 3ff0000000000000
boss_bored_fuse	obj x	3ff0000000000000 0000000000000000 0000000000000000
boss_bored_fuse	obj y	0000000000000000 3ff0000000000000 0000000000000000
boss_bored_fuse	tool n	0000000000000000 0000000000000000 3ff0000000000000
boss_bored_fuse	tool x	3ff0000000000000 0000000000000000 0000000000000000
boss_bored_fuse	tool y	0000000000000000 3ff0000000000000 0000000000000000
boss_bored_fuse	third n	0000000000000000 0000000000000000 3ff0000000000000
boss_bored_fuse	third x	3ff0000000000000 0000000000000000 0000000000000000
boss_bored_fuse	third y	0000000000000000 3ff0000000000000 0000000000000000
boss_bored_cut	obj n	0000000000000000 0000000000000000 3ff0000000000000
boss_bored_cut	obj x	3ff0000000000000 0000000000000000 0000000000000000
boss_bored_cut	obj y	0000000000000000 3ff0000000000000 0000000000000000
boss_bored_cut	tool n	0000000000000000 0000000000000000 3ff0000000000000
boss_bored_cut	tool x	3ff0000000000000 0000000000000000 0000000000000000
boss_bored_cut	tool y	0000000000000000 3ff0000000000000 0000000000000000
boss_bored_cut	third n	0000000000000000 0000000000000000 3ff0000000000000
boss_bored_cut	third x	3ff0000000000000 0000000000000000 0000000000000000
boss_bored_cut	third y	0000000000000000 3ff0000000000000 0000000000000000
boss_bored_common	obj n	0000000000000000 0000000000000000 3ff0000000000000
boss_bored_common	obj x	3ff0000000000000 0000000000000000 0000000000000000
boss_bored_common	obj y	0000000000000000 3ff0000000000000 0000000000000000
boss_bored_common	tool n	0000000000000000 0000000000000000 3ff0000000000000
boss_bored_common	tool x	3ff0000000000000 0000000000000000 0000000000000000
boss_bored_common	tool y	0000000000000000 3ff0000000000000 0000000000000000
boss_bored_common	third n	0000000000000000 0000000000000000 3ff0000000000000
boss_bored_common	third x	3ff0000000000000 0000000000000000 0000000000000000
boss_bored_common	third y	0000000000000000 3ff0000000000000 0000000000000000
boss_sliced_fuse	obj n	0000000000000000 0000000000000000 3ff0000000000000
boss_sliced_fuse	obj x	3ff0000000000000 0000000000000000 0000000000000000
boss_sliced_fuse	obj y	0000000000000000 3ff0000000000000 0000000000000000
boss_sliced_fuse	tool n	0000000000000000 0000000000000000 3ff0000000000000
boss_sliced_fuse	tool x	3ff0000000000000 0000000000000000 0000000000000000
boss_sliced_fuse	tool y	0000000000000000 3ff0000000000000 0000000000000000
boss_sliced_fuse	third n	0000000000000000 3fe3333333333333 3fe999999999999a
boss_sliced_fuse	third x	3ff0000000000000 8000000000000000 0000000000000000
boss_sliced_fuse	third y	0000000000000000 3fe999999999999a bfe3333333333332
boss_sliced_cut	obj n	0000000000000000 0000000000000000 3ff0000000000000
boss_sliced_cut	obj x	3ff0000000000000 0000000000000000 0000000000000000
boss_sliced_cut	obj y	0000000000000000 3ff0000000000000 0000000000000000
boss_sliced_cut	tool n	0000000000000000 0000000000000000 3ff0000000000000
boss_sliced_cut	tool x	3ff0000000000000 0000000000000000 0000000000000000
boss_sliced_cut	tool y	0000000000000000 3ff0000000000000 0000000000000000
boss_sliced_cut	third n	0000000000000000 3fe3333333333333 3fe999999999999a
boss_sliced_cut	third x	3ff0000000000000 8000000000000000 0000000000000000
boss_sliced_cut	third y	0000000000000000 3fe999999999999a bfe3333333333332
boss_sliced_common	obj n	0000000000000000 0000000000000000 3ff0000000000000
boss_sliced_common	obj x	3ff0000000000000 0000000000000000 0000000000000000
boss_sliced_common	obj y	0000000000000000 3ff0000000000000 0000000000000000
boss_sliced_common	tool n	0000000000000000 0000000000000000 3ff0000000000000
boss_sliced_common	tool x	3ff0000000000000 0000000000000000 0000000000000000
boss_sliced_common	tool y	0000000000000000 3ff0000000000000 0000000000000000
boss_sliced_common	third n	0000000000000000 3fe3333333333333 3fe999999999999a
boss_sliced_common	third x	3ff0000000000000 8000000000000000 0000000000000000
boss_sliced_common	third y	0000000000000000 3fe999999999999a bfe3333333333332
boss_tool_fuse	obj n	0000000000000000 0000000000000000 3ff0000000000000
boss_tool_fuse	obj x	3ff0000000000000 0000000000000000 0000000000000000
boss_tool_fuse	obj y	0000000000000000 3ff0000000000000 0000000000000000
boss_tool_fuse	tool n	0000000000000000 0000000000000000 3ff0000000000000
boss_tool_fuse	tool x	3ff0000000000000 0000000000000000 0000000000000000
boss_tool_fuse	tool y	0000000000000000 3ff0000000000000 0000000000000000
boss_tool_fuse	third n	0000000000000000 3fe3333333333333 3fe999999999999a
boss_tool_fuse	third x	3ff0000000000000 8000000000000000 0000000000000000
boss_tool_fuse	third y	0000000000000000 3fe999999999999a bfe3333333333332
boss_tool_cut	obj n	0000000000000000 0000000000000000 3ff0000000000000
boss_tool_cut	obj x	3ff0000000000000 0000000000000000 0000000000000000
boss_tool_cut	obj y	0000000000000000 3ff0000000000000 0000000000000000
boss_tool_cut	tool n	0000000000000000 0000000000000000 3ff0000000000000
boss_tool_cut	tool x	3ff0000000000000 0000000000000000 0000000000000000
boss_tool_cut	tool y	0000000000000000 3ff0000000000000 0000000000000000
boss_tool_cut	third n	0000000000000000 3fe3333333333333 3fe999999999999a
boss_tool_cut	third x	3ff0000000000000 8000000000000000 0000000000000000
boss_tool_cut	third y	0000000000000000 3fe999999999999a bfe3333333333332
boss_tool_common	obj n	0000000000000000 0000000000000000 3ff0000000000000
boss_tool_common	obj x	3ff0000000000000 0000000000000000 0000000000000000
boss_tool_common	obj y	0000000000000000 3ff0000000000000 0000000000000000
boss_tool_common	tool n	0000000000000000 0000000000000000 3ff0000000000000
boss_tool_common	tool x	3ff0000000000000 0000000000000000 0000000000000000
boss_tool_common	tool y	0000000000000000 3ff0000000000000 0000000000000000
boss_tool_common	third n	0000000000000000 3fe3333333333333 3fe999999999999a
boss_tool_common	third x	3ff0000000000000 8000000000000000 0000000000000000
boss_tool_common	third y	0000000000000000 3fe999999999999a bfe3333333333332
turned_bored_fuse	obj n	0000000000000000 0000000000000000 3ff0000000000000
turned_bored_fuse	obj x	3ff0000000000000 0000000000000000 0000000000000000
turned_bored_fuse	obj y	0000000000000000 3ff0000000000000 0000000000000000
turned_bored_fuse	tool n	0000000000000000 0000000000000000 3ff0000000000000
turned_bored_fuse	tool x	3fed89d89d89d89e 3fd89d89d89d89d9 8000000000000000
turned_bored_fuse	tool y	bfd89d89d89d89d9 3fed89d89d89d89e 0000000000000000
turned_bored_fuse	third n	0000000000000000 0000000000000000 3ff0000000000000
turned_bored_fuse	third x	3ff0000000000000 0000000000000000 0000000000000000
turned_bored_fuse	third y	0000000000000000 3ff0000000000000 0000000000000000
turned_bored_cut	obj n	0000000000000000 0000000000000000 3ff0000000000000
turned_bored_cut	obj x	3ff0000000000000 0000000000000000 0000000000000000
turned_bored_cut	obj y	0000000000000000 3ff0000000000000 0000000000000000
turned_bored_cut	tool n	0000000000000000 0000000000000000 3ff0000000000000
turned_bored_cut	tool x	3fed89d89d89d89e 3fd89d89d89d89d9 8000000000000000
turned_bored_cut	tool y	bfd89d89d89d89d9 3fed89d89d89d89e 0000000000000000
turned_bored_cut	third n	0000000000000000 0000000000000000 3ff0000000000000
turned_bored_cut	third x	3ff0000000000000 0000000000000000 0000000000000000
turned_bored_cut	third y	0000000000000000 3ff0000000000000 0000000000000000
turned_bored_common	obj n	0000000000000000 0000000000000000 3ff0000000000000
turned_bored_common	obj x	3ff0000000000000 0000000000000000 0000000000000000
turned_bored_common	obj y	0000000000000000 3ff0000000000000 0000000000000000
turned_bored_common	tool n	0000000000000000 0000000000000000 3ff0000000000000
turned_bored_common	tool x	3fed89d89d89d89e 3fd89d89d89d89d9 8000000000000000
turned_bored_common	tool y	bfd89d89d89d89d9 3fed89d89d89d89e 0000000000000000
turned_bored_common	third n	0000000000000000 0000000000000000 3ff0000000000000
turned_bored_common	third x	3ff0000000000000 0000000000000000 0000000000000000
turned_bored_common	third y	0000000000000000 3ff0000000000000 0000000000000000
slanted_bored_fuse	obj n	0000000000000000 0000000000000000 3ff0000000000000
slanted_bored_fuse	obj x	3ff0000000000000 0000000000000000 0000000000000000
slanted_bored_fuse	obj y	0000000000000000 3ff0000000000000 0000000000000000
slanted_bored_fuse	tool n	0000000000000000 3fe3333333333333 3fe999999999999a
slanted_bored_fuse	tool x	3ff0000000000000 8000000000000000 0000000000000000
slanted_bored_fuse	tool y	0000000000000000 3fe999999999999a bfe3333333333332
slanted_bored_fuse	third n	0000000000000000 0000000000000000 3ff0000000000000
slanted_bored_fuse	third x	3ff0000000000000 0000000000000000 0000000000000000
slanted_bored_fuse	third y	0000000000000000 3ff0000000000000 0000000000000000
slanted_bored_cut	obj n	0000000000000000 0000000000000000 3ff0000000000000
slanted_bored_cut	obj x	3ff0000000000000 0000000000000000 0000000000000000
slanted_bored_cut	obj y	0000000000000000 3ff0000000000000 0000000000000000
slanted_bored_cut	tool n	0000000000000000 3fe3333333333333 3fe999999999999a
slanted_bored_cut	tool x	3ff0000000000000 8000000000000000 0000000000000000
slanted_bored_cut	tool y	0000000000000000 3fe999999999999a bfe3333333333332
slanted_bored_cut	third n	0000000000000000 0000000000000000 3ff0000000000000
slanted_bored_cut	third x	3ff0000000000000 0000000000000000 0000000000000000
slanted_bored_cut	third y	0000000000000000 3ff0000000000000 0000000000000000
slanted_bored_common	obj n	0000000000000000 0000000000000000 3ff0000000000000
slanted_bored_common	obj x	3ff0000000000000 0000000000000000 0000000000000000
slanted_bored_common	obj y	0000000000000000 3ff0000000000000 0000000000000000
slanted_bored_common	tool n	0000000000000000 3fe3333333333333 3fe999999999999a
slanted_bored_common	tool x	3ff0000000000000 8000000000000000 0000000000000000
slanted_bored_common	tool y	0000000000000000 3fe999999999999a bfe3333333333332
slanted_bored_common	third n	0000000000000000 0000000000000000 3ff0000000000000
slanted_bored_common	third x	3ff0000000000000 0000000000000000 0000000000000000
slanted_bored_common	third y	0000000000000000 3ff0000000000000 0000000000000000
severed_drilled_fuse	obj n	0000000000000000 0000000000000000 3ff0000000000000
severed_drilled_fuse	obj x	3ff0000000000000 0000000000000000 0000000000000000
severed_drilled_fuse	obj y	0000000000000000 3ff0000000000000 0000000000000000
severed_drilled_fuse	tool n	3ff0000000000000 0000000000000000 0000000000000000
severed_drilled_fuse	tool x	0000000000000000 3ff0000000000000 0000000000000000
severed_drilled_fuse	tool y	0000000000000000 0000000000000000 3ff0000000000000
severed_drilled_fuse	third n	0000000000000000 0000000000000000 3ff0000000000000
severed_drilled_fuse	third x	3ff0000000000000 0000000000000000 0000000000000000
severed_drilled_fuse	third y	0000000000000000 3ff0000000000000 0000000000000000
severed_drilled_cut	obj n	0000000000000000 0000000000000000 3ff0000000000000
severed_drilled_cut	obj x	3ff0000000000000 0000000000000000 0000000000000000
severed_drilled_cut	obj y	0000000000000000 3ff0000000000000 0000000000000000
severed_drilled_cut	tool n	3ff0000000000000 0000000000000000 0000000000000000
severed_drilled_cut	tool x	0000000000000000 3ff0000000000000 0000000000000000
severed_drilled_cut	tool y	0000000000000000 0000000000000000 3ff0000000000000
severed_drilled_cut	third n	0000000000000000 0000000000000000 3ff0000000000000
severed_drilled_cut	third x	3ff0000000000000 0000000000000000 0000000000000000
severed_drilled_cut	third y	0000000000000000 3ff0000000000000 0000000000000000
severed_drilled_common	obj n	0000000000000000 0000000000000000 3ff0000000000000
severed_drilled_common	obj x	3ff0000000000000 0000000000000000 0000000000000000
severed_drilled_common	obj y	0000000000000000 3ff0000000000000 0000000000000000
severed_drilled_common	tool n	3ff0000000000000 0000000000000000 0000000000000000
severed_drilled_common	tool x	0000000000000000 3ff0000000000000 0000000000000000
severed_drilled_common	tool y	0000000000000000 0000000000000000 3ff0000000000000
severed_drilled_common	third n	0000000000000000 0000000000000000 3ff0000000000000
severed_drilled_common	third x	3ff0000000000000 0000000000000000 0000000000000000
severed_drilled_common	third y	0000000000000000 3ff0000000000000 0000000000000000
severed_tool_fuse	obj n	0000000000000000 0000000000000000 3ff0000000000000
severed_tool_fuse	obj x	3ff0000000000000 0000000000000000 0000000000000000
severed_tool_fuse	obj y	0000000000000000 3ff0000000000000 0000000000000000
severed_tool_fuse	tool n	3ff0000000000000 0000000000000000 0000000000000000
severed_tool_fuse	tool x	0000000000000000 3ff0000000000000 0000000000000000
severed_tool_fuse	tool y	0000000000000000 0000000000000000 3ff0000000000000
severed_tool_fuse	third n	0000000000000000 0000000000000000 3ff0000000000000
severed_tool_fuse	third x	3ff0000000000000 0000000000000000 0000000000000000
severed_tool_fuse	third y	0000000000000000 3ff0000000000000 0000000000000000
severed_tool_cut	obj n	0000000000000000 0000000000000000 3ff0000000000000
severed_tool_cut	obj x	3ff0000000000000 0000000000000000 0000000000000000
severed_tool_cut	obj y	0000000000000000 3ff0000000000000 0000000000000000
severed_tool_cut	tool n	3ff0000000000000 0000000000000000 0000000000000000
severed_tool_cut	tool x	0000000000000000 3ff0000000000000 0000000000000000
severed_tool_cut	tool y	0000000000000000 0000000000000000 3ff0000000000000
severed_tool_cut	third n	0000000000000000 0000000000000000 3ff0000000000000
severed_tool_cut	third x	3ff0000000000000 0000000000000000 0000000000000000
severed_tool_cut	third y	0000000000000000 3ff0000000000000 0000000000000000
severed_tool_common	obj n	0000000000000000 0000000000000000 3ff0000000000000
severed_tool_common	obj x	3ff0000000000000 0000000000000000 0000000000000000
severed_tool_common	obj y	0000000000000000 3ff0000000000000 0000000000000000
severed_tool_common	tool n	3ff0000000000000 0000000000000000 0000000000000000
severed_tool_common	tool x	0000000000000000 3ff0000000000000 0000000000000000
severed_tool_common	tool y	0000000000000000 0000000000000000 3ff0000000000000
severed_tool_common	third n	0000000000000000 0000000000000000 3ff0000000000000
severed_tool_common	third x	3ff0000000000000 0000000000000000 0000000000000000
severed_tool_common	third y	0000000000000000 3ff0000000000000 0000000000000000
split_bored_fuse	obj n	0000000000000000 0000000000000000 3ff0000000000000
split_bored_fuse	obj x	3ff0000000000000 0000000000000000 0000000000000000
split_bored_fuse	obj y	0000000000000000 3ff0000000000000 0000000000000000
split_bored_fuse	tool n	0000000000000000 3fe3333333333333 3fe999999999999a
split_bored_fuse	tool x	3ff0000000000000 8000000000000000 0000000000000000
split_bored_fuse	tool y	0000000000000000 3fe999999999999a bfe3333333333332
split_bored_fuse	third n	0000000000000000 0000000000000000 3ff0000000000000
split_bored_fuse	third x	3ff0000000000000 0000000000000000 0000000000000000
split_bored_fuse	third y	0000000000000000 3ff0000000000000 0000000000000000
split_bored_cut	obj n	0000000000000000 0000000000000000 3ff0000000000000
split_bored_cut	obj x	3ff0000000000000 0000000000000000 0000000000000000
split_bored_cut	obj y	0000000000000000 3ff0000000000000 0000000000000000
split_bored_cut	tool n	0000000000000000 3fe3333333333333 3fe999999999999a
split_bored_cut	tool x	3ff0000000000000 8000000000000000 0000000000000000
split_bored_cut	tool y	0000000000000000 3fe999999999999a bfe3333333333332
split_bored_cut	third n	0000000000000000 0000000000000000 3ff0000000000000
split_bored_cut	third x	3ff0000000000000 0000000000000000 0000000000000000
split_bored_cut	third y	0000000000000000 3ff0000000000000 0000000000000000
split_bored_common	obj n	0000000000000000 0000000000000000 3ff0000000000000
split_bored_common	obj x	3ff0000000000000 0000000000000000 0000000000000000
split_bored_common	obj y	0000000000000000 3ff0000000000000 0000000000000000
split_bored_common	tool n	0000000000000000 3fe3333333333333 3fe999999999999a
split_bored_common	tool x	3ff0000000000000 8000000000000000 0000000000000000
split_bored_common	tool y	0000000000000000 3fe999999999999a bfe3333333333332
split_bored_common	third n	0000000000000000 0000000000000000 3ff0000000000000
split_bored_common	third x	3ff0000000000000 0000000000000000 0000000000000000
split_bored_common	third y	0000000000000000 3ff0000000000000 0000000000000000
rollex_tangent_fuse	obj n	0000000000000000 0000000000000000 3ff0000000000000
rollex_tangent_fuse	obj x	3ff0000000000000 0000000000000000 0000000000000000
rollex_tangent_fuse	obj y	0000000000000000 3ff0000000000000 0000000000000000
rollex_tangent_fuse	tool n	0000000000000000 0000000000000000 3ff0000000000000
rollex_tangent_fuse	tool x	3ff0000000000000 0000000000000000 0000000000000000
rollex_tangent_fuse	tool y	0000000000000000 3ff0000000000000 0000000000000000
rollex_tangent_fuse	third n	0000000000000000 0000000000000000 3ff0000000000000
rollex_tangent_fuse	third x	3ff0000000000000 0000000000000000 0000000000000000
rollex_tangent_fuse	third y	0000000000000000 3ff0000000000000 0000000000000000
rollex_tangent_cut	obj n	0000000000000000 0000000000000000 3ff0000000000000
rollex_tangent_cut	obj x	3ff0000000000000 0000000000000000 0000000000000000
rollex_tangent_cut	obj y	0000000000000000 3ff0000000000000 0000000000000000
rollex_tangent_cut	tool n	0000000000000000 0000000000000000 3ff0000000000000
rollex_tangent_cut	tool x	3ff0000000000000 0000000000000000 0000000000000000
rollex_tangent_cut	tool y	0000000000000000 3ff0000000000000 0000000000000000
rollex_tangent_cut	third n	0000000000000000 0000000000000000 3ff0000000000000
rollex_tangent_cut	third x	3ff0000000000000 0000000000000000 0000000000000000
rollex_tangent_cut	third y	0000000000000000 3ff0000000000000 0000000000000000
rollex_tangent_common	obj n	0000000000000000 0000000000000000 3ff0000000000000
rollex_tangent_common	obj x	3ff0000000000000 0000000000000000 0000000000000000
rollex_tangent_common	obj y	0000000000000000 3ff0000000000000 0000000000000000
rollex_tangent_common	tool n	0000000000000000 0000000000000000 3ff0000000000000
rollex_tangent_common	tool x	3ff0000000000000 0000000000000000 0000000000000000
rollex_tangent_common	tool y	0000000000000000 3ff0000000000000 0000000000000000
rollex_tangent_common	third n	0000000000000000 0000000000000000 3ff0000000000000
rollex_tangent_common	third x	3ff0000000000000 0000000000000000 0000000000000000
rollex_tangent_common	third y	0000000000000000 3ff0000000000000 0000000000000000
severed_tangent_fuse	obj n	0000000000000000 0000000000000000 3ff0000000000000
severed_tangent_fuse	obj x	3ff0000000000000 0000000000000000 0000000000000000
severed_tangent_fuse	obj y	0000000000000000 3ff0000000000000 0000000000000000
severed_tangent_fuse	tool n	3ff0000000000000 0000000000000000 0000000000000000
severed_tangent_fuse	tool x	0000000000000000 3ff0000000000000 0000000000000000
severed_tangent_fuse	tool y	0000000000000000 0000000000000000 3ff0000000000000
severed_tangent_fuse	third n	0000000000000000 0000000000000000 3ff0000000000000
severed_tangent_fuse	third x	3ff0000000000000 0000000000000000 0000000000000000
severed_tangent_fuse	third y	0000000000000000 3ff0000000000000 0000000000000000
severed_tangent_cut	obj n	0000000000000000 0000000000000000 3ff0000000000000
severed_tangent_cut	obj x	3ff0000000000000 0000000000000000 0000000000000000
severed_tangent_cut	obj y	0000000000000000 3ff0000000000000 0000000000000000
severed_tangent_cut	tool n	3ff0000000000000 0000000000000000 0000000000000000
severed_tangent_cut	tool x	0000000000000000 3ff0000000000000 0000000000000000
severed_tangent_cut	tool y	0000000000000000 0000000000000000 3ff0000000000000
severed_tangent_cut	third n	0000000000000000 0000000000000000 3ff0000000000000
severed_tangent_cut	third x	3ff0000000000000 0000000000000000 0000000000000000
severed_tangent_cut	third y	0000000000000000 3ff0000000000000 0000000000000000
severed_tangent_common	obj n	0000000000000000 0000000000000000 3ff0000000000000
severed_tangent_common	obj x	3ff0000000000000 0000000000000000 0000000000000000
severed_tangent_common	obj y	0000000000000000 3ff0000000000000 0000000000000000
severed_tangent_common	tool n	3ff0000000000000 0000000000000000 0000000000000000
severed_tangent_common	tool x	0000000000000000 3ff0000000000000 0000000000000000
severed_tangent_common	tool y	0000000000000000 0000000000000000 3ff0000000000000
severed_tangent_common	third n	0000000000000000 0000000000000000 3ff0000000000000
severed_tangent_common	third x	3ff0000000000000 0000000000000000 0000000000000000
severed_tangent_common	third y	0000000000000000 3ff0000000000000 0000000000000000
