# case	row (S9e.4b.4b.2a; chained_curved_boolean_reference.py: expect KIND S9e.4b.4b.2a CLASS, reason TEXT for a degenerate or unsupported case, then result N volume area cx cy cz or empty)
boss_pocket_fuse	expect solid S9e.4b.4b.2a both
boss_pocket_fuse	result 1 230.4046279642229377110045 308.1283464495368764735266 3.472838356222619694168412 3.637976603576690080645587 4.458768052437201640860153
boss_pocket_cut	expect solid S9e.4b.4b.2a both
boss_pocket_cut	result 1 88.30654979219221530845944 189.9073455336389070487027 4.020853545311656921879754 2.010334935034602696438894 7.751723651687015315115908
boss_pocket_common	expect solid S9e.4b.4b.2a both
boss_pocket_common	result 1 25.68957394138235720807258 60.27967528677808339549589 3.579147755995313820535729 3.834028439541815969651807 6.023667028345072671301879
chain_dimple_fuse	expect solid S9e.4b.4b.2a chain
chain_dimple_fuse	result 1 486.6049813380858500304974 720.6062462898044954514992 4.292386279987599332080799 4.460286059193290624153985 1.834256622191844288184929
chain_dimple_cut	expect solid S9e.4b.4b.2a chain
chain_dimple_cut	result 2 166.6049813380858571359247 290.3277053142529894479364 4.373798069041538910762499 4.047882657408326931771774 1.467893741512138102739203
chain_dimple_common	expect solid S9e.4b.4b.2a chain
chain_dimple_common	result 1 48.22690894213213012483249 139.592252611549586800308 4.306872527203186147787814 5.399104018495200530194276 1.465120577909022906137157
bore_rod_fuse	expect solid S9e.4b.4b.2a pieces
bore_rod_fuse	result 1 418.2027021501919458835002 448.6476369577138323877751 5.565301134234931034618758 6.470163831290164063567242 3.522442063890142444150177
bore_rod_cut	expect solid S9e.4b.4b.2a pieces
bore_rod_cut	result 1 380.5035903071144278590369 447.0113195158163308573993 5.398386412323578624263444 6.566284645163159044886336 3.499896331595576475665804
bore_rod_common	expect solid S9e.4b.4b.2a pieces
bore_rod_common	result 1 21.27738214384729678519802 54.25057165626452302943826 7.317156578448985359999677 5.314631175193309869914659 3.501853902882313342600255
boss_box_fuse	expect solid S9e.4b.4b.2a pieces
boss_box_fuse	result 1 139.5623556689058639277197 205.1470764847459047202347 4.393579709318825272858316 2.284746264677694963358026 7.509602579394502500379839
boss_box_cut	expect solid S9e.4b.4b.2a pieces
boss_box_cut	result 1 94.56235566890586492692046 192.4018440089706273361648 3.721653628044754255198534 2.584163318220983285610042 7.325143512106450713408557
boss_box_common	expect solid S9e.4b.4b.2a pieces
boss_box_common	result 1 19.43376806466870758961157 49.60070312294788527645945 4.892831403714182087297653 1.628903268840982600742745 7.543086010935248997595635
dimple_ball_fuse	expect solid S9e.4b.4b.2a pieces
dimple_ball_fuse	result 1 242.3409314600686742905943 271.9725617341953565149638 4.593242957601182314527762 4.515540492933530385754627 1.608725559596017086292021
dimple_ball_cut	expect solid S9e.4b.4b.2a pieces
dimple_ball_cut	result 1 219.8916339562916101074134 259.947043537899052619656 4.449623544747021811077758 4.491603924124503635179626 1.441163667699310856802052
dimple_ball_common	expect solid S9e.4b.4b.2a pieces
dimple_ball_common	result 1 6.000693804008023404135957 22.48539399766526866391906 6.346013381170110487022499 4.807668896861685081170416 2.347174639743140166920517
pocket_rod_fuse	expect solid S9e.4b.4b.2a pieces
pocket_rod_fuse	result 1 144.6108899355279084052947 193.6052665510592586584052 3.119318305191108851491588 4.65630083185374160560325 2.414489217066025381283007
pocket_rod_cut	expect solid S9e.4b.4b.2a pieces
pocket_rod_cut	result 1 134.0080147296623564609144 203.661227325264958735411 3.170517325098720736917599 4.633502562870877225335175 2.41871255697078523336844
pocket_rod_common	expect solid S9e.4b.4b.2a pieces
pocket_rod_common	result 1 8.090063442368365941630669 28.36360119515856629744247 2.498817639776458264294524 4.91398175528411992534941 2.307269386594338635208315
dome_box_fuse	expect solid S9e.4b.4b.2a pieces
dome_box_fuse	result 1 271.3937054707352540113572 282.4073658090526215945662 6.390547481734167480494198 -4.862741023854438215851719 1.971841833475965743097211
dome_box_cut	expect solid S9e.4b.4b.2a pieces
dome_box_cut	result 1 28.09171842179218281985583 83.98797023283644450224878 7.987086326137831544481899 -5.459930444168076056530896 4.015602577935239439267618
dome_box_common	expect solid S9e.4b.4b.2a pieces
dome_box_common	result 1 52.90828157820781538158287 103.4930707333202619653812 5.710429651149965845163758 -4.870620698178206166416274 3.073145039618731979272836
bore_touch_fuse	expect degenerate S9e.4b.4b.2a pieces
bore_touch_fuse	reason a tangency between the inputs (S9c)
bore_touch_fuse	result 1 413.5918214018807169261114 438.2726385870305250846382 5.5 6.5 3.58081454942951989747479
bore_touch_cut	expect degenerate S9e.4b.4b.2a pieces
bore_touch_cut	reason a tangency between the inputs (S9c)
bore_touch_cut	result 1 379.0343022123929913030223 438.2726385870305250846382 5.5 6.5 3.360251272852581534288248
bore_touch_common	expect degenerate S9e.4b.4b.2a pieces
bore_touch_common	reason a tangency between the inputs (S9c)
bore_touch_common	result 1 22.74667023856873334121261 58.34238471976824413467932 5.5 6.5 5.82867319584990878854129
