# case	frame (solid k) axis (n, x, y)	stored unit vector (stored_axes, as hex bits; the solids the kernel builds from rows, not the imported ones)
well_rod_fuse	solid1 n	0000000000000000 0000000000000000 3ff0000000000000
well_rod_fuse	solid1 x	3fed89d89d89d89e 3fd89d89d89d89d9 8000000000000000
well_rod_fuse	solid1 y	bfd89d89d89d89d9 3fed89d89d89d89e 0000000000000000
well_rod_cut	solid1 n	0000000000000000 0000000000000000 3ff0000000000000
well_rod_cut	solid1 x	3fed89d89d89d89e 3fd89d89d89d89d9 8000000000000000
well_rod_cut	solid1 y	bfd89d89d89d89d9 3fed89d89d89d89e 0000000000000000
well_rod_common	solid1 n	0000000000000000 0000000000000000 3ff0000000000000
well_rod_common	solid1 x	3fed89d89d89d89e 3fd89d89d89d89d9 8000000000000000
well_rod_common	solid1 y	bfd89d89d89d89d9 3fed89d89d89d89e 0000000000000000
chain_post_fuse	solid1 n	0000000000000000 0000000000000000 3ff0000000000000
chain_post_fuse	solid1 x	3fde1e1e1e1e1e1e 3fec3c3c3c3c3c3c 8000000000000000
chain_post_fuse	solid1 y	bfec3c3c3c3c3c3c 3fde1e1e1e1e1e1e 0000000000000000
chain_post_fuse	solid2 n	0000000000000000 0000000000000000 3ff0000000000000
chain_post_fuse	solid2 x	3fde1e1e1e1e1e1e 3fec3c3c3c3c3c3c 8000000000000000
chain_post_fuse	solid2 y	bfec3c3c3c3c3c3c 3fde1e1e1e1e1e1e 0000000000000000
chain_post_cut	solid1 n	0000000000000000 0000000000000000 3ff0000000000000
chain_post_cut	solid1 x	3fde1e1e1e1e1e1e 3fec3c3c3c3c3c3c 8000000000000000
chain_post_cut	solid1 y	bfec3c3c3c3c3c3c 3fde1e1e1e1e1e1e 0000000000000000
chain_post_cut	solid2 n	0000000000000000 0000000000000000 3ff0000000000000
chain_post_cut	solid2 x	3fde1e1e1e1e1e1e 3fec3c3c3c3c3c3c 8000000000000000
chain_post_cut	solid2 y	bfec3c3c3c3c3c3c 3fde1e1e1e1e1e1e 0000000000000000
chain_post_common	solid1 n	0000000000000000 0000000000000000 3ff0000000000000
chain_post_common	solid1 x	3fde1e1e1e1e1e1e 3fec3c3c3c3c3c3c 8000000000000000
chain_post_common	solid1 y	bfec3c3c3c3c3c3c 3fde1e1e1e1e1e1e 0000000000000000
chain_post_common	solid2 n	0000000000000000 0000000000000000 3ff0000000000000
chain_post_common	solid2 x	3fde1e1e1e1e1e1e 3fec3c3c3c3c3c3c 8000000000000000
chain_post_common	solid2 y	bfec3c3c3c3c3c3c 3fde1e1e1e1e1e1e 0000000000000000
rod_post_fuse	solid0 n	0000000000000000 0000000000000000 3ff0000000000000
rod_post_fuse	solid0 x	3fde1e1e1e1e1e1e 3fec3c3c3c3c3c3c 8000000000000000
rod_post_fuse	solid0 y	bfec3c3c3c3c3c3c 3fde1e1e1e1e1e1e 0000000000000000
rod_post_cut	solid0 n	0000000000000000 0000000000000000 3ff0000000000000
rod_post_cut	solid0 x	3fde1e1e1e1e1e1e 3fec3c3c3c3c3c3c 8000000000000000
rod_post_cut	solid0 y	bfec3c3c3c3c3c3c 3fde1e1e1e1e1e1e 0000000000000000
rod_post_common	solid0 n	0000000000000000 0000000000000000 3ff0000000000000
rod_post_common	solid0 x	3fde1e1e1e1e1e1e 3fec3c3c3c3c3c3c 8000000000000000
rod_post_common	solid0 y	bfec3c3c3c3c3c3c 3fde1e1e1e1e1e1e 0000000000000000
post_rod_fuse	solid1 n	0000000000000000 0000000000000000 3ff0000000000000
post_rod_fuse	solid1 x	3fde1e1e1e1e1e1e 3fec3c3c3c3c3c3c 8000000000000000
post_rod_fuse	solid1 y	bfec3c3c3c3c3c3c 3fde1e1e1e1e1e1e 0000000000000000
post_rod_cut	solid1 n	0000000000000000 0000000000000000 3ff0000000000000
post_rod_cut	solid1 x	3fde1e1e1e1e1e1e 3fec3c3c3c3c3c3c 8000000000000000
post_rod_cut	solid1 y	bfec3c3c3c3c3c3c 3fde1e1e1e1e1e1e 0000000000000000
post_rod_common	solid1 n	0000000000000000 0000000000000000 3ff0000000000000
post_rod_common	solid1 x	3fde1e1e1e1e1e1e 3fec3c3c3c3c3c3c 8000000000000000
post_rod_common	solid1 y	bfec3c3c3c3c3c3c 3fde1e1e1e1e1e1e 0000000000000000
tooth_pin_fuse	solid1 n	0000000000000000 0000000000000000 3ff0000000000000
tooth_pin_fuse	solid1 x	3ff0000000000000 0000000000000000 0000000000000000
tooth_pin_fuse	solid1 y	0000000000000000 3ff0000000000000 0000000000000000
tooth_pin_cut	solid1 n	0000000000000000 0000000000000000 3ff0000000000000
tooth_pin_cut	solid1 x	3ff0000000000000 0000000000000000 0000000000000000
tooth_pin_cut	solid1 y	0000000000000000 3ff0000000000000 0000000000000000
tooth_pin_common	solid1 n	0000000000000000 0000000000000000 3ff0000000000000
tooth_pin_common	solid1 x	3ff0000000000000 0000000000000000 0000000000000000
tooth_pin_common	solid1 y	0000000000000000 3ff0000000000000 0000000000000000
post_touch_fuse	solid1 n	0000000000000000 0000000000000000 3ff0000000000000
post_touch_fuse	solid1 x	3ff0000000000000 0000000000000000 0000000000000000
post_touch_fuse	solid1 y	0000000000000000 3ff0000000000000 0000000000000000
post_touch_cut	solid1 n	0000000000000000 0000000000000000 3ff0000000000000
post_touch_cut	solid1 x	3ff0000000000000 0000000000000000 0000000000000000
post_touch_cut	solid1 y	0000000000000000 3ff0000000000000 0000000000000000
post_touch_common	solid1 n	0000000000000000 0000000000000000 3ff0000000000000
post_touch_common	solid1 x	3ff0000000000000 0000000000000000 0000000000000000
post_touch_common	solid1 y	0000000000000000 3ff0000000000000 0000000000000000
