# case	row (S9b, polyhedral_reference.py: expect KIND S9b, then result N volume area cx cy cz or empty)
turned_fuse	expect solid S9b
turned_fuse	result 1 539.3333333333333381430662 429.6666666666666700657995 4.864537838209037179510993 5.090179920340612566732185 2.296662546353522853976381
turned_cut	expect solid S9b
turned_cut	result 1 359.3333333333333261526575 471.9999999999999938715689 5.598165326736755410804741 4.534240362811791321988679 2.695732838589981461027362
turned_common	expect solid S9b
turned_common	result 1 140.6666666666666738473425 162.3333333333333387271669 3.471985255397577518850045 6.189784096893101704342265 2.0
bar_tilted_fuse	expect solid S9b
bar_tilted_fuse	result 1 615.0000000000000043853809 528.0000000000000123012711 5.0 5.0 2.5
bar_tilted_cut	expect solid S9b
bar_tilted_cut	result 2 375.0000000000000097144515 450.0000000000000016653345 5.0 5.0 2.5
bar_tilted_common	expect solid S9b
bar_tilted_common	result 1 124.9999999999999902855485 199.9999999999999900079928 5.0 5.0 2.5
caps_same_fuse	expect solid S9b
caps_same_fuse	result 1 504.1666666666666696812306 406.6666666666666696149256 4.961671258034894370136373 5.013480257116620758966141 2.5
caps_same_cut	expect solid S9b
caps_same_cut	result 2 324.1666666666666576908219 419.6666666666666554157899 5.828820337046558274828132 4.35464153099114529721706 2.5
caps_same_common	expect solid S9b
caps_same_common	result 1 175.8333333333333423091781 185.3333333333333391780408 3.471985255397577518850045 6.189784096893101704342265 2.5
caps_opposite_fuse	expect solid S9b
caps_opposite_fuse	result 1 608.0000000000000071942452 473.666666666666670270574 4.715789473684210475248606 5.213157894736842128772746 3.210526315789473723133685
caps_opposite_cut	expect solid S9b
caps_opposite_cut	result 1 500.0 400.0 5.0 5.0 2.5
caps_opposite_common	expect empty S9b
caps_opposite_common	empty
walls_same_fuse	expect solid S9b
walls_same_fuse	result 1 536.0 436.0 4.597014925373134328358209 5.0 2.432835820895522388059701
walls_same_cut	expect solid S9b
walls_same_cut	result 1 410.0 430.0 5.548780487804878048780488 5.0 2.719512195121951219512195
walls_same_common	expect solid S9b
walls_same_common	result 1 90.0 126.0 2.5 5.0 1.5
walls_opposite_fuse	expect solid S9b
walls_opposite_fuse	result 1 608.0 472.0 5.0 5.0 3.210526315789473684210526
walls_opposite_cut	expect solid S9b
walls_opposite_cut	result 1 500.0 400.0 5.0 5.0 2.5
walls_opposite_common	expect empty S9b
walls_opposite_common	empty
edge_on_face_fuse	expect degenerate S9b
edge_on_face_fuse	result 2 535.9999999999999992006394 465.9999999999999990674127 5.0 4.979850746268656710124215 2.808955223880596999577882
edge_on_face_cut	expect solid S9b
edge_on_face_cut	result 1 500.0 400.0 5.0 5.0 2.5
edge_on_face_common	expect empty S9b
edge_on_face_common	empty
vertex_on_face_fuse	expect degenerate S9b
vertex_on_face_fuse	result 2 523.9999999999999994670929 454.832815729997475555336 5.0 4.943511450381679383560338 2.742748091603053416750311
vertex_on_face_cut	expect solid S9b
vertex_on_face_cut	result 1 500.0 400.0 5.0 5.0 2.5
vertex_on_face_common	expect empty S9b
vertex_on_face_common	empty
corner_tilted_fuse	expect solid S9b
corner_tilted_fuse	result 1 547.9999999999999978239629 451.9999999999999992228439 5.468248175182481737776376 5.0 2.744160583941605831128327
corner_tilted_cut	expect solid S9b
corner_tilted_cut	result 1 483.9999999999999992450483 404.0000000000000024646951 4.86900826446280991382038 5.0 2.445867768595041319088569
corner_tilted_common	expect solid S9b
corner_tilted_common	result 1 16.00000000000000075495166 43.99999999999999935607065 8.962499999999999913784243 5.0 4.137500000000000017752004
inside_fuse	expect solid S9b
inside_fuse	result 1 500.0 400.0 5.0 5.0 2.5
inside_cut	expect solid S9b
inside_cut	result 1 492.0000000000000001776357 423.9999999999999996447286 5.0 4.993495934959349593281654 2.51300813008130080982621
inside_common	expect solid S9b
inside_common	result 1 7.999999999999999822364316 23.99999999999999964472863 5.0 5.40000000000000002220446 1.700000000000000177635684
apart_fuse	expect solid S9b
apart_fuse	result 2 507.9999999999999998223643 423.9999999999999996447286 5.157480314960629917818144 5.006299212598425197062402 2.487401574803149609371961
apart_cut	expect solid S9b
apart_cut	result 1 500.0 400.0 5.0 5.0 2.5
apart_common	expect empty S9b
apart_common	empty
ell_tilted_fuse	expect solid S9b
ell_tilted_fuse	result 1 251.0275848765432269696335 295.3634259259259454535796 2.327833581125266573545851 4.802601581565074281875692 1.723360152538310703823309
ell_tilted_cut	expect solid S9b
ell_tilted_cut	result 1 131.0275848765432296341687 214.65740740740741660707 -0.1194371257804597415648343 5.262903050485807626428695 2.019505566049201843604031
ell_tilted_common	expect solid S9b
ell_tilted_common	result 1 24.97241512345678075751877 58.63657407407406231798158 3.077377888990166288251756 5.206325588161835037869231 1.897656386118771394135286
through_hole_fuse	expect solid S9b
through_hole_fuse	result 2 330.4999999999999997668532 502.5000000000000006106227 5.0 4.982526475037821480685112 2.503177004538577916771197
through_hole_cut	expect solid S9b
through_hole_cut	result 1 320.0 448.0 5.0 5.0 2.5
through_hole_common	expect empty S9b
through_hole_common	empty
across_hole_fuse	expect solid S9b
across_hole_fuse	result 1 449.1875000000000051173186 493.8541666666666848778323 4.812999165159315448580269 4.978716200547284575788462 2.467510783358842348924666
across_hole_cut	expect solid S9b
across_hole_cut	result 1 385.1875000000000008540622 494.9791666666666687562375 5.180695278273568134236469 4.9253339823678944134409 2.545189031315917571401914
across_hole_common	expect solid S9b
across_hole_common	result 1 34.81249999999999914593781 90.14583333333332613558014 3.00067324955116617398681 5.826152004787552499593193 2.0
both_turned_fuse	expect solid S9b
both_turned_fuse	result 1 255.4880681544174491524902 256.3860604745370425842704 0.4611567657382592377739089 3.772015073993093994662469 2.416541940411535448515959
both_turned_cut	expect solid S9b
both_turned_cut	result 2 111.4880681544174523499325 196.8348524305555759143552 -1.526440915358617377117125 4.446259160372727728036802 2.308746005118322533164396
both_turned_common	expect solid S9b
both_turned_common	result 1 68.51193184558255964047617 103.6139395254629630112537 0.9075783900728238782345829 3.799267495227482971625049 2.811223721792452656514874
