# case	row (S9e.4b.1; chained_curved_boolean_reference.py: expect KIND S9e.4b.1 CLASS, reason TEXT for a degenerate or unsupported case, then result N volume area cx cy cz or empty)
slot_box_fuse	expect solid S9e.4b.1 prism
slot_box_fuse	result 1 238.6177436356378978779535 292.8572787238700154753878 6.146585780447053876102287 4.671451234953870911725489 1.94136062060137081565525
slot_box_cut	expect solid S9e.4b.1 prism
slot_box_cut	result 1 163.6177436356378978779535 212.7313225357845511780875 4.609429351823074639986068 4.520849247474240717322952 2.029077552922987088683346
slot_box_common	expect solid S9e.4b.1 prism
slot_box_common	result 1 19.21410943615796283161673 48.10731557664419328608768 8.325904247467185531040952 4.322458238849376469543335 1.752390106056546901749654
box_slot_fuse	expect solid S9e.4b.1 prism
box_slot_fuse	result 1 238.6177436356378978779535 292.8572787238700154753878 6.146585780447053876102287 4.671451234953870911725489 1.94136062060137081565525
box_slot_cut	expect solid S9e.4b.1 prism
box_slot_cut	result 1 55.78589056384203716838327 128.233271764729657583388 9.904389067731682314629516 5.233362977891639325909449 1.749176785404510833691857
box_slot_common	expect solid S9e.4b.1 prism
box_slot_common	result 1 19.21410943615796283161673 48.10731557664419328608768 8.325904247467185531040952 4.322458238849376469543335 1.752390106056546901749654
slot_rod_fuse	expect solid S9e.4b.1 prism
slot_rod_fuse	result 1 193.418927802905562949245 222.4584730288015048680968 4.917895253184078539550219 4.499999999999999947925983 2.05717334009784523083053
slot_rod_cut	expect solid S9e.4b.1 prism
slot_rod_cut	result 1 171.3021155216334160950085 217.3213428840661497180937 5.100959677424763409949218 4.499999999999999941202708 2.000000000000000110618245
slot_rod_common	expect solid S9e.4b.1 prism
slot_rod_common	result 1 11.52973755016244461456167 32.81939057148800375132489 3.5 4.499999999999999993312418 2.000000000000000117025556
slot_ball_fuse	expect solid S9e.4b.1 prism
slot_ball_fuse	result 1 192.5207123814632160924284 208.2722396817171516023735 5.282045037428505955519533 4.506449295534339568852793 2.006171911226170600942015
slot_ball_cut	expect solid S9e.4b.1 prism
slot_ball_cut	result 1 178.3835454403091465193465 198.7672830087880148567671 4.888327060309874289239144 4.497053972126647374247862 1.996754604690708623234914
slot_ball_common	expect solid S9e.4b.1 prism
slot_ball_common	result 1 4.448307631486714190223672 15.96668850110519630526585 9.478245787377922642914804 4.618139962554470390190592 2.130145028084147206881045
halves_box_fuse	expect solid S9e.4b.1 prism
halves_box_fuse	result 1 142.1145304499929951750077 194.0206284731855281022681 5.925220129653865747304488 4.286700062294961026449087 2.345407222308019450598204
halves_box_cut	expect solid S9e.4b.1 prism
halves_box_cut	result 1 92.11453044999299517500771 122.4788882121821773937418 4.93472500286343600919367 3.899519052838329086219105 2.532895135789559494098826
halves_box_common	expect solid S9e.4b.1 prism
halves_box_common	result 1 6.060239974688064773167203 23.78909603643173533705484 6.931962999855622717465405 3.899519052838329086219105 2.0
rounded_slab_fuse	expect solid S9e.4b.1 prism
rounded_slab_fuse	result 1 521.5708199773573931891608 1020.757753488773673901356 5.02117808860086862808498 1.267783885508804023400213 2.649265306652144630564848
rounded_slab_cut	expect solid S9e.4b.1 prism
rounded_slab_cut	result 2 101.5708199773574025150342 157.8727767512916547893951 5.108750456475300374080271 5.269614647575207825338796 1.612465847618781554694832
rounded_slab_common	expect solid S9e.4b.1 prism
rounded_slab_common	result 1 15.85395798341199023712293 58.37498773994464672745067 4.303273476019964080187448 3.272672296673611513576096 0.779470251274771542911315
notch_box_fuse	expect solid S9e.4b.1 prism
notch_box_fuse	result 1 317.9684271539495306251621 309.3287357701957060858999 6.299667367650033983244457 2.773751193732130228715998 1.527107888522280466658231
notch_box_cut	expect solid S9e.4b.1 prism
notch_box_cut	result 1 285.9684271539495306251621 303.5442216445847545718272 6.333200285462806057226086 2.300831986718531686462518 1.474191041309841516968102
notch_box_common	expect solid S9e.4b.1 prism
notch_box_common	result 1 14.76109464621175769922428 38.1278338499494417747789 6.357407434404640579789754 6.014663939177875622191772 2.0
both_fuse	expect solid S9e.4b.1 both
both_fuse	result 1 363.3565278749554964979121 330.5227374336021629389027 5.856342607696476783083809 2.944561287405925746595919 1.70711794911786099787613
both_cut	expect solid S9e.4b.1 both
both_cut	result 2 180.5246748031596357883419 303.3956313101770731303389 6.723629619847019958149999 1.369243439730702276688291 1.410492747312970279488796
both_common	expect solid S9e.4b.1 both
both_common	result 1 120.2048469970016525360445 148.8984264870571936832516 5.749822773169744434564706 4.155956384915769045926246 1.634422763203993953282739
chain_slot_fuse	expect solid S9e.4b.1 chain
chain_slot_fuse	result 1 227.0880060854754532633918 314.214027307421956432006 6.280958528609987698832248 4.680156176160344452121999 1.938383375496157654590813
chain_slot_cut	expect solid S9e.4b.1 chain
chain_slot_cut	result 1 152.0880060854754532633918 234.0880711193364921347057 4.693534795678903314083121 4.52242982149637157819028 2.031281911849322016493346
chain_slot_common	expect solid S9e.4b.1 chain
chain_slot_common	result 1 19.21410943615796283161673 48.10731557664419328608768 8.325904247467185531040952 4.322458238849376469543335 1.752390106056546901749654
slot_flush_fuse	expect degenerate S9e.4b.1 prism
slot_flush_fuse	reason a box in the slot's frame on the plane of its flat wall (coplanar in the construction, within the resolution of one plane in the imported body)
slot_flush_fuse	result 1 190.8318530717958605319345 211.9645943005142082285685 5.0 4.588035617375047955340032 1.907772210368997455150807
slot_flush_cut	expect degenerate S9e.4b.1 prism
slot_flush_cut	reason a box in the slot's frame on the plane of its flat wall (coplanar in the construction, within the resolution of one plane in the imported body)
slot_flush_cut	result 1 182.8318530717958607095702 195.9645943005142087614755 5.0 4.499999999999999944488849 2.000000000000000111022302
slot_flush_common	expect degenerate S9e.4b.1 prism
slot_flush_common	reason a box in the slot's frame on the plane of its flat wall (coplanar in the construction, within the resolution of one plane in the imported body)
slot_flush_common	empty
slot_kiss_fuse	expect degenerate S9e.4b.1 prism
slot_kiss_fuse	reason a box's wall touching the imported slot's arc wall along a generatrix
slot_kiss_fuse	result 1 194.8318530717958604431167 227.9645943005142083173863 5.40034521445144223476757 4.481522528563779534337226 1.97536337141837289520746
slot_kiss_cut	expect degenerate S9e.4b.1 prism
slot_kiss_cut	reason a box's wall touching the imported slot's arc wall along a generatrix
slot_kiss_cut	result 1 182.8318530717958607095702 195.9645943005142087614755 5.0 4.499999999999999944488849 2.000000000000000111022302
slot_kiss_common	expect degenerate S9e.4b.1 prism
slot_kiss_common	reason a box's wall touching the imported slot's arc wall along a generatrix
slot_kiss_common	empty
lens_box_fuse	expect solid S9e.4b.1 prism
lens_box_fuse	result 1 115.1557135341447307419497 178.3776894870780421412625 5.0 3.729447088833271182513136 2.332639633250570550173949
lens_box_cut	expect solid S9e.4b.1 prism
lens_box_cut	result 1 73.15571353414473074194968 149.1108495364115868137097 5.0 3.0 2.667143439096199008497296
lens_box_common	expect solid S9e.4b.1 prism
lens_box_common	result 1 16.30333006617773510378057 44.53544975321217740300326 5.0 3.0 1.75
