# case	row (S9e.4a; chained_curved_boolean_reference.py, sphere_boolean_reference.py or the coaxial closed forms: expect KIND S9e.4a CLASS, reason TEXT for a degenerate or unsupported case, then result N volume area cx cy cz or empty)
box_slab_fuse	expect solid S9e.4a prism
box_slab_fuse	result 1 969.0624999999999756548907 1194.81249999999994401631 5.0 2.24917768461786519965861 2.110359561431796228230049
box_slab_cut	expect solid S9e.4a prism
box_slab_cut	result 2 339.0624999999999896437008 385.3125000000000063941907 5.0 5.592165898617511564942778 2.129608294930875609925588
box_slab_common	expect solid S9e.4a prism
box_slab_common	result 1 60.93750000000001035629915 137.1875000000000176143822 5.0 1.705128205128205542841676 1.278846153846153802180146
box_drill_fuse	expect solid S9e.4a prism
box_drill_fuse	result 1 425.1327412287183459077011 385.1327412287183459077011 5.0 5.0 2.0
box_drill_cut	expect solid S9e.4a prism
box_drill_cut	result 1 349.7345175425633081845977 385.1327412287183459077011 5.0 5.0 2.0
box_drill_common	expect solid S9e.4a prism
box_drill_common	result 1 50.26548245743669181540229 75.39822368615503772310344 5.0 5.0 2.0
tilt_box_fuse	expect solid S9e.4a prism
tilt_box_fuse	result 1 242.8124999999999900808512 336.4374999999999831322428 5.0 4.73220720720720723781379 0.9490347490347492307239791
tilt_box_cut	expect solid S9e.4a prism
tilt_box_cut	result 2 92.81249999999999008085116 148.937500000000002477879 5.0 4.299410774410774444591931 -0.3454545454545450801892611
tilt_box_common	expect solid S9e.4a prism
tilt_box_common	result 1 27.18750000000000725461358 71.56250000000001438085762 5.0 3.860632183908046282408084 1.620689655172413808944918
cyl_box_fuse	expect solid S9e.4a cylinder
cyl_box_fuse	result 1 456.5486677646162782923276 397.6991118430775188615517 5.0 5.0 2.0
cyl_box_cut	expect solid S9e.4a cylinder
cyl_box_cut	result 2 56.54866776461627829232758 150.7964473723100754462069 5.0 5.0 2.0
cyl_box_common	expect solid S9e.4a cylinder
cyl_box_common	result 1 113.0973355292325565846552 131.946891450771316015431 5.0 5.0 2.0
box_cyl_fuse	expect solid S9e.4a cylinder
box_cyl_fuse	result 1 456.5486677646162782923276 397.6991118430775188615517 5.0 5.0 2.0
box_cyl_cut	expect solid S9e.4a cylinder
box_cyl_cut	result 1 286.9026644707674434153448 378.8495559215387594307759 5.0 5.0 2.0
box_cyl_common	expect solid S9e.4a cylinder
box_cyl_common	result 1 113.0973355292325565846552 131.946891450771316015431 5.0 5.0 2.0
rods_fuse	expect solid S9e.4a cylinder
rods_fuse	result 1 134.1080596869424944170294 180.6848862680868426874625 5.0 5.0 2.0
rods_cut	expect solid S9e.4a cylinder
rods_cut	result 2 58.70983600078745669392599 111.0284224038179853849677 5.0 5.0 2.0
rods_common	expect solid S9e.4a cylinder
rods_common	result 1 26.11316564613696074456538 47.08058111717316710107912 5.0 5.0 2.0
dee_slab_fuse	expect solid S9e.4a prism
dee_slab_fuse	result 1 1393.007193511485515961799 1363.958455410515068086057 6.154557766137237401019937 3.113389139523972431754986 2.683076413618539894480538
dee_slab_cut	expect solid S9e.4a prism
dee_slab_cut	result 1 763.0071935114855299506086 596.2132956205967388643779 7.107853356076535190145749 5.312497053799284811789021 3.164511115287772023021007
dee_slab_common	expect solid S9e.4a prism
dee_slab_common	result 1 72.61225550774896293408962 160.8291405369235216600804 5.961132126449392385436471 1.716291233033593436584032 1.271322609393783168323215
halves_box_fuse	expect solid S9e.4a cylinder
halves_box_fuse	result 1 139.1720349262701965784499 166.9027196305757956875173 5.807318245695877612017532 5.0 2.5
halves_box_cut	expect solid S9e.4a cylinder
halves_box_cut	result 1 76.17203492627019657844985 126.6335772085217223638951 4.614111964556945522404489 5.0 2.5
halves_box_common	expect solid S9e.4a cylinder
halves_box_common	result 1 22.00273549841084212350775 49.90700487904145075483181 6.335919204933455828946572 5.0 2.5
plate_bore_fuse	expect solid S9e.4a prism
plate_bore_fuse	result 1 488.5486677646162782923276 469.6991118430775188615517 0.0 0.0 1.5
plate_bore_cut	expect solid S9e.4a prism
plate_bore_cut	result 1 347.1769983530755825615086 432.0 0.0 0.0 1.5
plate_bore_common	expect solid S9e.4a prism
plate_bore_common	result 1 47.12388980384689857693965 125.6637061435917295385057 0.0 0.0 1.5
ball_box_fuse	expect solid S9e.4a sphere
ball_box_fuse	result 1 456.5486677646162782923276 388.2743338823081391461638 5.0 5.0 2.387066263120791685727526
ball_box_cut	expect solid S9e.4a sphere
ball_box_cut	result 1 56.54866776461627829232758 84.82300164692441743849137 5.0 5.0 5.125
ball_box_common	expect solid S9e.4a sphere
ball_box_common	result 1 56.54866776461627829232758 84.82300164692441743849137 5.0 5.0 2.875
dome_box_fuse	expect solid S9e.4a sphere
dome_box_fuse	result 1 710.638868220414568941765 516.0466579838036038554853 2.234999525278246378174764 1.542876593442977241078451 3.192644263030200532740136
dome_box_cut	expect solid S9e.4a sphere
dome_box_cut	result 1 62.63886822041458333025542 123.2950541209811932801256 -0.5064342282091947522646302 -1.11706877566330914173534 1.047546157431944303335756
dome_box_common	expect solid S9e.4a sphere
dome_box_common	result 1 71.40241833274992817748403 102.7497893885064611990341 0.4442772055040195928091705 0.9799657415779722247635226 1.896922083063977642244758
frustum_bore_fuse	expect solid S9e.4a cone
frustum_bore_fuse	result 1 90.05898940290740616926244 126.2302606093076358811985 5.0 5.0 1.779069767441860465116279
frustum_bore_cut	expect solid S9e.4a cone
frustum_bore_cut	result 1 14.660765716752368446159 75.96477815187094406579624 5.0 5.0 0.6428571428571428571428571
frustum_bore_common	expect solid S9e.4a cone
frustum_bore_common	result 1 39.79350694547071435386015 61.91514868978949127948349 5.0 5.0 1.657894736842105263157895
frustum_box_fuse	expect solid S9e.4a cone
frustum_box_fuse	result 1 169.2694903696148938192396 249.6458760913084146268705 7.790802893085392093068056 5.0 1.810268281572600546159371
frustum_box_cut	expect solid S9e.4a cone
frustum_box_cut	result 1 49.26949036961489381923963 90.89020714036809278198851 4.845701335484541154032204 5.0 1.348160676227262468211023
frustum_box_common	expect solid S9e.4a cone
frustum_box_common	result 1 5.184782292608188980779521 21.96856829291532890300692 6.466255695292572643524896 5.0 1.731033961614531536897579
spike_ball_fuse	expect solid S9e.4a cone
spike_ball_fuse	result 1 34.57554948451659672461141 71.04034993245352102817241 0.0 0.0 2.744319528600501174881206
spike_ball_cut	expect solid S9e.4a cone
spike_ball_cut	result 1 20.43838254336252715152952 44.78828997242309296822771 0.0 0.0 1.184072218304808442548911
spike_ball_common	expect solid S9e.4a cone
spike_ball_common	result 1 0.5055684805694277715547722 3.636342957141898349104015 0.0 0.0 3.915231861377041634900254
ring_box_fuse	expect solid S9e.4a torus
ring_box_fuse	result 1 1053.269119811641023361263 827.2152813979649312279269 0.0 0.0 1.857798281577350430463175
ring_box_cut	expect solid S9e.4a torus
ring_box_cut	result 1 157.2691198116410233612628 268.9305989242995811085621 0.0 0.0 -0.3766692358067109110891721
ring_box_common	expect solid S9e.4a torus
ring_box_common	result 1 64.79697921286954556251327 204.8728506347158273371079 0.0 0.0 0.9142160621537020359689321
ring_pin_fuse	expect solid S9e.4a torus
ring_pin_fuse	result 1 227.5386751959424802519253 311.0316907037811032840982 0.1202703465492083745843547 0.0 0.0
ring_pin_cut	expect solid S9e.4a torus
ring_pin_cut	result 1 216.9357999900769280721139 305.6400617784366628708236 -0.1182295440002857772333331 0.0 0.0
ring_pin_common	expect solid S9e.4a torus
ring_pin_common	result 1 5.130299034433640851662187 16.86506694649631182037081 4.999361740518002631636329 0.0 0.0
both_fuse	expect solid S9e.4a both
both_fuse	result 1 456.5486677646162782923276 388.2743338823081391461638 5.0 5.0 2.387066263120791685727526
both_cut	expect solid S9e.4a both
both_cut	result 1 343.4513322353837217076724 388.2743338823081391461638 5.0 5.0 1.855932763538887188792645
both_common	expect solid S9e.4a both
both_common	result 1 56.54866776461627829232758 84.82300164692441743849137 5.0 5.0 2.875
slab_ball_fuse	expect solid S9e.4a sphere
slab_ball_fuse	result 1 702.9949053061588353546274 1005.709289173018448340497 5.0 0.9044501999862958825529161 7.65028601987669265205394
slab_ball_cut	expect solid S9e.4a sphere
slab_ball_cut	result 1 589.8975697769262787699723 949.1606214084021713038024 5.0 0.1192363024549129739461265 8.350132304925431681815977
slab_ball_common	expect solid S9e.4a sphere
slab_ball_common	result 1 40.10243022307370724121763 79.38804635621406987485016 5.0 5.315458284371328267007921 4.420611045828437806086911
chain_drill_fuse	expect solid S9e.4a chain
chain_drill_fuse	result 1 920.8138575108604583987083 1225.797431829520086785024 5.0 2.10202770425814588150588 2.11248075406353362811129
chain_drill_cut	expect solid S9e.4a chain
chain_drill_cut	result 2 290.8138575108604723875184 405.5368857043715959216756 5.0 5.680871788893156630159762 2.139518238203134935460889
chain_drill_common	expect solid S9e.4a chain
chain_drill_common	result 1 58.92066003170283579707934 131.3353093991982207533696 5.0 1.639430867003194587042227 1.311381830700103759873783
cyl_tangent_fuse	expect degenerate S9e.4a cylinder
cyl_tangent_fuse	reason a box's wall tangent to the imported cylinder along a generatrix
cyl_tangent_fuse	result 1 329.6460032938488348769827 361.6460032938488348769827 7.42684574363510242775994 5.0 2.0
cyl_tangent_cut	expect degenerate S9e.4a cylinder
cyl_tangent_cut	reason a box's wall tangent to the imported cylinder along a generatrix
cyl_tangent_cut	result 1 169.6460032938488348769827 169.6460032938488348769827 5.0 5.0 2.0
cyl_tangent_common	expect degenerate S9e.4a cylinder
cyl_tangent_common	reason a box's wall tangent to the imported cylinder along a generatrix
cyl_tangent_common	empty
ball_touch_fuse	expect degenerate S9e.4a sphere
ball_touch_fuse	reason a box's bottom face touching the imported sphere at its top point
ball_touch_fuse	result 2 145.0973355292325565846552 177.0973355292325565846552 5.0 5.0 4.882166440432064444167452
ball_touch_cut	expect degenerate S9e.4a sphere
ball_touch_cut	reason a box's bottom face touching the imported sphere at its top point
ball_touch_cut	result 1 113.0973355292325565846552 113.0973355292325565846552 5.0 5.0 4.0
ball_touch_common	expect degenerate S9e.4a sphere
ball_touch_common	reason a box's bottom face touching the imported sphere at its top point
ball_touch_common	empty
box_kiss_fuse	expect degenerate S9e.4a prism
box_kiss_fuse	reason a rod tangent to the imported box's wall along a generatrix
box_kiss_fuse	result 1 475.3982236861550377231034 460.5309649148733836308046 6.110200963122479488801525 5.0 2.0
box_kiss_cut	expect degenerate S9e.4a prism
box_kiss_cut	reason a rod tangent to the imported box's wall along a generatrix
box_kiss_cut	result 1 400.0 360.0 5.0 5.0 2.0
box_kiss_common	expect degenerate S9e.4a prism
box_kiss_common	reason a rod tangent to the imported box's wall along a generatrix
box_kiss_common	empty
dee_turn_fuse	expect degenerate S9e.4a prism
dee_turn_fuse	reason the turned profile's corner at the box's corner, the origin (a vertex of one input on the other's face)
dee_turn_fuse	result 1 951.6769198443934819050911 628.2859367791549098610424 3.948871911656409988715608 7.11586128864398364178317 2.878049505661926633687768
dee_turn_cut	expect degenerate S9e.4a prism
dee_turn_cut	reason the turned profile's corner at the box's corner, the origin (a vertex of one input on the other's face)
dee_turn_cut	result 1 551.6769198443934819050911 601.236615745363102713262 3.1867388221372238663403 8.649992018086705657096505 3.514689882721449163337857
dee_turn_common	expect degenerate S9e.4a prism
dee_turn_common	reason the turned profile's corner at the box's corner, the origin (a vertex of one input on the other's face)
dee_turn_common	result 1 283.9425291748411918178442 284.501659168283808209097 4.312542827854154865903083 6.249273931493174924302704 2.0
