# case	row (S9e.4b.3c.1; chained_curved_boolean_reference.py: expect KIND S9e.4b.3c.1 CLASS, reason TEXT for a degenerate or unsupported case, then result N volume area cx cy cz or empty)
hemi_cap_fuse	expect solid S9e.4b.3c.1 pieces
hemi_cap_fuse	result 1 261.7993877991494365385536 235.6194490192344928846983 5.833333333333333278079178 5.208333333333333328193412 5.666666666666666694936234
hemi_cap_cut	expect solid S9e.4b.3c.1 pieces
hemi_cap_cut	result 1 114.275432774328723097903 197.1349390127595238823999 5.328178694158075561987089 5.082044673539518893912568 4.656357388316151178626909
hemi_cap_common	expect solid S9e.4b.3c.1 pieces
hemi_cap_common	result 1 147.5239550248207134406506 181.4269757448105629218894 6.224637681159420186146713 5.306159420289855059283125 6.449275362318840576236569
cap_hemi_cut	expect empty S9e.4b.3c.1 pieces
cap_hemi_cut	empty
cap_octant_fuse	expect solid S9e.4b.3c.1 pieces
cap_octant_fuse	result 1 164.0281085079398446097347 196.2280046428000678198676 6.351207239989664125274212 5.151001200486593176214308 6.203290472300014870748097
cap_octant_cut	expect solid S9e.4b.3c.1 pieces
cap_octant_cut	result 1 98.57826155815248521810026 155.6636950130525655833046 5.450159750442409014047522 5.942858635719022207494885 6.697895773294882285945954
cap_octant_common	expect solid S9e.4b.3c.1 pieces
cap_octant_common	result 1 48.94569346666822822255033 83.37374152669153403527594 7.784462103245296605269065 4.023825932969068344529425 5.948545550030414905156759
octant_cap_cut	expect solid S9e.4b.3c.1 pieces
octant_cap_cut	result 1 16.50415348311913116908414 53.57194435833385732295184 7.482561351758107543289155 3.764104607250249847534995 4.004530997053999782026755
ball_cap_fuse	expect solid S9e.4b.3c.1 sphere
ball_cap_fuse	result 1 523.5987755982988730771072 314.1592653589793238462643 5.0 5.0 4.0
ball_cap_cut	expect solid S9e.4b.3c.1 sphere
ball_cap_cut	result 1 376.0748205734781596364566 275.674755352504354843966 4.519607843137254915661609 4.879901960784313723915317 3.039215686274509751321854
ball_cap_common	expect solid S9e.4b.3c.1 sphere
ball_cap_common	result 1 147.5239550248207134406506 181.4269757448105629218894 6.224637681159420186146713 5.306159420289855059283125 6.449275362318840576236569
wedge_cap_fuse	expect solid S9e.4b.3c.1 pieces
wedge_cap_fuse	result 1 183.6917922070610677055903 224.4898741169432075598957 6.181413067222792094172507 5.878954049189399777650645 5.790516939969871664128396
wedge_cap_cut	expect solid S9e.4b.3c.1 pieces
wedge_cap_cut	result 1 36.16783718224035426493967 68.8774138251416673024005 6.005105427641746798282198 8.215309652828540072413733 3.103526081734335704306264
wedge_cap_common	expect solid S9e.4b.3c.1 pieces
wedge_cap_common	result 1 9.90885507040994839970098 36.53956474985183854281241 6.886144036367697405547968 8.436357765910964497044416 4.867782929540513699876528
chain_cap_fuse	expect solid S9e.4b.3c.1 chain
chain_cap_fuse	result 1 538.476913574345114365728 808.2271263593271061075078 5.109009908762205487934019 5.13913776887944060312641 7.046118021649892290983825
chain_cap_cut	expect solid S9e.4b.3c.1 chain
chain_cap_cut	result 2 52.47691357434511436572803 158.5759542069949189028353 6.118574154254191175035864 6.427722616378296366855518 6.315575029180641136232632
chain_cap_common	expect solid S9e.4b.3c.1 chain
chain_cap_common	result 1 46.10134798380737085237223 103.4365686537254594757968 4.689307271399963008622633 5.390940604660436347395749 7.133089396127977650514446
ball_near_fuse	expect degenerate S9e.4b.3c.1 sphere
ball_near_fuse	reason a ball about the sphere's centre whose radius is 5 + 2^-30: within the resolution of the cap's sphere and not it
ball_near_fuse	result 1 523.5987758908824889850371 314.1592654760127701985367 5.0 5.0 4.0
ball_near_common	expect degenerate S9e.4b.3c.1 sphere
ball_near_common	reason a ball about the sphere's centre whose radius is 5 + 2^-30: within the resolution of the cap's sphere and not it
ball_near_common	result 1 147.5239550248207134406506 181.4269757448105629218894 6.224637681159420186146713 5.306159420289855059283125 6.449275362318840576236569
hemi_octant_fuse	expect solid S9e.4b.3c.1 pieces
hemi_octant_fuse	result 1 261.7993877991494365385536 235.6194490192344928846983 5.833333333333333278079178 5.208333333333333328193412 5.666666666666666694936234
hemi_octant_cut	expect solid S9e.4b.3c.1 pieces
hemi_octant_cut	result 1 196.3495408493620756049427 215.9844949342982839878244 6.041666666666666624027037 6.041666666666666683845589 5.458333333333333360788478
hemi_octant_common	expect solid S9e.4b.3c.1 pieces
hemi_octant_common	result 1 65.4498469497873609336109 98.17477042468104032103285 5.208333333333333263140832 2.708333333333333352857799 6.291666666666666674474276
