# case	row (S9e.4b.4b.2b.1; chained_curved_boolean_reference.py: expect KIND S9e.4b.4b.2b.1 CLASS, reason TEXT for a degenerate or unsupported case, then result N volume area cx cy cz or empty)
slot_rod_fuse	expect solid S9e.4b.4b.2b.1 pieces
slot_rod_fuse	result 1 125.3498998127603794844968 309.4641690440072066168612 3.985883384328929194609509 3.794414980425886531621411 1.5
slot_rod_cut	expect solid S9e.4b.4b.2b.1 pieces
slot_rod_cut	result 1 116.5141704745390860013206 299.1078348577509654784534 3.814186486648910564850358 3.702990710881789899955527 1.5
slot_rod_common	expect solid S9e.4b.4b.2b.1 pieces
slot_rod_common	result 1 4.072190609526322915275684 17.47180844459820706634832 6.295628395138595849338731 4.987147663333074556575385 1.5
chain_cake_fuse	expect solid S9e.4b.4b.2b.1 chain
chain_cake_fuse	result 1 162.3471675385836311956613 248.7348266265271946417555 2.155139425648601875863276 -3.06391696477880150384818 11.74454978553281054449602
chain_cake_cut	expect solid S9e.4b.4b.2b.1 chain
chain_cake_cut	result 1 144.3471675385836315953416 248.7498378583369671269198 2.236834895416117345693233 -2.895229937182828734903836 11.5083269039768210242235
chain_cake_common	expect solid S9e.4b.4b.2b.1 chain
chain_cake_common	result 1 11.89169097139870375192958 33.5967017224020361785462 1.390813738784458882190263 -4.13489481079653753989743 13.51172100446111848646347
cake_stack_fuse	expect solid S9e.4b.4b.2b.1 both
cake_stack_fuse	result 1 258.9057865191127576848886 351.4132539609801999171979 2.890151456180822299004723 -0.6964653224157111155337809 10.08585102465792801620323
cake_stack_cut	expect solid S9e.4b.4b.2b.1 both
cake_stack_cut	result 1 146.1358783492403409868858 229.727701802490432520001 1.928939880016299447654084 -3.314063990116844182500508 11.90950460866327338779695
cake_stack_common	expect solid S9e.4b.4b.2b.1 both
cake_stack_common	result 1 18.00128859191374417741951 42.60741804056749214683346 3.953493791337726147422161 -0.4861682088630019565037958 9.915733761447605781379832
flat_box_fuse	expect solid S9e.4b.4b.2b.1 pieces
flat_box_fuse	result 1 69.09306364050029462111199 105.3654106209444410319074 6.178668405532051261187502 0.2836647287609242312242558 10.49186004095655134086272
flat_box_cut	expect solid S9e.4b.4b.2b.1 pieces
flat_box_cut	result 1 54.09306364050029495417889 107.725524161568103306029 5.920102156139330931856813 0.09272781916820376481570752 10.82082213116605978628298
flat_box_common	expect solid S9e.4b.4b.2b.1 pieces
flat_box_common	result 1 9.311141664315648149801389 29.10793217310377504272943 6.882258167651224394752687 0.7132261101365670826622876 9.58170890033638806320047
stack_rod_fuse	expect solid S9e.4b.4b.2b.1 pieces
stack_rod_fuse	result 1 135.4428597079742212778036 212.8438432750460690459743 4.233994746494621843823057 2.420105323642809395812543 7.661962805147300506240972
stack_rod_cut	expect solid S9e.4b.4b.2b.1 pieces
stack_rod_cut	result 1 104.0269331720762895907509 178.3010353188674045160766 4.094939855197000142641092 2.790252466932387581538449 7.702486416038388007790071
stack_rod_common	expect solid S9e.4b.4b.2b.1 pieces
stack_rod_common	result 1 8.742974997796127107251949 25.44231118393829361696968 4.621490696556920100121055 1.569642268295271109988912 7.962190892667966984610203
cake_ball_fuse	expect solid S9e.4b.4b.2b.1 pieces
cake_ball_fuse	result 1 175.1277780279911772691796 231.4583767637629492523828 1.977350556555419605211836 -3.069792275864618226338796 11.88238376041745902076349
cake_ball_cut	expect solid S9e.4b.4b.2b.1 pieces
cake_ball_cut	result 1 152.6784805242141130859986 229.4522117715164052427394 2.317105248265693865006772 -2.933017860323361259050858 11.53834228476559334063689
cake_ball_common	expect solid S9e.4b.4b.2b.1 pieces
cake_ball_common	result 1 11.45868641693997207830662 31.8756891642507982870207 -0.0625553541249318383594281 -3.948672162092421232644923 13.72280628021814864569766
rod_flat_fuse	expect solid S9e.4b.4b.2b.1 pieces
rod_flat_fuse	result 1 89.35814901673760685499872 143.6612245806186918593535 6.320078501760748291880258 0.778424687646151347983707 10.54944527009435519711265
rod_flat_cut	expect solid S9e.4b.4b.2b.1 pieces
rod_flat_cut	result 1 25.95394371192166375101843 68.05094550625287373946461 6.95202143846968462494833 2.230940650330333927862409 10.33102469220815113778269
rod_flat_common	expect solid S9e.4b.4b.2b.1 pieces
rod_flat_common	result 1 5.461982823976267936034302 22.92715659240497589297478 6.748669844469525170482325 0.9026291673497765526951515 9.146023420036376600873722
flat_touch_fuse	expect degenerate S9e.4b.4b.2b.1 pieces
flat_touch_fuse	reason a plane crossing a sphere within the resolution of tangency (S9d.1)
flat_touch_fuse	result 1 67.59299550960232379137111 110.0397134084073859217519 6.310640742314307887759592 0.3015627178522777197284565 10.61992043966226166045885
flat_touch_cut	expect degenerate S9e.4b.4b.2b.1 pieces
flat_touch_cut	reason a plane crossing a sphere within the resolution of tangency (S9d.1)
flat_touch_cut	result 1 63.40420530481593280675425 97.47334279404821296790128 6.061398319119227736157566 0.183850284340610124385736 10.63885377788545214543215
flat_touch_common	expect degenerate S9e.4b.4b.2b.1 pieces
flat_touch_common	reason a plane crossing a sphere within the resolution of tangency (S9d.1)
flat_touch_common	empty
