# case	row (S9d.3a, cone_boolean_reference.py: expect KIND S9d.3a, reason TEXT for a degenerate case, then result N volume area cx cy cz or empty)
ellipse_fuse	expect solid S9d.3a
ellipse_fuse	result 1 149.1431540738276102907598 259.7946699548601289467689 0.0 -0.006932504565990082315727338 0.04808292708965260801111507
ellipse_cut	expect solid S9d.3a
ellipse_cut	result 1 5.143154073827610290759763 19.76072480211651033592758 0.0 -0.2010314258062858887954293 1.394327158065427611625139
ellipse_common	expect solid S9d.3a
ellipse_common	result 1 9.517611642924758155399239 31.94227252103486962072727 0.0 0.1086339341626303497532465 0.4568303291868482512337673
parabola_cut	expect solid S9d.3a
parabola_cut	result 1 11.91542119785003053288041 32.83414236590944626451507 0.0 -0.2514021698638908876744734 0.7517363661676820139248459
parabola_common	expect solid S9d.3a
parabola_common	result 1 2.745344518902337913278597 15.46775262680955767979268 0.0 1.091142741232129811729434 0.9331862040971628343354238
hyperbola_cut	expect solid S9d.3a
hyperbola_cut	result 1 87.06404662542965041051095 132.3051184797188206676512 2.637419162108957743657961 0.0 1.006262528047896323471942
hyperbola_common	expect solid S9d.3a
hyperbola_common	result 1 0.9359533745703495894890549 8.251565007745689510179938 1.469747464691367827880285 0.0 0.4174485089009910082665252
apex_box_cut	expect solid S9d.3a
apex_box_cut	result 1 6.372803127314935249499246 22.16778456317745540589584 -0.01180930848404579239333516 0.0 0.6240574590654686359310201
apex_box_common	expect solid S9d.3a
apex_box_common	result 1 0.6957803432620995370417013 4.890281383664504463902284 0.1081640186696163729813782 0.0 1.903535058157326701116288
apex_corner_common	expect solid S9d.3a
apex_corner_common	result 1 0.06515422211964065076949251 1.162700690998044153419102 0.2419830716517874559187767 0.03409853124405215416728218 2.208624116823443748540254
cone_in_box_cut	expect solid S9d.3a
cone_in_box_cut	result 1 97.90560489760680450769157 140.166407384630519631619 0.5 0.5053479959206206556291571 0.01069599184124131125831429
box_in_frustum_cut	expect solid S9d.3a
box_in_frustum_cut	result 1 53.69026041820607153079022 110.5136458256478182721821 0.0 0.0 1.308513269056979587242063
normal_cut_fuse	expect solid S9d.3a
normal_cut_fuse	result 1 153.6865773485685291519265 185.7912129231034093553333 0.0 0.0 2.839448618573197348806148
normal_cut_cut	expect solid S9d.3a
normal_cut_cut	result 1 9.686577348568529151926484 31.92837986425747892841518 0.0 0.0 0.4527027027027027027027027
normal_cut_common	expect solid S9d.3a
normal_cut_common	result 1 4.974188368183839294232519 18.99119453796773601644906 0.0 0.0 1.434210526315789473684211
slab_cut	expect solid S9d.3a
slab_cut	result 2 11.67528056933612991796452 43.37545347358520045563837 0.0 0.0 0.7596135424027374689565043
bar_cut	expect solid S9d.3a
bar_cut	result 2 1.2534951147867294298792 11.1177649719515195110154 0.0 0.0 1.004174613660294837286582
on_top_fuse	expect solid S9d.3a
on_top_fuse	result 1 50.660765716752368446159 126.4992221538915588948571 0.0 0.0 2.003901276004450179527027
on_top_common	expect empty S9d.3a
on_top_common	empty
base_wall_common	expect solid S9d.3a
base_wall_common	result 1 3.117575849271142782543969 14.73227018706836816989065 1.032037217321168583985298 0.0 0.4400781265941506340615952
tilt_ellipse_cut	expect solid S9d.3a
tilt_ellipse_cut	result 1 8.684557880637601955460169 26.78723799653356594099784 0.0 0.2638244532604754365168584 1.077308052897500022341681
tilt_ellipse_common	expect solid S9d.3a
tilt_ellipse_common	result 1 5.976207836114766165164441 24.91436964267724852313418 0.0 0.7731165364277415440304544 -0.0235275770172484559502286
lean_apex_cut	expect solid S9d.3a
lean_apex_cut	result 1 6.600684466580050762175616 21.64406934996407693801079 1.406501504531006871034836 2.0 -0.4797472416931540055023714
lean_apex_common	expect solid S9d.3a
lean_apex_common	result 1 0.4678990039969838674112488 4.349673958767817099828383 2.063636363636363623013434 2.0 0.7250000000000000333066907
inside_tilt_cut	expect solid S9d.3a
inside_tilt_cut	result 1 209.1932159172221148011386 237.9036110960559354088967 -0.008134565995523647716355079 0.001752060368266632816207459 0.002753237721561850496493363
tilt_slab_cut	expect solid S9d.3a
tilt_slab_cut	result 2 11.18336727149381280827826 44.30569692542023460710945 0.0 -0.6141358881065187536990948 0.4611882952279832101583389
apex_plane_common	expect degenerate S9d.3a
apex_plane_common	reason a face of the prism through the cone's apex
apex_plane_common	result 1 3.534291735288517393270474 15.9372083077093345855714 0.4774648292756860073066513 0.0 0.75
ruling_tangent_fuse	expect degenerate S9d.3a
ruling_tangent_fuse	reason a face of the prism tangent to the cone along a ruling
ruling_tangent_fuse	result 2 210.660765716752368446159 260.3923108310652568712392 -0.4652029041409999467575598 2.846598722958023483730783 1.693967574751476086526664
ruling_tangent_common	expect degenerate S9d.3a
ruling_tangent_common	reason a face of the prism tangent to the cone along a ruling
ruling_tangent_common	empty
vertex_on_cut	expect degenerate S9d.3a
vertex_on_cut	reason a vertex of the prism on the cone's wall
vertex_on_cut	result 1 24.1123614917426865089508 50.9811782770217987139983 2.38970267165485995361698 2.513764052636705920678318 0.2485779517510774335527676
