# case	row (S9e.4b.3c.3b; chained_curved_boolean_reference.py: expect KIND S9e.4b.3c.3b CLASS, reason TEXT for a degenerate or unsupported case, then result N volume area cx cy cz or empty)
u_scoop_rod_fuse	expect solid S9e.4b.3c.3b pieces
u_scoop_rod_fuse	result 1 468.0406253336926004495703 533.0315428770913410313135 -0.2295385028997489376499734 -3.772536397949034089399256 5.12485596071666004742369
u_scoop_rod_cut	expect solid S9e.4b.3c.3b pieces
u_scoop_rod_cut	result 1 448.4056712487563927091788 507.1151916919278173382689 -0.08024860185561272442813725 -3.79663375948015328897043 5.022068614970488462831782
u_scoop_rod_common	expect solid S9e.4b.3c.3b pieces
u_scoop_rod_common	result 1 5.676189359127809195359834 25.20648988296978469538945 -3.675446103664179953630618 -3.245621235338253180343933 5.892549550790081578929755
pieces_fuse	expect solid S9e.4b.3c.3b both
pieces_fuse	result 1 759.2711706284122093481967 655.6710851528059429046893 4.490947282120612292978084 4.782960388030714003324641 0.141527870549380186416417
pieces_cut	expect solid S9e.4b.3c.3b both
pieces_cut	result 1 408.7530937111338154850567 342.0928505840570951004284 1.221099960817450888708496 8.142399770335513798613867 -0.9788212125093033591515276
pieces_common	expect solid S9e.4b.3c.3b both
pieces_common	result 1 2.474042619977678265971481 14.37388392857142754028593 4.012464762346560072065333 4.244116012805350524801149 0.4436442870396804037110381
bites_box_fuse	expect solid S9e.4b.3c.3b pieces
bites_box_fuse	result 1 173.5774882269690788111654 199.4836852965227304264287 4.029839993998845173049114 4.184226234959510214558397 2.973452786259667185072719
bites_box_cut	expect solid S9e.4b.3c.3b pieces
bites_box_cut	result 1 142.8157694769690794942127 203.9438810454052579775987 4.049729512748574256014862 3.79311871176115854949427 2.967734664754828969995236
bites_box_common	expect solid S9e.4b.3c.3b pieces
bites_box_common	result 1 18.32454696545651293330745 55.54488039502807465609452 4.249092544899953915590883 5.612367848761204463572383 3.135423646341361988466367
rod_cap_pocket_fuse	expect solid S9e.4b.3c.3b pieces
rod_cap_pocket_fuse	result 1 238.4594410174569838028084 366.7411410390402171161965 5.314050201330548188164394 -2.188049490453637167921177 3.044887840434159063730971
rod_cap_pocket_cut	expect solid S9e.4b.3c.3b pieces
rod_cap_pocket_cut	result 2 30.63052837250048317579468 74.61282552275758832243892 5.444444444444444641817427 -2.071901709401709155275258 4.089316239316239755880015
rod_cap_pocket_common	expect solid S9e.4b.3c.3b pieces
rod_cap_pocket_common	result 1 7.068583470577034848668605 21.20575041173110442393042 5.444444444444444641817427 -3.318055555555555532157991 2.427777777777777766313183
u_boss_slab_fuse	expect solid S9e.4b.3c.3b pieces
u_boss_slab_fuse	result 1 526.8428402395597637737628 579.1707089240528903411907 5.286646961610850522274468 4.047531491545962597635206 2.591535612390048020143376
u_boss_slab_cut	expect solid S9e.4b.3c.3b pieces
u_boss_slab_cut	result 2 214.8428402395597707015544 384.1699038400090270398554 4.97681048810682180516806 3.2452232812958146853141 2.288798556494764058204744
u_boss_slab_common	expect solid S9e.4b.3c.3b pieces
u_boss_slab_common	result 1 110.3629101721713336580684 213.1036249582552350382076 4.854731309591082705439584 5.469319481881437665894725 2.110307206358069527710507
cap_boss_rod_fuse	expect solid S9e.4b.3c.3b pieces
cap_boss_rod_fuse	result 1 420.8359919864271510178877 367.3938704225147443799855 1.098635406272303825720541 8.083589170894878135806917 -0.9862379510516818098747457
cap_boss_rod_cut	expect solid S9e.4b.3c.3b pieces
cap_boss_rod_cut	result 1 399.6302415746960466582648 372.6953080254475172490627 1.240949860453849711633715 8.163197887992245931851686 -0.9501320711276541951980277
cap_boss_rod_common	expect solid S9e.4b.3c.3b pieces
cap_boss_rod_common	result 1 11.59689475641544709276339 34.68023765251857537236243 1.132570684523809545665461 6.594047619047618753455733 -1.663988095238094866543195
chain_dee_fuse	expect solid S9e.4b.3c.3b chain
chain_dee_fuse	result 1 652.4571901966800780575005 750.7407492025372137907446 8.397838734360679014638294 2.448001961060083837572046 2.595643944156634211120956
chain_dee_cut	expect solid S9e.4b.3c.3b chain
chain_dee_cut	result 1 333.9571901966800851296212 336.5769539036602268587098 8.300405997287521062586878 0.8009379314507241279463254 1.351659936681169358762688
chain_dee_common	expect solid S9e.4b.3c.3b chain
chain_dee_common	result 2 8.753478324354457384697944 58.17743566455703194921935 8.602632354354462443324689 2.427994160591594021100557 4.469428201283408154986388
dee_boss_ball_fuse	expect solid S9e.4b.3c.3b pieces
dee_boss_ball_fuse	result 1 363.306607607329046528876 336.7631079167725614141217 8.284543862501169928598489 0.9497001538144830390352811 1.553217500447543338777907
dee_boss_ball_cut	expect solid S9e.4b.3c.3b pieces
dee_boss_ball_cut	result 1 340.857310103551982345695 333.9098704842924337323683 8.319749603561736416158292 0.8311301080943410968399795 1.37560396293226926960397
dee_boss_ball_common	expect solid S9e.4b.3c.3b pieces
dee_boss_ball_common	result 1 9.660766813726411517444977 29.77522259595125213527098 7.75 2.073962028806930112979002 4.002742735081065707137192
tooth_rod_fuse	expect solid S9e.4b.3c.3b pieces
tooth_rod_fuse	result 1 161.6565367856006928499264 200.9261872722396387339314 4.166846279597466845027955 4.0 2.982178638623781403986069
tooth_rod_cut	expect solid S9e.4b.3c.3b pieces
tooth_rod_cut	result 1 147.5193698444466232768445 216.2414514584898807714367 4.087002980067417961144037 4.0 2.980470770964368934219459
tooth_rod_common	expect solid S9e.4b.3c.3b pieces
tooth_rod_common	result 1 10.60287520586555217981142 31.80862561759665653943426 5.0 4.0 3.0
u_notch_rod_fuse	expect degenerate S9e.4b.3c.3b pieces
u_notch_rod_fuse	reason an imported plane piece whose curved face is tangent to its plane faces
u_notch_rod_fuse	result 1 94.15929550333268790006894 180.283185307179586476842 4.976726785785026788691478 2.970805924606840602989241 1.5
u_notch_rod_cut	expect degenerate S9e.4b.3c.3b pieces
u_notch_rod_cut	reason an imported plane piece whose curved face is tangent to its plane faces
u_notch_rod_cut	result 1 90.23230468634544635199064 181.8539816339744830960733 5.051875483967949494261348 3.045696941601676444447869 1.5
u_notch_rod_common	expect degenerate S9e.4b.3c.3b pieces
u_notch_rod_common	reason an imported plane piece whose curved face is tangent to its plane faces
u_notch_rod_common	result 1 2.356194490192344928846983 10.99557428756427633461925 3.25 1.25 1.5
