# case	row (S9e.3a, chained_curved_boolean_reference.py: expect KIND S9e.3a CLASS, reason TEXT for a degenerate case, then result N volume area cx cy cz or empty)
dome_tilt_fuse	expect solid S9e.3a sphere
dome_tilt_fuse	result 1 1326.034377504453977053989 1211.006172199284456712224 5.0 2.147805178065834426883038 5.381213078952601627689556
dome_tilt_cut	expect solid S9e.3a sphere
dome_tilt_cut	result 2 276.0343775044540003686722 410.0239068775762652437111 5.0 4.041393366952532636221058 2.266650773806764716808426
dome_tilt_common	expect solid S9e.3a sphere
dome_tilt_common	result 1 180.5142902601622779236554 237.2681616830236433540896 5.0 6.465858380760532368695854 2.571200242689871515638802
dome_drill_fuse	expect solid S9e.3a sphere
dome_drill_fuse	result 1 468.0724984720097594385601 409.0724744875264680725154 5.064385917703279801768265 5.0 2.441744336652686166406727
dome_drill_cut	expect solid S9e.3a sphere
dome_drill_cut	result 2 11.52383070739348114623251 39.5895529979541235496847 7.615213476405189604338574 5.0 4.607968594954763965469642
dome_drill_common	expect solid S9e.3a sphere
dome_drill_common	result 1 16.75050317491465799993128 42.03371246657753584290131 7.420736673791864001232782 5.0 2.737751703095786505639981
g9_clear_fuse	expect solid S9e.3a cone
g9_clear_fuse	result 1 896.9901524468357569402193 740.0477371363835518935999 0.0788033564392557460780737 0.0 1.786446552353155782561109
g9_clear_cut	expect solid S9e.3a cone
g9_clear_cut	result 1 868.7158185645276177940555 727.4813665220243789397493 -0.06509455285165373314246968 0.0 1.763222331047992164544564
g9_clear_common	expect solid S9e.3a cone
g9_clear_common	result 1 12.56637061435917295385057 31.41592653589793238462643 4.5 0.0 2.0
g9_box_fuse	expect solid S9e.3a cone
g9_box_fuse	result 1 1014.120465327728754316509 817.7181531099104786655403 1.125729180143372984878939 0.0 1.814478266980295437316519
g9_box_cut	expect solid S9e.3a cone
g9_box_cut	result 1 798.1204653277287543165088 702.1745833009905614255729 -0.5993769371689610076789248 0.0 1.764269437520194688734683
g9_box_common	expect solid S9e.3a cone
g9_box_common	result 1 83.16172385115803643139726 118.9136574905751408434332 5.752345885183795091555922 0.0 1.788951942428375120213911
g9_bore_fuse	expect solid S9e.3a cone
g9_bore_fuse	result 1 906.4149304076051366556073 733.7645518292039654166746 0.0 0.0 1.77307025778034515127446
g9_bore_cut	expect solid S9e.3a cone
g9_bore_cut	result 1 831.0167067214500989325038 733.7645518292039654166746 0.0 0.0 1.752480901000236276285737
g9_bore_common	expect solid S9e.3a cone
g9_bore_common	result 1 50.26548245743669181540229 75.39822368615503772310344 0.0 0.0 2.0
countersink_drill_fuse	expect solid S9e.3a cone
countersink_drill_fuse	result 1 363.8716844837173777576796 399.0255082893763242932068 5.0 5.0 1.902869833350644496921305
countersink_drill_cut	expect solid S9e.3a cone
countersink_drill_cut	result 1 358.37389733993523959037 381.7467486946324614816623 5.0 5.0 1.893709304144313027758187
countersink_drill_common	expect solid S9e.3a cone
countersink_drill_common	result 1 0.7853981633974483096156608 4.712388980384689857693965 5.0 5.0 0.5
groove_tilt_fuse	expect solid S9e.3a torus
groove_tilt_fuse	result 1 405.3663061437015712997326 1053.524173266298641468559 0.0 0.5410750994698757352246463 0.4669525907101171926384825
groove_tilt_cut	expect solid S9e.3a torus
groove_tilt_cut	result 2 189.3663061437016240575308 369.5569144182068584998801 0.0 -0.2789640177142860415957372 -0.9167055992942899781662141
groove_tilt_common	expect solid S9e.3a torus
groove_tilt_common	result 1 12.99317911288696113945793 63.18427338620026252633578 0.0 4.065701328565998024119539 -0.442135804596139930123423
groove_drill_fuse	expect solid S9e.3a torus
groove_drill_fuse	result 1 205.7683078583859102071059 356.4916882322370979920986 0.06541510833905839858871489 0.0 -0.8752537105641333710897928
groove_drill_cut	expect solid S9e.3a torus
groove_drill_cut	result 1 200.1134410819242827964174 349.8920237385434003075145 -0.04576959401140792194381494 0.0 -0.8858577446017287644591404
groove_drill_common	expect solid S9e.3a torus
groove_drill_common	result 1 2.246044174664302400571279 10.92826105238525934536148 4.077885492129472497377343 0.0 -0.919777670860106229966253
peg_clear_fuse	expect solid S9e.3a procedural
peg_clear_fuse	result 1 330.038266729205585830699 325.0423108663393289954613 0.04134798632119652031347576 0.0 -1.959057761211759656851813
peg_clear_cut	expect solid S9e.3a procedural
peg_clear_cut	result 1 106.038266729205585830699 127.453811689801537714707 0.1286933308051897558892449 0.0 0.7679866389672269313139048
peg_clear_common	expect solid S9e.3a procedural
peg_clear_common	result 1 17.67145867644258696635237 49.48008429403924350578663 0.0 0.0 -2.025
holes_tilt_fuse	expect solid S9e.3a deep
holes_tilt_fuse	result 1 1327.347570486918050894622 1315.800564803151964590956 5.008928252630579933683443 2.860367982384002027114389 2.623226748227944423304485
holes_tilt_cut	expect solid S9e.3a deep
holes_tilt_cut	result 2 277.3475704869180742093054 434.3844707291992099837971 5.042729396969614676449792 6.306896754296534127868964 2.71116004288967584531468
holes_tilt_common	expect solid S9e.3a deep
holes_tilt_common	result 1 136.2586315393626117329719 249.4427890921060698176917 5.143587469483371734431201 2.743359339736699184630306 2.070194385355714190556631
dome_deep_fuse	expect solid S9e.3a deep
dome_deep_fuse	result 1 10642.38773942140844524753 3578.559280964937367758482 -6.158096448242880643247611 -2.502982839977880212761058 3.96390116454253871919356
dome_deep_cut	expect solid S9e.3a deep
dome_deep_cut	result 1 242.3877394214072906155845 292.5894055374272558894519 6.861526350365267694402845 5.620276483823340844822635 2.415027902001437673676226
dome_deep_common	expect solid S9e.3a deep
dome_deep_common	result 1 197.4104251682943296768118 232.9573529912128168083587 2.508947560093785308138478 4.238401849334825934171568 2.322977874659496936786481
holed_ball_fuse	expect solid S9e.3a partner
holed_ball_fuse	result 1 503.2975443396625640758354 506.6120329991290521741577 5.0 5.0 2.927926002333330242816319
holed_ball_cut	expect solid S9e.3a partner
holed_ball_cut	result 1 390.2002088104300074911802 467.8882080807261777338723 5.0 5.0 2.327347010154068385658607
holed_ball_common	expect solid S9e.3a partner
holed_ball_common	result 1 39.11395648379964464341028 86.59591519664323199129483 5.0 5.0 4.222383485228112687731224
holed_cone_fuse	expect solid S9e.3a partner
holed_cone_fuse	result 1 441.4988218696732078072067 491.6846470844959364117522 5.0 5.0 2.551883869068549388876605
holed_cone_cut	expect solid S9e.3a partner
holed_cone_cut	result 1 419.5076732945446551379682 483.446529903308278753006 5.0 5.0 2.460994179263609022836578
holed_cone_common	expect solid S9e.3a partner
holed_cone_common	result 1 9.806491999684996996622278 35.32995860796695581685125 5.0 5.0 4.168613108805177162837251
holed_torus_fuse	expect solid S9e.3a partner
holed_torus_fuse	result 1 442.6347095071723876502036 487.2876565168398376347237 5.0 5.0 2.575663819134717554097751
holed_torus_cut	expect solid S9e.3a partner
holed_torus_cut	result 1 383.4170831006362359371966 511.5675034153073237577903 5.0 5.0 2.278455827989599525234177
holed_torus_common	expect solid S9e.3a partner
holed_torus_common	result 1 45.89708219359341619739391 111.2582089627721933720876 5.0 5.0 4.350745540901297722724518
g9_fuse	expect degenerate S9e.3a cone
g9_fuse	reason the third cylinder of radius 1 about (5, 0) touching the given frustum's top circle of radius 6 at (6, 0, 4) from inside (DRAW's bcut_simple/G9 and H3)
g9_fuse	result 1 896.9901524468357569402193 740.0477371363835518935999 0.087559284932506384531193 0.0 1.786446552353155782561109
g9_cut	expect degenerate S9e.3a cone
g9_cut	reason the third cylinder of radius 1 about (5, 0) touching the given frustum's top circle of radius 6 at (6, 0, 4) from inside (DRAW's bcut_simple/G9 and H3)
g9_cut	result 1 868.7158185645276177940555 727.4813665220243789397493 -0.07232728094628192571385519 0.0 1.763222331047992164544564
g9_common	expect degenerate S9e.3a cone
g9_common	reason the third cylinder of radius 1 about (5, 0) touching the given frustum's top circle of radius 6 at (6, 0, 4) from inside (DRAW's bcut_simple/G9 and H3)
g9_common	result 1 12.56637061435917295385057 31.41592653589793238462643 5.0 0.0 2.0
dome_touch_fuse	expect degenerate S9e.3a sphere
dome_touch_fuse	reason a third box's bottom face tangent to the given result's sphere at its top point
dome_touch_fuse	result 2 488.5486677646162782923276 452.2743338823081391461638 5.0 5.0 2.754714138207563984884754
dome_touch_cut	expect degenerate S9e.3a sphere
dome_touch_cut	reason a third box's bottom face tangent to the given result's sphere at its top point
dome_touch_cut	result 1 456.5486677646162782923276 388.2743338823081391461638 5.0 5.0 2.387066263120791685727526
dome_touch_common	expect degenerate S9e.3a sphere
dome_touch_common	reason a third box's bottom face tangent to the given result's sphere at its top point
dome_touch_common	empty
