# case	frame (solid k, or split k its plane) axis (n, x, y)	stored unit vector (stored_axes, as hex bits)
cyl_box_fuse	solid0 n	0000000000000000 0000000000000000 3ff0000000000000
cyl_box_fuse	solid0 x	3ff0000000000000 0000000000000000 0000000000000000
cyl_box_fuse	solid0 y	0000000000000000 3ff0000000000000 0000000000000000
cyl_box_fuse	split0 n	3fe3333333333333 0000000000000000 3fe999999999999a
cyl_box_fuse	split0 x	0000000000000000 3ff0000000000000 8000000000000000
cyl_box_fuse	split0 y	bfe999999999999a 0000000000000000 3fe3333333333332
cyl_box_fuse	solid1 n	0000000000000000 0000000000000000 3ff0000000000000
cyl_box_fuse	solid1 x	3ff0000000000000 0000000000000000 0000000000000000
cyl_box_fuse	solid1 y	0000000000000000 3ff0000000000000 0000000000000000
cyl_box_cut	solid0 n	0000000000000000 0000000000000000 3ff0000000000000
cyl_box_cut	solid0 x	3ff0000000000000 0000000000000000 0000000000000000
cyl_box_cut	solid0 y	0000000000000000 3ff0000000000000 0000000000000000
cyl_box_cut	split0 n	3fe3333333333333 0000000000000000 3fe999999999999a
cyl_box_cut	split0 x	0000000000000000 3ff0000000000000 8000000000000000
cyl_box_cut	split0 y	bfe999999999999a 0000000000000000 3fe3333333333332
cyl_box_cut	solid1 n	0000000000000000 0000000000000000 3ff0000000000000
cyl_box_cut	solid1 x	3ff0000000000000 0000000000000000 0000000000000000
cyl_box_cut	solid1 y	0000000000000000 3ff0000000000000 0000000000000000
cyl_box_common	solid0 n	0000000000000000 0000000000000000 3ff0000000000000
cyl_box_common	solid0 x	3ff0000000000000 0000000000000000 0000000000000000
cyl_box_common	solid0 y	0000000000000000 3ff0000000000000 0000000000000000
cyl_box_common	split0 n	3fe3333333333333 0000000000000000 3fe999999999999a
cyl_box_common	split0 x	0000000000000000 3ff0000000000000 8000000000000000
cyl_box_common	split0 y	bfe999999999999a 0000000000000000 3fe3333333333332
cyl_box_common	solid1 n	0000000000000000 0000000000000000 3ff0000000000000
cyl_box_common	solid1 x	3ff0000000000000 0000000000000000 0000000000000000
cyl_box_common	solid1 y	0000000000000000 3ff0000000000000 0000000000000000
box_cyl_fuse	solid0 n	0000000000000000 0000000000000000 3ff0000000000000
box_cyl_fuse	solid0 x	3ff0000000000000 0000000000000000 0000000000000000
box_cyl_fuse	solid0 y	0000000000000000 3ff0000000000000 0000000000000000
box_cyl_fuse	solid1 n	0000000000000000 0000000000000000 3ff0000000000000
box_cyl_fuse	solid1 x	3ff0000000000000 0000000000000000 0000000000000000
box_cyl_fuse	solid1 y	0000000000000000 3ff0000000000000 0000000000000000
box_cyl_fuse	split1 n	3fe3333333333333 0000000000000000 3fe999999999999a
box_cyl_fuse	split1 x	0000000000000000 3ff0000000000000 8000000000000000
box_cyl_fuse	split1 y	bfe999999999999a 0000000000000000 3fe3333333333332
box_cyl_cut	solid0 n	0000000000000000 0000000000000000 3ff0000000000000
box_cyl_cut	solid0 x	3ff0000000000000 0000000000000000 0000000000000000
box_cyl_cut	solid0 y	0000000000000000 3ff0000000000000 0000000000000000
box_cyl_cut	solid1 n	0000000000000000 0000000000000000 3ff0000000000000
box_cyl_cut	solid1 x	3ff0000000000000 0000000000000000 0000000000000000
box_cyl_cut	solid1 y	0000000000000000 3ff0000000000000 0000000000000000
box_cyl_cut	split1 n	3fe3333333333333 0000000000000000 3fe999999999999a
box_cyl_cut	split1 x	0000000000000000 3ff0000000000000 8000000000000000
box_cyl_cut	split1 y	bfe999999999999a 0000000000000000 3fe3333333333332
box_cyl_common	solid0 n	0000000000000000 0000000000000000 3ff0000000000000
box_cyl_common	solid0 x	3ff0000000000000 0000000000000000 0000000000000000
box_cyl_common	solid0 y	0000000000000000 3ff0000000000000 0000000000000000
box_cyl_common	solid1 n	0000000000000000 0000000000000000 3ff0000000000000
box_cyl_common	solid1 x	3ff0000000000000 0000000000000000 0000000000000000
box_cyl_common	solid1 y	0000000000000000 3ff0000000000000 0000000000000000
box_cyl_common	split1 n	3fe3333333333333 0000000000000000 3fe999999999999a
box_cyl_common	split1 x	0000000000000000 3ff0000000000000 8000000000000000
box_cyl_common	split1 y	bfe999999999999a 0000000000000000 3fe3333333333332
cyl_ball_fuse	solid0 n	0000000000000000 0000000000000000 3ff0000000000000
cyl_ball_fuse	solid0 x	3ff0000000000000 0000000000000000 0000000000000000
cyl_ball_fuse	solid0 y	0000000000000000 3ff0000000000000 0000000000000000
cyl_ball_fuse	split0 n	3fe3333333333333 0000000000000000 3fe999999999999a
cyl_ball_fuse	split0 x	0000000000000000 3ff0000000000000 8000000000000000
cyl_ball_fuse	split0 y	bfe999999999999a 0000000000000000 3fe3333333333332
cyl_ball_fuse	solid1 n	3fec71c71c71c71c 3fdc71c71c71c71c 3fbc71c71c71c71c
cyl_ball_fuse	solid1 x	bfbc71c71c71c71e 3fdc71c71c71c71e bfec71c71c71c71c
cyl_ball_fuse	solid1 y	bfdc71c71c71c71d 3fe8e38e38e38e38 3fdc71c71c71c71d
cyl_ball_cut	solid0 n	0000000000000000 0000000000000000 3ff0000000000000
cyl_ball_cut	solid0 x	3ff0000000000000 0000000000000000 0000000000000000
cyl_ball_cut	solid0 y	0000000000000000 3ff0000000000000 0000000000000000
cyl_ball_cut	split0 n	3fe3333333333333 0000000000000000 3fe999999999999a
cyl_ball_cut	split0 x	0000000000000000 3ff0000000000000 8000000000000000
cyl_ball_cut	split0 y	bfe999999999999a 0000000000000000 3fe3333333333332
cyl_ball_cut	solid1 n	3fec71c71c71c71c 3fdc71c71c71c71c 3fbc71c71c71c71c
cyl_ball_cut	solid1 x	bfbc71c71c71c71e 3fdc71c71c71c71e bfec71c71c71c71c
cyl_ball_cut	solid1 y	bfdc71c71c71c71d 3fe8e38e38e38e38 3fdc71c71c71c71d
cyl_ball_common	solid0 n	0000000000000000 0000000000000000 3ff0000000000000
cyl_ball_common	solid0 x	3ff0000000000000 0000000000000000 0000000000000000
cyl_ball_common	solid0 y	0000000000000000 3ff0000000000000 0000000000000000
cyl_ball_common	split0 n	3fe3333333333333 0000000000000000 3fe999999999999a
cyl_ball_common	split0 x	0000000000000000 3ff0000000000000 8000000000000000
cyl_ball_common	split0 y	bfe999999999999a 0000000000000000 3fe3333333333332
cyl_ball_common	solid1 n	3fec71c71c71c71c 3fdc71c71c71c71c 3fbc71c71c71c71c
cyl_ball_common	solid1 x	bfbc71c71c71c71e 3fdc71c71c71c71e bfec71c71c71c71c
cyl_ball_common	solid1 y	bfdc71c71c71c71d 3fe8e38e38e38e38 3fdc71c71c71c71d
cyl_rod_fuse	solid0 n	0000000000000000 0000000000000000 3ff0000000000000
cyl_rod_fuse	solid0 x	3ff0000000000000 0000000000000000 0000000000000000
cyl_rod_fuse	solid0 y	0000000000000000 3ff0000000000000 0000000000000000
cyl_rod_fuse	split0 n	3fe3333333333333 0000000000000000 3fe999999999999a
cyl_rod_fuse	split0 x	0000000000000000 3ff0000000000000 8000000000000000
cyl_rod_fuse	split0 y	bfe999999999999a 0000000000000000 3fe3333333333332
cyl_rod_fuse	solid1 n	0000000000000000 3ff0000000000000 0000000000000000
cyl_rod_fuse	solid1 x	3ff0000000000000 8000000000000000 0000000000000000
cyl_rod_fuse	solid1 y	0000000000000000 0000000000000000 bff0000000000000
cyl_rod_cut	solid0 n	0000000000000000 0000000000000000 3ff0000000000000
cyl_rod_cut	solid0 x	3ff0000000000000 0000000000000000 0000000000000000
cyl_rod_cut	solid0 y	0000000000000000 3ff0000000000000 0000000000000000
cyl_rod_cut	split0 n	3fe3333333333333 0000000000000000 3fe999999999999a
cyl_rod_cut	split0 x	0000000000000000 3ff0000000000000 8000000000000000
cyl_rod_cut	split0 y	bfe999999999999a 0000000000000000 3fe3333333333332
cyl_rod_cut	solid1 n	0000000000000000 3ff0000000000000 0000000000000000
cyl_rod_cut	solid1 x	3ff0000000000000 8000000000000000 0000000000000000
cyl_rod_cut	solid1 y	0000000000000000 0000000000000000 bff0000000000000
cyl_rod_common	solid0 n	0000000000000000 0000000000000000 3ff0000000000000
cyl_rod_common	solid0 x	3ff0000000000000 0000000000000000 0000000000000000
cyl_rod_common	solid0 y	0000000000000000 3ff0000000000000 0000000000000000
cyl_rod_common	split0 n	3fe3333333333333 0000000000000000 3fe999999999999a
cyl_rod_common	split0 x	0000000000000000 3ff0000000000000 8000000000000000
cyl_rod_common	split0 y	bfe999999999999a 0000000000000000 3fe3333333333332
cyl_rod_common	solid1 n	0000000000000000 3ff0000000000000 0000000000000000
cyl_rod_common	solid1 x	3ff0000000000000 8000000000000000 0000000000000000
cyl_rod_common	solid1 y	0000000000000000 0000000000000000 bff0000000000000
dee_rod_fuse	solid0 n	0000000000000000 0000000000000000 3ff0000000000000
dee_rod_fuse	solid0 x	3ff0000000000000 0000000000000000 0000000000000000
dee_rod_fuse	solid0 y	0000000000000000 3ff0000000000000 0000000000000000
dee_rod_fuse	split0 n	0000000000000000 3fe3333333333333 3fe999999999999a
dee_rod_fuse	split0 x	3ff0000000000000 8000000000000000 0000000000000000
dee_rod_fuse	split0 y	0000000000000000 3fe999999999999a bfe3333333333332
dee_rod_fuse	solid1 n	0000000000000000 0000000000000000 3ff0000000000000
dee_rod_fuse	solid1 x	3ff0000000000000 0000000000000000 0000000000000000
dee_rod_fuse	solid1 y	0000000000000000 3ff0000000000000 0000000000000000
dee_rod_cut	solid0 n	0000000000000000 0000000000000000 3ff0000000000000
dee_rod_cut	solid0 x	3ff0000000000000 0000000000000000 0000000000000000
dee_rod_cut	solid0 y	0000000000000000 3ff0000000000000 0000000000000000
dee_rod_cut	split0 n	0000000000000000 3fe3333333333333 3fe999999999999a
dee_rod_cut	split0 x	3ff0000000000000 8000000000000000 0000000000000000
dee_rod_cut	split0 y	0000000000000000 3fe999999999999a bfe3333333333332
dee_rod_cut	solid1 n	0000000000000000 0000000000000000 3ff0000000000000
dee_rod_cut	solid1 x	3ff0000000000000 0000000000000000 0000000000000000
dee_rod_cut	solid1 y	0000000000000000 3ff0000000000000 0000000000000000
dee_rod_common	solid0 n	0000000000000000 0000000000000000 3ff0000000000000
dee_rod_common	solid0 x	3ff0000000000000 0000000000000000 0000000000000000
dee_rod_common	solid0 y	0000000000000000 3ff0000000000000 0000000000000000
dee_rod_common	split0 n	0000000000000000 3fe3333333333333 3fe999999999999a
dee_rod_common	split0 x	3ff0000000000000 8000000000000000 0000000000000000
dee_rod_common	split0 y	0000000000000000 3fe999999999999a bfe3333333333332
dee_rod_common	solid1 n	0000000000000000 0000000000000000 3ff0000000000000
dee_rod_common	solid1 x	3ff0000000000000 0000000000000000 0000000000000000
dee_rod_common	solid1 y	0000000000000000 3ff0000000000000 0000000000000000
block_rod_fuse	solid0 n	0000000000000000 0000000000000000 3ff0000000000000
block_rod_fuse	solid0 x	3ff0000000000000 0000000000000000 0000000000000000
block_rod_fuse	solid0 y	0000000000000000 3ff0000000000000 0000000000000000
block_rod_fuse	split0 n	3fe3333333333333 0000000000000000 3fe999999999999a
block_rod_fuse	split0 x	0000000000000000 3ff0000000000000 8000000000000000
block_rod_fuse	split0 y	bfe999999999999a 0000000000000000 3fe3333333333332
block_rod_fuse	solid1 n	0000000000000000 3ff0000000000000 0000000000000000
block_rod_fuse	solid1 x	3ff0000000000000 8000000000000000 0000000000000000
block_rod_fuse	solid1 y	0000000000000000 0000000000000000 bff0000000000000
block_rod_cut	solid0 n	0000000000000000 0000000000000000 3ff0000000000000
block_rod_cut	solid0 x	3ff0000000000000 0000000000000000 0000000000000000
block_rod_cut	solid0 y	0000000000000000 3ff0000000000000 0000000000000000
block_rod_cut	split0 n	3fe3333333333333 0000000000000000 3fe999999999999a
block_rod_cut	split0 x	0000000000000000 3ff0000000000000 8000000000000000
block_rod_cut	split0 y	bfe999999999999a 0000000000000000 3fe3333333333332
block_rod_cut	solid1 n	0000000000000000 3ff0000000000000 0000000000000000
block_rod_cut	solid1 x	3ff0000000000000 8000000000000000 0000000000000000
block_rod_cut	solid1 y	0000000000000000 0000000000000000 bff0000000000000
block_rod_common	solid0 n	0000000000000000 0000000000000000 3ff0000000000000
block_rod_common	solid0 x	3ff0000000000000 0000000000000000 0000000000000000
block_rod_common	solid0 y	0000000000000000 3ff0000000000000 0000000000000000
block_rod_common	split0 n	3fe3333333333333 0000000000000000 3fe999999999999a
block_rod_common	split0 x	0000000000000000 3ff0000000000000 8000000000000000
block_rod_common	split0 y	bfe999999999999a 0000000000000000 3fe3333333333332
block_rod_common	solid1 n	0000000000000000 3ff0000000000000 0000000000000000
block_rod_common	solid1 x	3ff0000000000000 8000000000000000 0000000000000000
block_rod_common	solid1 y	0000000000000000 0000000000000000 bff0000000000000
frustum_ball_fuse	solid0 n	0000000000000000 0000000000000000 3ff0000000000000
frustum_ball_fuse	solid0 x	3ff0000000000000 0000000000000000 0000000000000000
frustum_ball_fuse	solid0 y	0000000000000000 3ff0000000000000 0000000000000000
frustum_ball_fuse	split0 n	0000000000000000 3fe3333333333333 3fe999999999999a
frustum_ball_fuse	split0 x	3ff0000000000000 8000000000000000 0000000000000000
frustum_ball_fuse	split0 y	0000000000000000 3fe999999999999a bfe3333333333332
frustum_ball_fuse	solid1 n	3fec71c71c71c71c 3fdc71c71c71c71c 3fbc71c71c71c71c
frustum_ball_fuse	solid1 x	bfbc71c71c71c71e 3fdc71c71c71c71e bfec71c71c71c71c
frustum_ball_fuse	solid1 y	bfdc71c71c71c71d 3fe8e38e38e38e38 3fdc71c71c71c71d
frustum_ball_cut	solid0 n	0000000000000000 0000000000000000 3ff0000000000000
frustum_ball_cut	solid0 x	3ff0000000000000 0000000000000000 0000000000000000
frustum_ball_cut	solid0 y	0000000000000000 3ff0000000000000 0000000000000000
frustum_ball_cut	split0 n	0000000000000000 3fe3333333333333 3fe999999999999a
frustum_ball_cut	split0 x	3ff0000000000000 8000000000000000 0000000000000000
frustum_ball_cut	split0 y	0000000000000000 3fe999999999999a bfe3333333333332
frustum_ball_cut	solid1 n	3fec71c71c71c71c 3fdc71c71c71c71c 3fbc71c71c71c71c
frustum_ball_cut	solid1 x	bfbc71c71c71c71e 3fdc71c71c71c71e bfec71c71c71c71c
frustum_ball_cut	solid1 y	bfdc71c71c71c71d 3fe8e38e38e38e38 3fdc71c71c71c71d
frustum_ball_common	solid0 n	0000000000000000 0000000000000000 3ff0000000000000
frustum_ball_common	solid0 x	3ff0000000000000 0000000000000000 0000000000000000
frustum_ball_common	solid0 y	0000000000000000 3ff0000000000000 0000000000000000
frustum_ball_common	split0 n	0000000000000000 3fe3333333333333 3fe999999999999a
frustum_ball_common	split0 x	3ff0000000000000 8000000000000000 0000000000000000
frustum_ball_common	split0 y	0000000000000000 3fe999999999999a bfe3333333333332
frustum_ball_common	solid1 n	3fec71c71c71c71c 3fdc71c71c71c71c 3fbc71c71c71c71c
frustum_ball_common	solid1 x	bfbc71c71c71c71e 3fdc71c71c71c71e bfec71c71c71c71c
frustum_ball_common	solid1 y	bfdc71c71c71c71d 3fe8e38e38e38e38 3fdc71c71c71c71d
zone_box_fuse	solid0 n	3fdc71c71c71c71d 3fdc71c71c71c71d 3fe8e38e38e38e3a
zone_box_fuse	solid0 x	3fbc71c71c71c71c bfec71c71c71c71c 3fdc71c71c71c71c
zone_box_fuse	solid0 y	3fec71c71c71c71c bfbc71c71c71c71b bfdc71c71c71c71c
zone_box_fuse	split0 n	3fbc71c71c71c71c bfec71c71c71c71c 3fdc71c71c71c71c
zone_box_fuse	split0 x	3fdc71c71c71c71d 3fdc71c71c71c71d 3fe8e38e38e38e3a
zone_box_fuse	split0 y	bfec71c71c71c71c 3fbc71c71c71c71b 3fdc71c71c71c71c
zone_box_fuse	solid1 n	0000000000000000 0000000000000000 3ff0000000000000
zone_box_fuse	solid1 x	3ff0000000000000 0000000000000000 0000000000000000
zone_box_fuse	solid1 y	0000000000000000 3ff0000000000000 0000000000000000
zone_box_cut	solid0 n	3fdc71c71c71c71d 3fdc71c71c71c71d 3fe8e38e38e38e3a
zone_box_cut	solid0 x	3fbc71c71c71c71c bfec71c71c71c71c 3fdc71c71c71c71c
zone_box_cut	solid0 y	3fec71c71c71c71c bfbc71c71c71c71b bfdc71c71c71c71c
zone_box_cut	split0 n	3fbc71c71c71c71c bfec71c71c71c71c 3fdc71c71c71c71c
zone_box_cut	split0 x	3fdc71c71c71c71d 3fdc71c71c71c71d 3fe8e38e38e38e3a
zone_box_cut	split0 y	bfec71c71c71c71c 3fbc71c71c71c71b 3fdc71c71c71c71c
zone_box_cut	solid1 n	0000000000000000 0000000000000000 3ff0000000000000
zone_box_cut	solid1 x	3ff0000000000000 0000000000000000 0000000000000000
zone_box_cut	solid1 y	0000000000000000 3ff0000000000000 0000000000000000
zone_box_common	solid0 n	3fdc71c71c71c71d 3fdc71c71c71c71d 3fe8e38e38e38e3a
zone_box_common	solid0 x	3fbc71c71c71c71c bfec71c71c71c71c 3fdc71c71c71c71c
zone_box_common	solid0 y	3fec71c71c71c71c bfbc71c71c71c71b bfdc71c71c71c71c
zone_box_common	split0 n	3fbc71c71c71c71c bfec71c71c71c71c 3fdc71c71c71c71c
zone_box_common	split0 x	3fdc71c71c71c71d 3fdc71c71c71c71d 3fe8e38e38e38e3a
zone_box_common	split0 y	bfec71c71c71c71c 3fbc71c71c71c71b 3fdc71c71c71c71c
zone_box_common	solid1 n	0000000000000000 0000000000000000 3ff0000000000000
zone_box_common	solid1 x	3ff0000000000000 0000000000000000 0000000000000000
zone_box_common	solid1 y	0000000000000000 3ff0000000000000 0000000000000000
zone_cone_fuse	solid0 n	3fdc71c71c71c71d 3fdc71c71c71c71d 3fe8e38e38e38e3a
zone_cone_fuse	solid0 x	3fbc71c71c71c71c bfec71c71c71c71c 3fdc71c71c71c71c
zone_cone_fuse	solid0 y	3fec71c71c71c71c bfbc71c71c71c71b bfdc71c71c71c71c
zone_cone_fuse	split0 n	3fbc71c71c71c71c bfec71c71c71c71c 3fdc71c71c71c71c
zone_cone_fuse	split0 x	3fdc71c71c71c71d 3fdc71c71c71c71d 3fe8e38e38e38e3a
zone_cone_fuse	split0 y	bfec71c71c71c71c 3fbc71c71c71c71b 3fdc71c71c71c71c
zone_cone_fuse	solid1 n	3fdc71c71c71c71d 3fdc71c71c71c71d 3fe8e38e38e38e3a
zone_cone_fuse	solid1 x	3fbc71c71c71c71c bfec71c71c71c71c 3fdc71c71c71c71c
zone_cone_fuse	solid1 y	3fec71c71c71c71c bfbc71c71c71c71b bfdc71c71c71c71c
zone_cone_cut	solid0 n	3fdc71c71c71c71d 3fdc71c71c71c71d 3fe8e38e38e38e3a
zone_cone_cut	solid0 x	3fbc71c71c71c71c bfec71c71c71c71c 3fdc71c71c71c71c
zone_cone_cut	solid0 y	3fec71c71c71c71c bfbc71c71c71c71b bfdc71c71c71c71c
zone_cone_cut	split0 n	3fbc71c71c71c71c bfec71c71c71c71c 3fdc71c71c71c71c
zone_cone_cut	split0 x	3fdc71c71c71c71d 3fdc71c71c71c71d 3fe8e38e38e38e3a
zone_cone_cut	split0 y	bfec71c71c71c71c 3fbc71c71c71c71b 3fdc71c71c71c71c
zone_cone_cut	solid1 n	3fdc71c71c71c71d 3fdc71c71c71c71d 3fe8e38e38e38e3a
zone_cone_cut	solid1 x	3fbc71c71c71c71c bfec71c71c71c71c 3fdc71c71c71c71c
zone_cone_cut	solid1 y	3fec71c71c71c71c bfbc71c71c71c71b bfdc71c71c71c71c
zone_cone_common	solid0 n	3fdc71c71c71c71d 3fdc71c71c71c71d 3fe8e38e38e38e3a
zone_cone_common	solid0 x	3fbc71c71c71c71c bfec71c71c71c71c 3fdc71c71c71c71c
zone_cone_common	solid0 y	3fec71c71c71c71c bfbc71c71c71c71b bfdc71c71c71c71c
zone_cone_common	split0 n	3fbc71c71c71c71c bfec71c71c71c71c 3fdc71c71c71c71c
zone_cone_common	split0 x	3fdc71c71c71c71d 3fdc71c71c71c71d 3fe8e38e38e38e3a
zone_cone_common	split0 y	bfec71c71c71c71c 3fbc71c71c71c71b 3fdc71c71c71c71c
zone_cone_common	solid1 n	3fdc71c71c71c71d 3fdc71c71c71c71d 3fe8e38e38e38e3a
zone_cone_common	solid1 x	3fbc71c71c71c71c bfec71c71c71c71c 3fdc71c71c71c71c
zone_cone_common	solid1 y	3fec71c71c71c71c bfbc71c71c71c71b bfdc71c71c71c71c
cut_rod_fuse	solid0 n	3fec71c71c71c71c 3fdc71c71c71c71c 3fbc71c71c71c71c
cut_rod_fuse	solid0 x	bfbc71c71c71c71e 3fdc71c71c71c71e bfec71c71c71c71c
cut_rod_fuse	solid0 y	bfdc71c71c71c71d 3fe8e38e38e38e38 3fdc71c71c71c71d
cut_rod_fuse	split0 n	0000000000000000 3fe3333333333333 3fe999999999999a
cut_rod_fuse	split0 x	3ff0000000000000 8000000000000000 0000000000000000
cut_rod_fuse	split0 y	0000000000000000 3fe999999999999a bfe3333333333332
cut_rod_fuse	solid1 n	0000000000000000 3ff0000000000000 0000000000000000
cut_rod_fuse	solid1 x	3ff0000000000000 8000000000000000 0000000000000000
cut_rod_fuse	solid1 y	0000000000000000 0000000000000000 bff0000000000000
cut_rod_cut	solid0 n	3fec71c71c71c71c 3fdc71c71c71c71c 3fbc71c71c71c71c
cut_rod_cut	solid0 x	bfbc71c71c71c71e 3fdc71c71c71c71e bfec71c71c71c71c
cut_rod_cut	solid0 y	bfdc71c71c71c71d 3fe8e38e38e38e38 3fdc71c71c71c71d
cut_rod_cut	split0 n	0000000000000000 3fe3333333333333 3fe999999999999a
cut_rod_cut	split0 x	3ff0000000000000 8000000000000000 0000000000000000
cut_rod_cut	split0 y	0000000000000000 3fe999999999999a bfe3333333333332
cut_rod_cut	solid1 n	0000000000000000 3ff0000000000000 0000000000000000
cut_rod_cut	solid1 x	3ff0000000000000 8000000000000000 0000000000000000
cut_rod_cut	solid1 y	0000000000000000 0000000000000000 bff0000000000000
cut_rod_common	solid0 n	3fec71c71c71c71c 3fdc71c71c71c71c 3fbc71c71c71c71c
cut_rod_common	solid0 x	bfbc71c71c71c71e 3fdc71c71c71c71e bfec71c71c71c71c
cut_rod_common	solid0 y	bfdc71c71c71c71d 3fe8e38e38e38e38 3fdc71c71c71c71d
cut_rod_common	split0 n	0000000000000000 3fe3333333333333 3fe999999999999a
cut_rod_common	split0 x	3ff0000000000000 8000000000000000 0000000000000000
cut_rod_common	split0 y	0000000000000000 3fe999999999999a bfe3333333333332
cut_rod_common	solid1 n	0000000000000000 3ff0000000000000 0000000000000000
cut_rod_common	solid1 x	3ff0000000000000 8000000000000000 0000000000000000
cut_rod_common	solid1 y	0000000000000000 0000000000000000 bff0000000000000
band_ball_fuse	solid0 n	0000000000000000 0000000000000000 3ff0000000000000
band_ball_fuse	solid0 x	3ff0000000000000 0000000000000000 0000000000000000
band_ball_fuse	solid0 y	0000000000000000 3ff0000000000000 0000000000000000
band_ball_fuse	split0 n	0000000000000000 0000000000000000 3ff0000000000000
band_ball_fuse	split0 x	3ff0000000000000 0000000000000000 0000000000000000
band_ball_fuse	split0 y	0000000000000000 3ff0000000000000 0000000000000000
band_ball_fuse	solid1 n	3fec71c71c71c71c 3fdc71c71c71c71c 3fbc71c71c71c71c
band_ball_fuse	solid1 x	bfbc71c71c71c71e 3fdc71c71c71c71e bfec71c71c71c71c
band_ball_fuse	solid1 y	bfdc71c71c71c71d 3fe8e38e38e38e38 3fdc71c71c71c71d
band_ball_cut	solid0 n	0000000000000000 0000000000000000 3ff0000000000000
band_ball_cut	solid0 x	3ff0000000000000 0000000000000000 0000000000000000
band_ball_cut	solid0 y	0000000000000000 3ff0000000000000 0000000000000000
band_ball_cut	split0 n	0000000000000000 0000000000000000 3ff0000000000000
band_ball_cut	split0 x	3ff0000000000000 0000000000000000 0000000000000000
band_ball_cut	split0 y	0000000000000000 3ff0000000000000 0000000000000000
band_ball_cut	solid1 n	3fec71c71c71c71c 3fdc71c71c71c71c 3fbc71c71c71c71c
band_ball_cut	solid1 x	bfbc71c71c71c71e 3fdc71c71c71c71e bfec71c71c71c71c
band_ball_cut	solid1 y	bfdc71c71c71c71d 3fe8e38e38e38e38 3fdc71c71c71c71d
band_ball_common	solid0 n	0000000000000000 0000000000000000 3ff0000000000000
band_ball_common	solid0 x	3ff0000000000000 0000000000000000 0000000000000000
band_ball_common	solid0 y	0000000000000000 3ff0000000000000 0000000000000000
band_ball_common	split0 n	0000000000000000 0000000000000000 3ff0000000000000
band_ball_common	split0 x	3ff0000000000000 0000000000000000 0000000000000000
band_ball_common	split0 y	0000000000000000 3ff0000000000000 0000000000000000
band_ball_common	solid1 n	3fec71c71c71c71c 3fdc71c71c71c71c 3fbc71c71c71c71c
band_ball_common	solid1 x	bfbc71c71c71c71e 3fdc71c71c71c71e bfec71c71c71c71c
band_ball_common	solid1 y	bfdc71c71c71c71d 3fe8e38e38e38e38 3fdc71c71c71c71d
pair_fuse	solid0 n	0000000000000000 0000000000000000 3ff0000000000000
pair_fuse	solid0 x	3ff0000000000000 0000000000000000 0000000000000000
pair_fuse	solid0 y	0000000000000000 3ff0000000000000 0000000000000000
pair_fuse	split0 n	3fe3333333333333 0000000000000000 3fe999999999999a
pair_fuse	split0 x	0000000000000000 3ff0000000000000 8000000000000000
pair_fuse	split0 y	bfe999999999999a 0000000000000000 3fe3333333333332
pair_fuse	solid1 n	0000000000000000 0000000000000000 3ff0000000000000
pair_fuse	solid1 x	3ff0000000000000 0000000000000000 0000000000000000
pair_fuse	solid1 y	0000000000000000 3ff0000000000000 0000000000000000
pair_fuse	split1 n	0000000000000000 3fe3333333333333 3fe999999999999a
pair_fuse	split1 x	3ff0000000000000 8000000000000000 0000000000000000
pair_fuse	split1 y	0000000000000000 3fe999999999999a bfe3333333333332
pair_cut	solid0 n	0000000000000000 0000000000000000 3ff0000000000000
pair_cut	solid0 x	3ff0000000000000 0000000000000000 0000000000000000
pair_cut	solid0 y	0000000000000000 3ff0000000000000 0000000000000000
pair_cut	split0 n	3fe3333333333333 0000000000000000 3fe999999999999a
pair_cut	split0 x	0000000000000000 3ff0000000000000 8000000000000000
pair_cut	split0 y	bfe999999999999a 0000000000000000 3fe3333333333332
pair_cut	solid1 n	0000000000000000 0000000000000000 3ff0000000000000
pair_cut	solid1 x	3ff0000000000000 0000000000000000 0000000000000000
pair_cut	solid1 y	0000000000000000 3ff0000000000000 0000000000000000
pair_cut	split1 n	0000000000000000 3fe3333333333333 3fe999999999999a
pair_cut	split1 x	3ff0000000000000 8000000000000000 0000000000000000
pair_cut	split1 y	0000000000000000 3fe999999999999a bfe3333333333332
pair_common	solid0 n	0000000000000000 0000000000000000 3ff0000000000000
pair_common	solid0 x	3ff0000000000000 0000000000000000 0000000000000000
pair_common	solid0 y	0000000000000000 3ff0000000000000 0000000000000000
pair_common	split0 n	3fe3333333333333 0000000000000000 3fe999999999999a
pair_common	split0 x	0000000000000000 3ff0000000000000 8000000000000000
pair_common	split0 y	bfe999999999999a 0000000000000000 3fe3333333333332
pair_common	solid1 n	0000000000000000 0000000000000000 3ff0000000000000
pair_common	solid1 x	3ff0000000000000 0000000000000000 0000000000000000
pair_common	solid1 y	0000000000000000 3ff0000000000000 0000000000000000
pair_common	split1 n	0000000000000000 3fe3333333333333 3fe999999999999a
pair_common	split1 x	3ff0000000000000 8000000000000000 0000000000000000
pair_common	split1 y	0000000000000000 3fe999999999999a bfe3333333333332
chain_cyl_fuse	solid0 n	0000000000000000 0000000000000000 3ff0000000000000
chain_cyl_fuse	solid0 x	3ff0000000000000 0000000000000000 0000000000000000
chain_cyl_fuse	solid0 y	0000000000000000 3ff0000000000000 0000000000000000
chain_cyl_fuse	split0 n	3fe3333333333333 0000000000000000 3fe999999999999a
chain_cyl_fuse	split0 x	0000000000000000 3ff0000000000000 8000000000000000
chain_cyl_fuse	split0 y	bfe999999999999a 0000000000000000 3fe3333333333332
chain_cyl_fuse	solid1 n	0000000000000000 3ff0000000000000 0000000000000000
chain_cyl_fuse	solid1 x	3ff0000000000000 8000000000000000 0000000000000000
chain_cyl_fuse	solid1 y	0000000000000000 0000000000000000 bff0000000000000
chain_cyl_fuse	solid2 n	0000000000000000 0000000000000000 3ff0000000000000
chain_cyl_fuse	solid2 x	3ff0000000000000 0000000000000000 0000000000000000
chain_cyl_fuse	solid2 y	0000000000000000 3ff0000000000000 0000000000000000
chain_cyl_cut	solid0 n	0000000000000000 0000000000000000 3ff0000000000000
chain_cyl_cut	solid0 x	3ff0000000000000 0000000000000000 0000000000000000
chain_cyl_cut	solid0 y	0000000000000000 3ff0000000000000 0000000000000000
chain_cyl_cut	split0 n	3fe3333333333333 0000000000000000 3fe999999999999a
chain_cyl_cut	split0 x	0000000000000000 3ff0000000000000 8000000000000000
chain_cyl_cut	split0 y	bfe999999999999a 0000000000000000 3fe3333333333332
chain_cyl_cut	solid1 n	0000000000000000 3ff0000000000000 0000000000000000
chain_cyl_cut	solid1 x	3ff0000000000000 8000000000000000 0000000000000000
chain_cyl_cut	solid1 y	0000000000000000 0000000000000000 bff0000000000000
chain_cyl_cut	solid2 n	0000000000000000 0000000000000000 3ff0000000000000
chain_cyl_cut	solid2 x	3ff0000000000000 0000000000000000 0000000000000000
chain_cyl_cut	solid2 y	0000000000000000 3ff0000000000000 0000000000000000
chain_cyl_common	solid0 n	0000000000000000 0000000000000000 3ff0000000000000
chain_cyl_common	solid0 x	3ff0000000000000 0000000000000000 0000000000000000
chain_cyl_common	solid0 y	0000000000000000 3ff0000000000000 0000000000000000
chain_cyl_common	split0 n	3fe3333333333333 0000000000000000 3fe999999999999a
chain_cyl_common	split0 x	0000000000000000 3ff0000000000000 8000000000000000
chain_cyl_common	split0 y	bfe999999999999a 0000000000000000 3fe3333333333332
chain_cyl_common	solid1 n	0000000000000000 3ff0000000000000 0000000000000000
chain_cyl_common	solid1 x	3ff0000000000000 8000000000000000 0000000000000000
chain_cyl_common	solid1 y	0000000000000000 0000000000000000 bff0000000000000
chain_cyl_common	solid2 n	0000000000000000 0000000000000000 3ff0000000000000
chain_cyl_common	solid2 x	3ff0000000000000 0000000000000000 0000000000000000
chain_cyl_common	solid2 y	0000000000000000 3ff0000000000000 0000000000000000
cone_axis_fuse	solid0 n	0000000000000000 0000000000000000 3ff0000000000000
cone_axis_fuse	solid0 x	3ff0000000000000 0000000000000000 0000000000000000
cone_axis_fuse	solid0 y	0000000000000000 3ff0000000000000 0000000000000000
cone_axis_fuse	split0 n	3ff0000000000000 0000000000000000 0000000000000000
cone_axis_fuse	split0 x	0000000000000000 3ff0000000000000 0000000000000000
cone_axis_fuse	split0 y	0000000000000000 0000000000000000 3ff0000000000000
cone_axis_fuse	solid1 n	0000000000000000 0000000000000000 3ff0000000000000
cone_axis_fuse	solid1 x	3ff0000000000000 0000000000000000 0000000000000000
cone_axis_fuse	solid1 y	0000000000000000 3ff0000000000000 0000000000000000
cone_axis_cut	solid0 n	0000000000000000 0000000000000000 3ff0000000000000
cone_axis_cut	solid0 x	3ff0000000000000 0000000000000000 0000000000000000
cone_axis_cut	solid0 y	0000000000000000 3ff0000000000000 0000000000000000
cone_axis_cut	split0 n	3ff0000000000000 0000000000000000 0000000000000000
cone_axis_cut	split0 x	0000000000000000 3ff0000000000000 0000000000000000
cone_axis_cut	split0 y	0000000000000000 0000000000000000 3ff0000000000000
cone_axis_cut	solid1 n	0000000000000000 0000000000000000 3ff0000000000000
cone_axis_cut	solid1 x	3ff0000000000000 0000000000000000 0000000000000000
cone_axis_cut	solid1 y	0000000000000000 3ff0000000000000 0000000000000000
cone_axis_common	solid0 n	0000000000000000 0000000000000000 3ff0000000000000
cone_axis_common	solid0 x	3ff0000000000000 0000000000000000 0000000000000000
cone_axis_common	solid0 y	0000000000000000 3ff0000000000000 0000000000000000
cone_axis_common	split0 n	3ff0000000000000 0000000000000000 0000000000000000
cone_axis_common	split0 x	0000000000000000 3ff0000000000000 0000000000000000
cone_axis_common	split0 y	0000000000000000 0000000000000000 3ff0000000000000
cone_axis_common	solid1 n	0000000000000000 0000000000000000 3ff0000000000000
cone_axis_common	solid1 x	3ff0000000000000 0000000000000000 0000000000000000
cone_axis_common	solid1 y	0000000000000000 3ff0000000000000 0000000000000000
cyl_flush_fuse	solid0 n	0000000000000000 0000000000000000 3ff0000000000000
cyl_flush_fuse	solid0 x	3ff0000000000000 0000000000000000 0000000000000000
cyl_flush_fuse	solid0 y	0000000000000000 3ff0000000000000 0000000000000000
cyl_flush_fuse	split0 n	3fe3333333333333 0000000000000000 3fe999999999999a
cyl_flush_fuse	split0 x	0000000000000000 3ff0000000000000 8000000000000000
cyl_flush_fuse	split0 y	bfe999999999999a 0000000000000000 3fe3333333333332
cyl_flush_fuse	solid1 n	3fe3333333333333 0000000000000000 3fe999999999999a
cyl_flush_fuse	solid1 x	0000000000000000 3ff0000000000000 8000000000000000
cyl_flush_fuse	solid1 y	bfe999999999999a 0000000000000000 3fe3333333333332
cyl_flush_cut	solid0 n	0000000000000000 0000000000000000 3ff0000000000000
cyl_flush_cut	solid0 x	3ff0000000000000 0000000000000000 0000000000000000
cyl_flush_cut	solid0 y	0000000000000000 3ff0000000000000 0000000000000000
cyl_flush_cut	split0 n	3fe3333333333333 0000000000000000 3fe999999999999a
cyl_flush_cut	split0 x	0000000000000000 3ff0000000000000 8000000000000000
cyl_flush_cut	split0 y	bfe999999999999a 0000000000000000 3fe3333333333332
cyl_flush_cut	solid1 n	3fe3333333333333 0000000000000000 3fe999999999999a
cyl_flush_cut	solid1 x	0000000000000000 3ff0000000000000 8000000000000000
cyl_flush_cut	solid1 y	bfe999999999999a 0000000000000000 3fe3333333333332
cyl_flush_common	solid0 n	0000000000000000 0000000000000000 3ff0000000000000
cyl_flush_common	solid0 x	3ff0000000000000 0000000000000000 0000000000000000
cyl_flush_common	solid0 y	0000000000000000 3ff0000000000000 0000000000000000
cyl_flush_common	split0 n	3fe3333333333333 0000000000000000 3fe999999999999a
cyl_flush_common	split0 x	0000000000000000 3ff0000000000000 8000000000000000
cyl_flush_common	split0 y	bfe999999999999a 0000000000000000 3fe3333333333332
cyl_flush_common	solid1 n	3fe3333333333333 0000000000000000 3fe999999999999a
cyl_flush_common	solid1 x	0000000000000000 3ff0000000000000 8000000000000000
cyl_flush_common	solid1 y	bfe999999999999a 0000000000000000 3fe3333333333332
one_sphere_fuse	solid0 n	3fdc71c71c71c71d 3fdc71c71c71c71d 3fe8e38e38e38e3a
one_sphere_fuse	solid0 x	3fbc71c71c71c71c bfec71c71c71c71c 3fdc71c71c71c71c
one_sphere_fuse	solid0 y	3fec71c71c71c71c bfbc71c71c71c71b bfdc71c71c71c71c
one_sphere_fuse	split0 n	3fbc71c71c71c71c bfec71c71c71c71c 3fdc71c71c71c71c
one_sphere_fuse	split0 x	3fdc71c71c71c71d 3fdc71c71c71c71d 3fe8e38e38e38e3a
one_sphere_fuse	split0 y	bfec71c71c71c71c 3fbc71c71c71c71b 3fdc71c71c71c71c
one_sphere_fuse	solid1 n	3fdc71c71c71c71d 3fdc71c71c71c71d 3fe8e38e38e38e3a
one_sphere_fuse	solid1 x	3fbc71c71c71c71c bfec71c71c71c71c 3fdc71c71c71c71c
one_sphere_fuse	solid1 y	3fec71c71c71c71c bfbc71c71c71c71b bfdc71c71c71c71c
one_sphere_cut	solid0 n	3fdc71c71c71c71d 3fdc71c71c71c71d 3fe8e38e38e38e3a
one_sphere_cut	solid0 x	3fbc71c71c71c71c bfec71c71c71c71c 3fdc71c71c71c71c
one_sphere_cut	solid0 y	3fec71c71c71c71c bfbc71c71c71c71b bfdc71c71c71c71c
one_sphere_cut	split0 n	3fbc71c71c71c71c bfec71c71c71c71c 3fdc71c71c71c71c
one_sphere_cut	split0 x	3fdc71c71c71c71d 3fdc71c71c71c71d 3fe8e38e38e38e3a
one_sphere_cut	split0 y	bfec71c71c71c71c 3fbc71c71c71c71b 3fdc71c71c71c71c
one_sphere_cut	solid1 n	3fdc71c71c71c71d 3fdc71c71c71c71d 3fe8e38e38e38e3a
one_sphere_cut	solid1 x	3fbc71c71c71c71c bfec71c71c71c71c 3fdc71c71c71c71c
one_sphere_cut	solid1 y	3fec71c71c71c71c bfbc71c71c71c71b bfdc71c71c71c71c
one_sphere_common	solid0 n	3fdc71c71c71c71d 3fdc71c71c71c71d 3fe8e38e38e38e3a
one_sphere_common	solid0 x	3fbc71c71c71c71c bfec71c71c71c71c 3fdc71c71c71c71c
one_sphere_common	solid0 y	3fec71c71c71c71c bfbc71c71c71c71b bfdc71c71c71c71c
one_sphere_common	split0 n	3fbc71c71c71c71c bfec71c71c71c71c 3fdc71c71c71c71c
one_sphere_common	split0 x	3fdc71c71c71c71d 3fdc71c71c71c71d 3fe8e38e38e38e3a
one_sphere_common	split0 y	bfec71c71c71c71c 3fbc71c71c71c71b 3fdc71c71c71c71c
one_sphere_common	solid1 n	3fdc71c71c71c71d 3fdc71c71c71c71d 3fe8e38e38e38e3a
one_sphere_common	solid1 x	3fbc71c71c71c71c bfec71c71c71c71c 3fdc71c71c71c71c
one_sphere_common	solid1 y	3fec71c71c71c71c bfbc71c71c71c71b bfdc71c71c71c71c
