# case	row (S9c.2b.1, curved_boolean_reference.py: expect KIND STEP, reason TEXT for a degenerate case, then result N volume area cx cy cz or empty)
bite_tiltx_fuse	expect solid S9c.2b.1
bite_tiltx_fuse	result 1 240.8610770453935001968402 291.2263783684845156563763 0.4855234980874505591009393 0.0 0.0
bite_tiltx_cut	expect solid S9c.2b.1
bite_tiltx_cut	result 1 127.7637415161609461234504 180.9980516631903840137947 -0.1469359752000847801676528 0.0 0.0
bite_tiltx_common	expect solid S9c.2b.1
bite_tiltx_common	result 1 23.03270585614912932275648 49.63642454600805008900414 0.8150622889093485987285357 0.0 0.0
rings_pipe_fuse	expect solid S9c.2b.1
rings_pipe_fuse	result 1 300.3296688468366286935366 306.4759877486229004767116 0.05308699045378047448810841 0.0 0.0
rings_pipe_cut	expect solid S9c.2b.1
rings_pipe_cut	result 2 25.44031165772972032805528 69.46700944449416383578083 0.6267060906156314505256379 0.0 0.0
rings_pipe_common	expect solid S9c.2b.1
rings_pipe_common	result 1 24.8251707997069703712291 59.51955639458801152515691 0.5726321613694897205645652 0.0 0.0
blind_tilt_fuse	expect solid S9c.2b.1
blind_tilt_fuse	result 1 88.30957837642840596715598 126.6104938644472615433022 -0.5764890953778052052205645 -0.02203572050939653276434873 0.07135388952427221937096577
blind_tilt_cut	expect solid S9c.2b.1
blind_tilt_cut	result 1 67.8892261280947499171488 114.8912228445087212425075 0.07727971035633591545157396 0.01344667157699868455428194 -0.05156248464503836916037833
hole_tiltx_fuse	expect solid S9c.2b.1
hole_tiltx_fuse	result 1 731.6044265295333445002842 776.0933788843309897931839 5.015591715749835221352298 5.0 5.0
hole_tiltx_cut	expect solid S9c.2b.1
hole_tiltx_cut	result 1 711.2469061342714862738332 746.3587484300616497375601 4.993140148639861056987242 5.0 5.0
hole_tiltx_common	expect solid S9c.2b.1
hole_tiltx_common	result 2 6.009755042647122264528903 25.97386059456450852559971 5.811854729821187296646437 5.0 5.0
skew_lean_cut	expect solid S9c.2b.1
skew_lean_cut	result 1 131.3180163252564687829983 185.2924014697113832916509 -0.1597463928990760613276234 0.0430223084119564497471469 -0.05365330752485530517534037
skew_lean_common	expect solid S9c.2b.1
skew_lean_common	result 1 19.47843104705360331485481 42.07103769312205813380147 1.076964534769080849408315 -0.2900441100591672539554611 0.3617152683618587121487242
node_lean_common	expect degenerate S9c.2b.1
node_lean_common	reason near node: the stored frames' models meet in two loops within the resolution of each other
node_lean_common	result 1 20.51823386643989251369406 41.03646773287978584765091 0.0 0.0 0.0
node_r125_fuse	expect degenerate S9c.2b.1
node_r125_fuse	reason near node: the stored frames' models meet in two loops within the resolution of each other
node_r125_fuse	result 1 137.5088363526947716528039 199.6194490192344976876404 0.0 0.0 0.0
