# case	row (S9e.4b.4a; chained_curved_boolean_reference.py: expect KIND S9e.4b.4a CLASS, reason TEXT for a degenerate or unsupported case, then result N volume area cx cy cz or empty)
quad_box_fuse	expect solid S9e.4b.4a prism
quad_box_fuse	result 1 254.3539456576039849076487 288.0952989214643623186329 5.773894265378140224944356 5.770372175458080789493677 1.955815996854237998169141
quad_box_cut	expect solid S9e.4b.4a prism
quad_box_cut	result 1 200.3539456576039849076487 221.9801700378675001329724 4.904384513035667758048174 4.89991313881247689998544 2.011288145374448798025635
quad_box_common	expect solid S9e.4b.4a prism
quad_box_common	result 1 9.046497859709793061594354 27.56510024411803426987612 7.117608424426434216828295 7.216636521489039507584644 1.75
box_quad_fuse	expect solid S9e.4b.4a prism
box_quad_fuse	result 1 254.3539456576039849076487 288.0952989214643623186329 5.773894265378140224944356 5.770372175458080789493677 1.955815996854237998169141
box_quad_cut	expect solid S9e.4b.4a prism
box_quad_cut	result 1 44.95350214029020693840565 93.68022912771489645553661 9.378814787475689949755451 9.358886251867224695513494 1.75
box_quad_common	expect solid S9e.4b.4a prism
box_quad_common	result 1 9.046497859709793061594354 27.56510024411803426987612 7.117608424426434216828295 7.216636521489039507584644 1.75
quad_rod_fuse	expect solid S9e.4b.4a prism
quad_rod_fuse	result 1 233.5035761070603592084717 254.1164731615778935270365 5.367915511591061355183302 4.974395890527355219948744 2.073997837133002313366864
quad_rod_cut	expect solid S9e.4b.4a prism
quad_rod_cut	result 1 198.9460569175726335853826 212.2142632624573012244525 4.823863161480229324129915 5.013374121174842432364811 2.0
quad_rod_common	expect solid S9e.4b.4a prism
quad_rod_common	result 1 10.45438659974114438386048 28.94214969015954078457595 8.351868535481866222143333 4.745491651079882884358944 2.0
quad_ball_fuse	expect solid S9e.4b.4a prism
quad_ball_fuse	result 1 214.9688405515524888372243 213.530415141607490924495 5.041582033084049857950407 5.11038827589350139922238 2.0
quad_ball_cut	expect solid S9e.4b.4a prism
quad_ball_cut	result 1 200.8316736103984192641424 215.5539897108746051356951 4.947718589824624618693213 4.862983811329709185922301 2.0
quad_ball_common	expect solid S9e.4b.4a prism
quad_ball_common	result 1 8.568769906915358705100679 22.4043179062830448101778 6.22535243894909579767119 8.211334973549129998387742 2.0
arch_box_fuse	expect solid S9e.4b.4a prism
arch_box_fuse	result 1 36.51592754509881567438729 72.04375154147560998737726 4.114471004409422222963338 4.534142342306387048334348 1.0
arch_box_cut	expect solid S9e.4b.4a prism
arch_box_cut	result 1 32.51592754509881567438729 64.24588742429314390400705 4.251569477502484388407931 4.292309147793695963530247 1.0
arch_box_common	expect solid S9e.4b.4a prism
arch_box_common	result 1 1.031213805022109017761557 6.139865898653377755553699 3.386282893202087258855395 5.921499272595575952688507 1.0
arch_slab_fuse	expect solid S9e.4b.4a prism
arch_slab_fuse	result 1 445.8342992811628267295707 959.9459152493042633843162 4.954299695859842724939755 0.5458291739270563726058805 2.567784118896557417461894
arch_slab_cut	expect solid S9e.4b.4a prism
arch_slab_cut	result 2 25.8342992811628360554441 62.1843778044541058366547 4.211328983553296202393685 4.542386306198396156116641 1.231162997973643730705772
arch_slab_common	expect solid S9e.4b.4a prism
arch_slab_common	result 1 7.712842068958088636704749 30.23770219082468634457839 4.270666133645224571260309 3.672495496331986411270404 0.2257154990354047039555996
cam_box_fuse	expect solid S9e.4b.4a prism
cam_box_fuse	result 1 176.6903706286962321238644 220.2466054803450326056283 6.160518262433217307999878 4.695839042875268309718607 1.5
cam_box_cut	expect solid S9e.4b.4a prism
cam_box_cut	result 1 164.4403706286962321238644 201.446989522862237946958 5.855871957552833592199152 4.505566595755656546348943 1.5
cam_box_common	expect solid S9e.4b.4a prism
cam_box_common	result 1 2.801533617591678529619597 13.09962582549036378723312 9.086203798904478531697131 6.579356473321686548773945 1.5
cam_rod_fuse	expect solid S9e.4b.4a prism
cam_rod_fuse	result 1 171.0161368266582803585577 208.7115835188800260956901 5.953780063066018561449979 4.626020970416256383273182 1.5
cam_rod_cut	expect solid S9e.4b.4a prism
cam_rod_cut	result 1 165.5183496828761421912481 196.5399945359281559992124 5.889965638321628286946152 4.501496476602464560461744 1.5
cam_rod_common	expect solid S9e.4b.4a prism
cam_rod_common	result 1 1.723554563411768462235909 9.696592688878819585641109 7.832457756678391373781139 8.267252822989196834908688 1.5
blade_box_fuse	expect solid S9e.4b.4a prism
blade_box_fuse	result 1 387.184938539867491622093 398.2550830135154708590928 4.270944142316429253397094 4.492745640871869327217157 1.5
blade_box_cut	expect solid S9e.4b.4a prism
blade_box_cut	result 1 380.934938539867491622093 391.9163584368941103135347 4.19745626741100747117023 4.414693362814840782529417 1.5
blade_box_common	expect solid S9e.4b.4a prism
blade_box_common	result 1 2.122880151190456033719006 10.83345584283623136373094 8.253242677480588675874679 8.628991038481023188832821 1.5
both_fuse	expect solid S9e.4b.4a both
both_fuse	result 1 214.9916337423339320846012 214.2968752555904584687587 4.979844176920266549014339 4.982897813805248700002796 1.941485267183128586856551
both_cut	expect solid S9e.4b.4a both
both_cut	result 1 181.4444923922130073924524 240.8427796156227059897577 5.11941209336810124777793 5.101320985335484569748886 2.115555799282697930418783
both_common	expect solid S9e.4b.4a both
both_common	result 1 27.9559511251007705767907 55.54714135012092586268123 4.224971220985829503968512 4.342389222580614742544276 1.25
chain_quad_fuse	expect solid S9e.4b.4a chain
chain_quad_fuse	result 1 243.8995590578628405237882 292.6491630183392669545764 5.663393287975979566982834 5.814302132780607958627308 1.953922116224874541515478
chain_quad_cut	expect solid S9e.4b.4a chain
chain_quad_cut	result 1 189.8995590578628405237882 226.5340341347424047689159 4.714592967726700727091354 4.908414379889986808442528 2.011909582497968444427055
chain_quad_common	expect solid S9e.4b.4a chain
chain_quad_common	result 1 9.046497859709793061594354 27.56510024411803426987612 7.117608424426434216828295 7.216636521489039507584644 1.75
quad_seat_fuse	expect degenerate S9e.4b.4a prism
quad_seat_fuse	reason a rod in the quad's frame on the circle of its arc about (-1, 0) below its bottom face, within rounding of the circle the arc is taken through (two surfaces within the resolution of one)
quad_seat_fuse	result 1 445.0198925365482970129551 354.2875896941089893520442 4.51126931702296279133559 4.796362215426234496389829 0.1468961603787340200153716
quad_seat_cut	expect degenerate S9e.4b.4a prism
quad_seat_cut	reason a rod in the quad's frame on the circle of its arc about (-1, 0) below its bottom face, within rounding of the circle the arc is taken through (two surfaces within the resolution of one)
quad_seat_cut	result 1 209.4004435173137779692431 207.660399165582396588509 5.0 5.0 2.0
quad_seat_common	expect degenerate S9e.4b.4a prism
quad_seat_common	reason a rod in the quad's frame on the circle of its arc about (-1, 0) below its bottom face, within rounding of the circle the arc is taken through (two surfaces within the resolution of one)
quad_seat_common	empty
split_lens_box_fuse	expect unsupported S9e.4b.4a prism
split_lens_box_fuse	reason S9e.4b.4: the imported prism's joint of two circles each holding several arcs
split_lens_box_fuse	result 1 115.1557135341447307419497 178.3776894870780421412625 5.0 3.729447088833271182513136 2.332639633250570550173949
split_lens_box_cut	expect unsupported S9e.4b.4a prism
split_lens_box_cut	reason S9e.4b.4: the imported prism's joint of two circles each holding several arcs
split_lens_box_cut	result 1 73.15571353414473074194968 149.1108495364115868137097 5.0 3.0 2.667143439096199008497296
split_lens_box_common	expect unsupported S9e.4b.4a prism
split_lens_box_common	reason S9e.4b.4: the imported prism's joint of two circles each holding several arcs
split_lens_box_common	result 1 16.30333006617773510378057 44.53544975321217740300326 5.0 3.0 1.75
