# name	sorted issues kind:entity separated by ;
box	
cylinder	
plate_square_hole	
plate_round_hole	
plate_two_holes	
tube	
triangle	
hexagon	
stadium	
concave_notch	
half_disc	
box_cavity	
box_two_cavities	
cylinder_box_cavity	
box_rotated	
cylinder_rotated	
stadium_rotated	
box_cavity_far	
box_small	
box_face_outside_shell	face_without_shell:face 3;free_edge:edge 1;free_edge:edge 2;free_edge:edge 6;free_edge:edge 7
box_missing_face	free_edge:edge 1;free_edge:edge 2;free_edge:edge 6;free_edge:edge 7
cylinder_missing_cap	free_edge:edge 1
box_flipped_use	open_loop:loop 2.0;pcurve_off_edge:use 2.0.1;same_sense_uses:edge 1
box_flipped_face	loop_winding:loop 4.0
box_reversed_face	same_sense_uses:edge 2;same_sense_uses:edge 3;same_sense_uses:edge 8;same_sense_uses:edge 9
cylinder_reversed_wall	same_sense_uses:edge 0;same_sense_uses:edge 1
box_moved_vertex	vertex_off_curve:edge 0 start;vertex_off_curve:edge 10 end;vertex_off_curve:edge 4 start
stadium_moved_vertex	vertex_off_curve:edge 1 start;vertex_off_curve:edge 4 end;vertex_off_curve:edge 6 start
box_pcurve_shift	pcurve_off_edge:use 2.0.0;uv_gap:use 2.0.0;uv_gap:use 2.0.3
box_pcurve_shift_below_tolerance	
cylinder_cap_pcurve_shift	pcurve_off_edge:use 1.0.0
stadium_arc_pcurve_shift	pcurve_off_edge:use 3.0.0;uv_gap:use 3.0.0;uv_gap:use 3.0.3
cylinder_swapped_seam_pcurves	seam_edge:edge 2;uv_gap:use 2.0.0;uv_gap:use 2.0.1;uv_gap:use 2.0.2;uv_gap:use 2.0.3
cylinder_cap_wrong_pcurve_radius	pcurve_off_edge:use 1.0.0
box_face_twice	face_reused:face 2;free_edge:edge 0;free_edge:edge 1;free_edge:edge 4;free_edge:edge 5
box_non_manifold_edges	non_manifold_edge:edge 0;non_manifold_edge:edge 1;non_manifold_edge:edge 4;non_manifold_edge:edge 5
two_boxes_one_shell	disconnected_shell:shell 0
cavity_not_inverted	shell_orientation:shell 1
outer_inverted	shell_orientation:shell 0
cavity_outside	cavity_outside:shell 1
nested_cavities	nested_cavity:shell 2
hole_outside_outline	inner_loop_outside:loop 0.1;inner_loop_outside:loop 1.1
cavity_face_uses_outer_edge	edge_across_shells:edge 4;free_edge:edge 12;open_loop:loop 8.0;pcurve_off_edge:use 8.0.0
stadium_arc_sweep_changed	pcurve_off_edge:use 0.0.2;pcurve_off_edge:use 3.0.0;vertex_off_curve:edge 6 end
box_extra_vertex	unused_vertex:vertex 8
box_extra_edge	unused_edge:edge 12
box_empty_shell	empty_shell:shell 1
box_empty_loop	empty_loop:loop 2.1
box_bad_edge_reference	reference:use 2.0.0
box_bad_face_reference	reference:shell 0
box_zero_length_edge	degenerate_curve:edge 0
cylinder_zero_radius_surface	degenerate_surface:face 2
plate_hole_loop_wound_wrong	pcurve_off_edge:use 0.1.0
box_loose_tolerance_absorbs_shift	
cylinder_seamless_at_pi	
stadium_wall_fin_shifted_by_period	uv_gap:use 3.0.0;uv_gap:use 3.0.3
cylinder_winding_flipped	uv_gap:use 2.0.0;winding_mismatch:loop 2.0
box_fins_swapped_between_edges	edge_fins_mismatch:edge 0;edge_fins_mismatch:edge 1
box_side_wrong_shell	free_edge:edge 0;free_edge:edge 1;free_edge:edge 4;free_edge:edge 5;side_region_mismatch:face 2
box_vertex_loop	
box_vertex_loop_off_surface	vertex_loop_off_surface:loop 1.1
box_face_without_loops	empty_face:face 3;free_edge:edge 1;free_edge:edge 2;free_edge:edge 6;free_edge:edge 7;loop_without_face:loop slot 3
cylinder_ring_edge_with_one_vertex	open_loop:loop 0.0;open_loop:loop 2.1;ring_edge_with_vertex:edge 0
box_shell_not_in_its_region	region_shell_mismatch:shell 0;region_without_shell:region 1
cylinder_ring_pcurve_printed_period	
cylinder_ring_pcurve_period_off	pcurve_off_edge:use 2.0.0;uv_gap:use 2.0.0
box_vertex_moved_inside_resolution	
box_vertex_moved_outside_resolution	vertex_off_curve:edge 0 start;vertex_off_curve:edge 10 end;vertex_off_curve:edge 4 start
box_vertex_enclosure_unsound	enclosure_unsound:vertex 0
cylinder_cap_pcurve_inside_resolution	
cylinder_cap_fin_enclosure_unsound	enclosure_unsound:use 0.0.0
box_side_pcurve_inside_resolution	
box_face_enclosure_unsound	enclosure_unsound:face 2
box_fin_enclosure_missing	enclosure_missing:use 0.0.0
box_face_enclosure_exceeds_resolution	enclosure_exceeds_resolution:face 0
box_vertex_enclosure_negative	enclosure_exceeds_resolution:vertex 1
cone_apex	
cone_apex_at_base	
cone_frustum	
cone_widening	
cone_rotated	
cone_far	
cone_pole_off_apex	pole_off_apex:loop 0.1
cone_pole_off_surface	vertex_loop_off_surface:loop 0.1
cone_pole_missing	loop_without_face:loop slot 2;winding_mismatch:loop 0.0
cone_winding_twice	uv_gap:use 0.0.0;winding_mismatch:loop 0.0
cone_right_angle	degenerate_surface:face 0
cone_lateral_pcurve_shift	pcurve_off_edge:use 0.0.0
sphere_whole	
sphere_upper	
sphere_lower	
sphere_zone	
sphere_rotated	
sphere_far	
sphere_pole_wrong_side	pole_off_apex:loop 0.1
sphere_pole_off_surface	vertex_loop_off_surface:loop 0.1
sphere_pole_missing	loop_without_face:loop slot 2;winding_mismatch:loop 0.0
sphere_winding_twice	uv_gap:use 0.0.0;winding_mismatch:loop 0.0
sphere_zero_radius	degenerate_surface:face 0
sphere_whole_reversed	shell_orientation:shell 0
sphere_ring_pcurve_shift	pcurve_off_edge:use 0.0.0
sphere_whole_vertex_loop	
sphere_winding_in_v	uv_gap:use 0.0.0;winding_mismatch:loop 0.0
torus_whole	
torus_outer_half	
torus_inner_half	
torus_segment	
torus_wedge	
torus_wide_wedge	
torus_far	
torus_winding_v_twice	uv_gap:use 0.1.0;winding_mismatch:loop 0.0
torus_winding_v_unbalanced	uv_gap:use 0.0.0;winding_mismatch:loop 0.0
torus_meridian_pcurve_shift	pcurve_off_edge:use 0.0.0
torus_whole_reversed	shell_orientation:shell 0
torus_spindle	degenerate_surface:face 0
torus_inner_half_wall_forward	loop_winding:loop 0.0
spline_edge_c1	
spline_edge_not_c1	edge_not_c1:edge 0;pcurve_off_edge:use 2.0.3;pcurve_off_edge:use 5.0.1
spline_edge_linear_c1	
spline_edge_linear_kink	edge_not_c1:edge 0;pcurve_off_edge:use 2.0.3;pcurve_off_edge:use 5.0.1
spline_edge_unclamped	
spline_edge_rational_c1	pcurve_off_edge:use 2.0.3;pcurve_off_edge:use 5.0.1
spline_edge_rational_not_c1	edge_not_c1:edge 0;pcurve_off_edge:use 2.0.3;pcurve_off_edge:use 5.0.1
spline_edge_degenerate	degenerate_curve:edge 0
spline_edge_range	
spline_edge_range_corner_outside	
spline_pcurve_range	
spline_ring_edge_c1	pcurve_off_edge:use 0.0.0;pcurve_off_edge:use 2.1.0
spline_ring_edge_seam_not_c1	edge_not_c1:edge 0;pcurve_off_edge:use 0.0.0;pcurve_off_edge:use 2.1.0
spline_ring_edge_nonperiodic	pcurve_off_edge:use 0.0.0;pcurve_off_edge:use 2.1.0;ring_edge_open:edge 0
spline_ring_edge_small_basis_c1	pcurve_off_edge:use 0.0.0;pcurve_off_edge:use 2.1.0
spline_ring_edge_small_basis_not_c1	edge_not_c1:edge 0;pcurve_off_edge:use 0.0.0;pcurve_off_edge:use 2.1.0
spline_pcurve_c1	
spline_pcurve_not_c1	pcurve_not_c1:use 1.0.0;pcurve_off_edge:use 1.0.0
spline_pcurve_degenerate	degenerate_pcurve:use 1.0.0
spline_face_c1	
spline_face_not_c1	face_not_c1:face 1;pcurve_off_edge:use 1.0.0;pcurve_off_edge:use 1.0.2
spline_face_vertex_loop	uncertified_vertex_loop:loop 1.1
spline_bulge_hole_inside	
spline_bulge_hole_outside	inner_loop_outside:loop 0.1;inner_loop_outside:loop 1.1
spline_bulge	
spline_cubic_bulge	
spline_c0_bulge	edge_not_c1:edge 6;edge_not_c1:edge 7;face_not_c1:face 3;pcurve_not_c1:use 0.0.2;pcurve_not_c1:use 1.0.1
spline_rounded_corner	uncertified_shell_orientation:shell 0
spline_bulge_pcurve_shift	pcurve_off_edge:use 1.0.1;uv_gap:use 1.0.0;uv_gap:use 1.0.1
spline_bulge_vertex_moved	vertex_off_curve:edge 1 start;vertex_off_curve:edge 4 end;vertex_off_curve:edge 6 start
spline_bulge_wall_reversed	loop_winding:loop 3.0
spline_stadium_pcurve	
spline_stadium_pcurve_shift	pcurve_off_edge:use 3.0.1;uv_gap:use 3.0.0;uv_gap:use 3.0.1
spline_stadium_edge	
