# name np nq lower upper coefficient_bits query_bits status count [multiplicity E lo hi / U; query_sign]
zero 0 1 * * 3ff0000000000000 A
constant 1 1 * * 4000000000000000 bff0000000000000 N 0
large_positive 2 2 * * ffefffffffffffff 0000000000000001 3ff0000000000000 3ff0000000000000 N 1 1 U 1
large_negative 2 2 * * 7fefffffffffffff 0000000000000001 3ff0000000000000 3ff0000000000000 N 1 1 U -1
small 3 2 * * 8000000000000001 0000000000000000 3ff0000000000000 0000000000000000 3ff0000000000000 N 2 1 E 9e60000000000000 9e60000000000000 -1 1 E 1e60000000000000 1e60000000000000 1
tiny_coefficients 3 2 * * 8000000000000001 0000000000000002 0000000000000003 0000000000000000 3ff0000000000000 N 2 1 E bff0000000000000 bff0000000000000 -1 1 E 3fd5555555555555 3fd5555555555556 1
negative_lead 8 3 * * 4010000000000000 c028000000000000 4020000000000000 4020000000000000 c026000000000000 3ff0000000000000 4008000000000000 bff0000000000000 c000000000000000 0000000000000000 3ff0000000000000 N 3 2 E bff6a09e667f3bcd bff6a09e667f3bcc 0 3 E 3ff0000000000000 3ff0000000000000 -1 2 E 3ff6a09e667f3bcc 3ff6a09e667f3bcd 0
cluster_9 10 2 0000000000000000 3ff0000000000000 c000000000000000 4148000000000000 c272000000000000 0000000000000000 0000000000000000 0000000000000000 0000000000000000 0000000000000000 0000000000000000 3ff0000000000000 bff0000000000000 4128000000000000 N 2 1 E 3eb5555555555555 3eb5555555555556 -1 1 E 3eb5555555555555 3eb5555555555556 1
cluster_25 26 2 0000000000000000 3ff0000000000000 c000000000000000 4148000000000000 c272000000000000 0000000000000000 0000000000000000 0000000000000000 0000000000000000 0000000000000000 0000000000000000 0000000000000000 0000000000000000 0000000000000000 0000000000000000 0000000000000000 0000000000000000 0000000000000000 0000000000000000 0000000000000000 0000000000000000 0000000000000000 0000000000000000 0000000000000000 0000000000000000 0000000000000000 0000000000000000 3ff0000000000000 bff0000000000000 4128000000000000 N 2 1 E 3eb5555555555555 3eb5555555555556 -1 1 E 3eb5555555555555 3eb5555555555556 1
factored_0 3 3 c000000000000000 4000000000000000 bff0000000000000 0000000000000000 bff0000000000000 bff0000000000000 0000000000000000 bff0000000000000 N 0
factored_1 5 2 * * 4054400000000000 404b000000000000 c058c00000000000 c042000000000000 4042000000000000 4008000000000000 bff0000000000000 N 2 2 E bff0000000000000 bff0000000000000 1 2 E 3ff8000000000000 3ff8000000000000 1
factored_2 10 3 c000000000000000 4000000000000000 410a5e0000000000 c126152000000000 412f948800000000 c1294ba600000000 41190cec00000000 c0ffe87000000000 40da3c4000000000 c0aaf40000000000 406f800000000000 c020000000000000 4008000000000000 c010000000000000 c000000000000000 N 1 3 E 3ff8000000000000 3ff8000000000000 -1
factored_3 9 4 * * 3ff0000000000000 0000000000000000 4010000000000000 0000000000000000 4018000000000000 0000000000000000 4010000000000000 0000000000000000 3ff0000000000000 bff0000000000000 3ff0000000000000 bff0000000000000 3ff0000000000000 N 0
factored_4 11 11 c000000000000000 4000000000000000 40d5f90000000000 c10ef1e000000000 4132eca100000000 c14a5c2a00000000 41570afb00000000 c15a489000000000 4153b6ec00000000 c143252000000000 41270a8000000000 c0ff200000000000 40c2000000000000 40d5f90000000000 c10ef1e000000000 4132eca100000000 c14a5c2a00000000 41570afb00000000 c15a489000000000 4153b6ec00000000 c143252000000000 41270a8000000000 c0ff200000000000 40c2000000000000 N 3 2 E 3fe0000000000000 3fe0000000000000 0 2 E 3fe5555555555555 3fe5555555555556 0 2 E 3fe8000000000000 3fe8000000000000 0
factored_5 19 6 * * 41ca5e0000000000 41e5c0c000000000 c1f2b01000000000 c21d5b7e00000000 c2141fba00000000 4235678600000000 4245773d00000000 421b99fc00000000 c24f6b8580000000 c253d7cc00000000 c23ccd3700000000 4230bc4c80000000 42329df980000000 420d448000000000 c202ba3000000000 c1f3098000000000 c19e600000000000 41b4400000000000 418b000000000000 c008000000000000 3ff0000000000000 4000000000000000 c010000000000000 0000000000000000 3ff0000000000000 N 4 3 E c000000000000000 c000000000000000 1 9 E bff0000000000000 bff0000000000000 1 3 E 3fe0000000000000 3fe0000000000000 -1 3 E 4004000000000000 4004000000000000 1
factored_6 15 7 c000000000000000 4000000000000000 3ff0000000000000 0000000000000000 401c000000000000 0000000000000000 4035000000000000 0000000000000000 4041800000000000 0000000000000000 4041800000000000 0000000000000000 4035000000000000 0000000000000000 401c000000000000 0000000000000000 3ff0000000000000 3ff0000000000000 4000000000000000 0000000000000000 4000000000000000 0000000000000000 0000000000000000 c010000000000000 N 0
factored_7 3 8 * * 3ff0000000000000 c018000000000000 4022000000000000 c000000000000000 c010000000000000 bff0000000000000 c008000000000000 0000000000000000 0000000000000000 bff0000000000000 4010000000000000 N 1 2 E 3fd5555555555555 3fd5555555555556 -1
factored_8 7 7 c000000000000000 4000000000000000 3ff0000000000000 c008000000000000 c02e000000000000 4041800000000000 4056800000000000 c05b000000000000 c06b000000000000 3ff0000000000000 c008000000000000 c02e000000000000 4041800000000000 4056800000000000 c05b000000000000 c06b000000000000 N 2 3 E bfe0000000000000 bfe0000000000000 0 3 E 3fd5555555555555 3fd5555555555556 0
factored_9 7 10 * * bff0000000000000 0000000000000000 c008000000000000 0000000000000000 c008000000000000 0000000000000000 bff0000000000000 c008000000000000 bff0000000000000 c000000000000000 4010000000000000 4000000000000000 bff0000000000000 bff0000000000000 3ff0000000000000 c010000000000000 c010000000000000 N 0
factored_10 9 11 c000000000000000 4000000000000000 0000000000000000 0000000000000000 4082000000000000 409b000000000000 4062000000000000 c0ab000000000000 c09f800000000000 409b000000000000 4094400000000000 4008000000000000 c010000000000000 bff0000000000000 c000000000000000 4000000000000000 c008000000000000 bff0000000000000 4010000000000000 4008000000000000 c008000000000000 4008000000000000 N 4 2 E bff0000000000000 bff0000000000000 1 2 E bfe5555555555556 bfe5555555555555 1 2 E 0000000000000000 0000000000000000 1 2 E 3ff0000000000000 3ff0000000000000 1
factored_11 16 12 * * 0000000000000000 0000000000000000 0000000000000000 c15e848000000000 c185be6800000000 c190896600000000 417e6f0400000000 419d35bc00000000 c15aacc000000000 c195783000000000 4163638000000000 417f1d0000000000 c161120000000000 c14fe00000000000 4140800000000000 c110000000000000 0000000000000000 4008000000000000 4010000000000000 c010000000000000 4010000000000000 4008000000000000 4010000000000000 4000000000000000 4010000000000000 4008000000000000 3ff0000000000000 c008000000000000 N 5 3 E bff4000000000000 bff4000000000000 1 3 E bfe0000000000000 bfe0000000000000 1 3 E 0000000000000000 0000000000000000 0 3 E 4000000000000000 4000000000000000 -1 3 E 4004000000000000 4004000000000000 -1
factored_12 13 13 c000000000000000 4000000000000000 3ff0000000000000 0000000000000000 4018000000000000 0000000000000000 402e000000000000 0000000000000000 4034000000000000 0000000000000000 402e000000000000 0000000000000000 4018000000000000 0000000000000000 3ff0000000000000 3ff0000000000000 0000000000000000 4018000000000000 0000000000000000 402e000000000000 0000000000000000 4034000000000000 0000000000000000 402e000000000000 0000000000000000 4018000000000000 0000000000000000 3ff0000000000000 N 0
factored_13 15 14 * * 0000000000000000 0000000000000000 c1812a8800000000 c17a524800000000 4198584cc0000000 4183c4ca80000000 c199d44f90000000 c163b64a00000000 4184e295c0000000 c12ac3c000000000 c15bda2900000000 4116c90000000000 411b4a0000000000 c0ce000000000000 c0c2000000000000 4000000000000000 4000000000000000 0000000000000000 3ff0000000000000 bff0000000000000 c000000000000000 0000000000000000 4000000000000000 0000000000000000 c000000000000000 bff0000000000000 4010000000000000 c008000000000000 bff0000000000000 N 7 2 E c014000000000000 c014000000000000 1 2 E c000000000000000 c000000000000000 -1 2 E bfe8000000000000 bfe8000000000000 -1 2 E 0000000000000000 0000000000000000 1 2 E 3ff4000000000000 3ff4000000000000 -1 2 E 3ffaaaaaaaaaaaaa 3ffaaaaaaaaaaaab -1 2 E 4010000000000000 4010000000000000 -1
factored_14 4 15 c000000000000000 4000000000000000 3ff0000000000000 4028000000000000 4048000000000000 4050000000000000 4008000000000000 bff0000000000000 c008000000000000 0000000000000000 c008000000000000 3ff0000000000000 c008000000000000 4000000000000000 c000000000000000 3ff0000000000000 c008000000000000 0000000000000000 bff0000000000000 c000000000000000 4000000000000000 N 1 3 E bfd0000000000000 bfd0000000000000 1
factored_15 5 16 * * bff0000000000000 0000000000000000 c000000000000000 0000000000000000 bff0000000000000 c010000000000000 4000000000000000 4008000000000000 c010000000000000 4008000000000000 c010000000000000 bff0000000000000 c010000000000000 0000000000000000 4000000000000000 c010000000000000 3ff0000000000000 c008000000000000 c010000000000000 bff0000000000000 bff0000000000000 N 0
factored_16 7 7 c000000000000000 4000000000000000 4054400000000000 c087a00000000000 40a4ac0000000000 c0b0ec0000000000 40aaa20000000000 c092600000000000 4062000000000000 4054400000000000 c087a00000000000 40a4ac0000000000 c0b0ec0000000000 40aaa20000000000 c092600000000000 4062000000000000 N 2 2 E 3fd5555555555555 3fd5555555555556 0 2 E 3fe8000000000000 3fe8000000000000 0
factored_17 13 18 * * 0000000000000000 0000000000000000 0000000000000000 c165b9d420000000 4185b9d420000000 c19280d2f4000000 4191970570000000 c18492ed98000000 416ec28f80000000 c14d77cf80000000 41217dc800000000 c0e76a0000000000 409b000000000000 c010000000000000 c010000000000000 4000000000000000 bff0000000000000 3ff0000000000000 c000000000000000 c010000000000000 c010000000000000 c008000000000000 0000000000000000 bff0000000000000 0000000000000000 c010000000000000 4010000000000000 0000000000000000 0000000000000000 4010000000000000 3ff0000000000000 N 4 3 E 0000000000000000 0000000000000000 -1 3 E 3ff4000000000000 3ff4000000000000 1 3 E 4008000000000000 4008000000000000 1 3 E 4014000000000000 4014000000000000 1
factored_18 11 19 c000000000000000 4000000000000000 bff0000000000000 0000000000000000 c014000000000000 0000000000000000 c024000000000000 0000000000000000 c024000000000000 0000000000000000 c014000000000000 0000000000000000 bff0000000000000 c008000000000000 3ff0000000000000 3ff0000000000000 bff0000000000000 4010000000000000 c000000000000000 c008000000000000 c000000000000000 bff0000000000000 c010000000000000 c008000000000000 bff0000000000000 c010000000000000 c008000000000000 4008000000000000 c000000000000000 4000000000000000 4010000000000000 bff0000000000000 N 0
factored_19 13 20 * * 40d4400000000000 c0f4400000000000 40de600000000000 4110740000000000 c11389c000000000 c10e600000000000 4120ed8000000000 c0e4400000000000 c1164e8000000000 4104400000000000 40f0740000000000 c0ee600000000000 40c6c80000000000 bff0000000000000 3ff0000000000000 4000000000000000 4008000000000000 3ff0000000000000 c000000000000000 3ff0000000000000 c008000000000000 4000000000000000 bff0000000000000 4000000000000000 4010000000000000 c008000000000000 0000000000000000 4010000000000000 3ff0000000000000 3ff0000000000000 4008000000000000 c008000000000000 0000000000000000 N 4 4 E bff0000000000000 bff0000000000000 0 2 E 3fe5555555555555 3fe5555555555556 1 4 E 3ff0000000000000 3ff0000000000000 1 2 E 4000000000000000 4000000000000000 -1
factored_20 22 22 c000000000000000 4000000000000000 0000000000000000 0000000000000000 0000000000000000 c1df400000000000 41f6440000000000 4214910000000000 c232362000000000 c229d5a400000000 4255389e20000000 c23b131200000000 c2640e6ce0000000 4262ac4b5ae00000 4255fb49d2500000 c26543cbe4d80000 423cda1b5ac00000 4250615e1a700000 c2429b01dc800000 c1fcb0fed0000000 421d6ace10000000 c204290560000000 41d6d36400000000 c19338c000000000 0000000000000000 0000000000000000 0000000000000000 c1df400000000000 41f6440000000000 4214910000000000 c232362000000000 c229d5a400000000 4255389e20000000 c23b131200000000 c2640e6ce0000000 4262ac4b5ae00000 4255fb49d2500000 c26543cbe4d80000 423cda1b5ac00000 4250615e1a700000 c2429b01dc800000 c1fcb0fed0000000 421d6ace10000000 c204290560000000 41d6d36400000000 c19338c000000000 N 5 3 E bff5555555555556 bff5555555555555 0 3 E bfe0000000000000 bfe0000000000000 0 3 E 0000000000000000 0000000000000000 0 3 E 3fe0000000000000 3fe0000000000000 0 6 E 3ff5555555555555 3ff5555555555556 0
factored_21 3 22 * * 3ff0000000000000 0000000000000000 3ff0000000000000 4010000000000000 4000000000000000 c008000000000000 4010000000000000 4010000000000000 c010000000000000 c008000000000000 4000000000000000 c008000000000000 c000000000000000 bff0000000000000 4008000000000000 4008000000000000 3ff0000000000000 4000000000000000 c000000000000000 0000000000000000 4010000000000000 c010000000000000 bff0000000000000 c000000000000000 0000000000000000 N 0
factored_22 5 23 c000000000000000 4000000000000000 c050000000000000 c040000000000000 4057000000000000 4038000000000000 c042000000000000 bff0000000000000 4000000000000000 4010000000000000 0000000000000000 4010000000000000 4000000000000000 4010000000000000 c000000000000000 4008000000000000 4000000000000000 4000000000000000 c000000000000000 bff0000000000000 0000000000000000 4008000000000000 3ff0000000000000 c008000000000000 c010000000000000 4010000000000000 4000000000000000 4010000000000000 4010000000000000 c010000000000000 N 2 2 E bff0000000000000 bff0000000000000 1 2 E 3ff5555555555555 3ff5555555555556 1
factored_23 10 24 * * 0000000000000000 0000000000000000 0000000000000000 c0fe848000000000 c0f24f8000000000 4104244000000000 40f1558000000000 c0f3560000000000 c0d0e00000000000 40cb000000000000 c008000000000000 0000000000000000 c010000000000000 4000000000000000 c008000000000000 c000000000000000 c008000000000000 bff0000000000000 4008000000000000 3ff0000000000000 3ff0000000000000 c000000000000000 4000000000000000 3ff0000000000000 4010000000000000 4000000000000000 4010000000000000 c010000000000000 c010000000000000 c000000000000000 c000000000000000 4000000000000000 3ff0000000000000 0000000000000000 N 3 3 E bff4000000000000 bff4000000000000 1 3 E 0000000000000000 0000000000000000 -1 3 E 3ffaaaaaaaaaaaaa 3ffaaaaaaaaaaaab 1
factored_24 9 9 c000000000000000 4000000000000000 3ff0000000000000 0000000000000000 4010000000000000 0000000000000000 4018000000000000 0000000000000000 4010000000000000 0000000000000000 3ff0000000000000 3ff0000000000000 0000000000000000 4010000000000000 0000000000000000 4018000000000000 0000000000000000 4010000000000000 0000000000000000 3ff0000000000000 N 0
factored_25 11 26 * * 0000000000000000 0000000000000000 0000000000000000 0000000000000000 40d0000000000000 0000000000000000 c0cc000000000000 40a8000000000000 40a8800000000000 c095000000000000 4062000000000000 4000000000000000 0000000000000000 4010000000000000 4000000000000000 c008000000000000 c008000000000000 bff0000000000000 4010000000000000 3ff0000000000000 4000000000000000 c010000000000000 3ff0000000000000 bff0000000000000 4000000000000000 c010000000000000 3ff0000000000000 bff0000000000000 4008000000000000 c010000000000000 4008000000000000 c000000000000000 4008000000000000 4008000000000000 c000000000000000 4000000000000000 4008000000000000 N 4 2 E bff5555555555556 bff5555555555555 -1 4 E 0000000000000000 0000000000000000 1 2 E 4000000000000000 4000000000000000 1 2 E 4010000000000000 4010000000000000 1
factored_26 19 1 c000000000000000 4000000000000000 c1ca5e0000000000 41f863c000000000 c20b4cb600000000 c1eed82800000000 422c405698000000 c22b163f98000000 c2308a79c6400000 4240f537ff200000 c1f0766e8c000000 c2409aab11200000 4231299992000000 422b6d7be6000000 c22ca068f0000000 c1d56f6f00000000 4212c91c80000000 c1f6756b00000000 c1dc0fb000000000 41d338c000000000 c1a6c80000000000 4010000000000000 N 6 3 E bff5555555555556 bff5555555555555 1 3 E bff0000000000000 bff0000000000000 1 3 E 3fe0000000000000 3fe0000000000000 1 3 E 3ff4000000000000 3ff4000000000000 1 3 E 3ff5555555555555 3ff5555555555556 1 3 E 3ff8000000000000 3ff8000000000000 1
factored_27 15 2 * * bff0000000000000 0000000000000000 c01c000000000000 0000000000000000 c035000000000000 0000000000000000 c041800000000000 0000000000000000 c041800000000000 0000000000000000 c035000000000000 0000000000000000 c01c000000000000 0000000000000000 bff0000000000000 0000000000000000 3ff0000000000000 N 0
factored_28 3 3 c000000000000000 4000000000000000 bff0000000000000 c000000000000000 bff0000000000000 bff0000000000000 c000000000000000 bff0000000000000 N 1 2 E bff0000000000000 bff0000000000000 0
factored_29 7 4 * * 4080000000000000 40b0800000000000 40cb300000000000 40d6c60000000000 40d4640000000000 40c2900000000000 409b000000000000 c010000000000000 0000000000000000 bff0000000000000 4008000000000000 N 2 3 E bff5555555555556 bff5555555555555 -1 3 E bfe0000000000000 bfe0000000000000 -1
factored_30 7 5 c000000000000000 4000000000000000 bff0000000000000 0000000000000000 c008000000000000 0000000000000000 c008000000000000 0000000000000000 bff0000000000000 bff0000000000000 4010000000000000 c010000000000000 4008000000000000 3ff0000000000000 N 0
factored_31 9 6 * * 4042000000000000 c071400000000000 408b080000000000 c096900000000000 4095f80000000000 c089a00000000000 4071900000000000 c04a000000000000 4010000000000000 c000000000000000 4000000000000000 c010000000000000 3ff0000000000000 c000000000000000 bff0000000000000 N 4 2 E 3fe0000000000000 3fe0000000000000 -1 2 E 3ff0000000000000 3ff0000000000000 -1 2 E 4000000000000000 4000000000000000 -1 2 E 4008000000000000 4008000000000000 -1
factored_32 16 16 c000000000000000 4000000000000000 c16338c000000000 c182053400000000 4150d1a800000000 41a5304050000000 41a4537808000000 c1aae08414000000 c1b9657e9f000000 c1857de8c0000000 41b1f1c09c000000 41a6dcb120000000 c1617bca00000000 c181fd4800000000 c1519cf000000000 4146c38000000000 4115f00000000000 c0fb000000000000 c16338c000000000 c182053400000000 4150d1a800000000 41a5304050000000 41a4537808000000 c1aae08414000000 c1b9657e9f000000 c1857de8c0000000 41b1f1c09c000000 41a6dcb120000000 c1617bca00000000 c181fd4800000000 c1519cf000000000 4146c38000000000 4115f00000000000 c0fb000000000000 N 3 6 E bff8000000000000 bff8000000000000 0 3 E bfe5555555555556 bfe5555555555555 0 3 E 3fe8000000000000 3fe8000000000000 0
factored_33 13 8 * * 3ff0000000000000 0000000000000000 4018000000000000 0000000000000000 402e000000000000 0000000000000000 4034000000000000 0000000000000000 402e000000000000 0000000000000000 4018000000000000 0000000000000000 3ff0000000000000 4008000000000000 c000000000000000 4010000000000000 3ff0000000000000 4000000000000000 c010000000000000 0000000000000000 3ff0000000000000 N 0
factored_34 15 9 c000000000000000 4000000000000000 c1734fd900000000 c1941dd760000000 c1927476e4000000 4189a9ea70000000 418c01fc68000000 c177591c00000000 c16d82b760000000 415d1bb580000000 4131947300000000 c130f98c00000000 40fcbf4000000000 40e6a80000000000 c0cc980000000000 4099000000000000 c050000000000000 4010000000000000 3ff0000000000000 bff0000000000000 3ff0000000000000 4010000000000000 0000000000000000 c000000000000000 c000000000000000 4000000000000000 N 2 2 E bff8000000000000 bff8000000000000 1 2 E bfe0000000000000 bfe0000000000000 1
factored_35 4 10 * * c020000000000000 4042000000000000 c04b000000000000 403b000000000000 bff0000000000000 c000000000000000 0000000000000000 4008000000000000 4000000000000000 0000000000000000 4000000000000000 c010000000000000 0000000000000000 bff0000000000000 N 1 3 E 3fe5555555555555 3fe5555555555556 -1
factored_36 5 5 c000000000000000 4000000000000000 bff0000000000000 0000000000000000 c000000000000000 0000000000000000 bff0000000000000 bff0000000000000 0000000000000000 c000000000000000 0000000000000000 bff0000000000000 N 0
factored_37 7 12 * * c06c200000000000 409ab80000000000 c0b08f0000000000 40ab480000000000 c04f800000000000 c082900000000000 c054400000000000 3ff0000000000000 4010000000000000 c008000000000000 3ff0000000000000 c010000000000000 4010000000000000 3ff0000000000000 3ff0000000000000 c008000000000000 4000000000000000 4000000000000000 4010000000000000 N 3 2 E c014000000000000 c014000000000000 -1 2 E 3fd5555555555555 3fd5555555555556 1 2 E 3ff0000000000000 3ff0000000000000 1
factored_38 13 13 c000000000000000 4000000000000000 40b6c80000000000 40f55b8000000000 4122183000000000 4142512400000000 4158ac5000000000 41674b3400000000 416f9be000000000 416f0ef000000000 4165ee8000000000 4155b58000000000 413c980000000000 4116800000000000 40e0000000000000 0000000000000000 bff0000000000000 4010000000000000 4010000000000000 4008000000000000 0000000000000000 0000000000000000 c000000000000000 c008000000000000 3ff0000000000000 4000000000000000 4000000000000000 c010000000000000 N 4 3 E bff8000000000000 bff8000000000000 -1 3 E bff0000000000000 bff0000000000000 -1 3 E bfe8000000000000 bfe8000000000000 1 3 E bfe0000000000000 bfe0000000000000 1
factored_39 11 14 * * bff0000000000000 0000000000000000 c014000000000000 0000000000000000 c024000000000000 0000000000000000 c024000000000000 0000000000000000 c014000000000000 0000000000000000 bff0000000000000 3ff0000000000000 4000000000000000 c000000000000000 0000000000000000 3ff0000000000000 bff0000000000000 4008000000000000 0000000000000000 bff0000000000000 4008000000000000 4000000000000000 bff0000000000000 bff0000000000000 c008000000000000 N 0
factored_40 13 13 c000000000000000 4000000000000000 0000000000000000 0000000000000000 c0e3880000000000 c1101d0000000000 c123ef2000000000 c125f68000000000 c1100a8000000000 40ff700000000000 40fea70000000000 40d1c00000000000 c0c1c00000000000 c0a8000000000000 c070000000000000 0000000000000000 0000000000000000 c0e3880000000000 c1101d0000000000 c123ef2000000000 c125f68000000000 c1100a8000000000 40ff700000000000 40fea70000000000 40d1c00000000000 c0c1c00000000000 c0a8000000000000 c070000000000000 N 4 2 E c000000000000000 c000000000000000 0 2 E bff0000000000000 bff0000000000000 0 2 E bfe0000000000000 bfe0000000000000 0 2 E 0000000000000000 0000000000000000 0
factored_41 22 16 * * 0000000000000000 0000000000000000 0000000000000000 c1f5b9d420000000 4230c50955800000 c256e31c7ad80000 42722d1cca2c8000 c282900f1bb28000 42894752b8508000 c286aff5abad0000 4278437aaff98000 c24f5cba16680000 c2516db219100000 424b5de194500000 c22b1628c3100000 c203b2ccbf800000 42033229b6800000 c1dfd2b318000000 c19fc04760000000 419fa92440000000 c175061200000000 413338c000000000 c000000000000000 4008000000000000 4000000000000000 4008000000000000 c000000000000000 c008000000000000 4010000000000000 4010000000000000 4010000000000000 4000000000000000 4010000000000000 4010000000000000 bff0000000000000 4000000000000000 c008000000000000 c008000000000000 N 6 3 E c008000000000000 c008000000000000 1 3 E 0000000000000000 0000000000000000 -1 3 E 3fe0000000000000 3fe0000000000000 1 3 E 3ff0000000000000 3ff0000000000000 1 6 E 3ffaaaaaaaaaaaaa 3ffaaaaaaaaaaaab -1 3 E 4010000000000000 4010000000000000 -1
factored_42 3 17 c000000000000000 4000000000000000 3ff0000000000000 0000000000000000 3ff0000000000000 c000000000000000 c010000000000000 c010000000000000 3ff0000000000000 c000000000000000 0000000000000000 0000000000000000 c008000000000000 c000000000000000 4008000000000000 4010000000000000 3ff0000000000000 4008000000000000 4000000000000000 4008000000000000 4010000000000000 c000000000000000 N 0
factored_43 5 18 * * 4054400000000000 c04b000000000000 c058c00000000000 4042000000000000 4042000000000000 bff0000000000000 0000000000000000 4000000000000000 c008000000000000 3ff0000000000000 4000000000000000 bff0000000000000 4008000000000000 c010000000000000 4000000000000000 4000000000000000 4000000000000000 4010000000000000 3ff0000000000000 3ff0000000000000 c008000000000000 c008000000000000 4000000000000000 N 2 2 E bff8000000000000 bff8000000000000 -1 2 E 3ff0000000000000 3ff0000000000000 1
factored_44 10 10 c000000000000000 4000000000000000 c09b000000000000 c0b7a00000000000 40d1940000000000 40e6250000000000 c0fb258000000000 c0eaf10000000000 4111c7a000000000 c110428000000000 40f8780000000000 c0cb000000000000 c09b000000000000 c0b7a00000000000 40d1940000000000 40e6250000000000 c0fb258000000000 c0eaf10000000000 4111c7a000000000 c110428000000000 40f8780000000000 c0cb000000000000 N 3 3 E bfd5555555555556 bfd5555555555555 0 3 E 3fe8000000000000 3fe8000000000000 0 3 E 4000000000000000 4000000000000000 0
factored_45 9 20 * * 3ff0000000000000 0000000000000000 4010000000000000 0000000000000000 4018000000000000 0000000000000000 4010000000000000 0000000000000000 3ff0000000000000 bff0000000000000 4008000000000000 c010000000000000 bff0000000000000 3ff0000000000000 4010000000000000 4000000000000000 c000000000000000 0000000000000000 c010000000000000 bff0000000000000 4008000000000000 c008000000000000 c010000000000000 4000000000000000 c000000000000000 3ff0000000000000 4008000000000000 c008000000000000 0000000000000000 N 0
factored_46 11 21 c000000000000000 4000000000000000 c062000000000000 c076800000000000 40b1af0000000000 40c7460000000000 c0e09ec000000000 c0f99ec000000000 c0dba44000000000 40f9980000000000 40ee840000000000 c0db000000000000 c0d4400000000000 bff0000000000000 c008000000000000 c008000000000000 c008000000000000 bff0000000000000 4008000000000000 4000000000000000 c010000000000000 c000000000000000 0000000000000000 bff0000000000000 c010000000000000 c008000000000000 c010000000000000 c010000000000000 0000000000000000 c010000000000000 0000000000000000 4000000000000000 c010000000000000 4008000000000000 N 4 4 E bff0000000000000 bff0000000000000 1 2 E bfd0000000000000 bfd0000000000000 -1 2 E 3fd0000000000000 3fd0000000000000 -1 2 E 3ff5555555555555 3ff5555555555556 -1
factored_47 19 22 * * 0000000000000000 0000000000000000 0000000000000000 0000000000000000 0000000000000000 0000000000000000 40e0000000000000 40f2000000000000 c132180000000000 c138420000000000 416e22e000000000 41570ee000000000 c193541900000000 4180f7b200000000 418f52ca00000000 c179f92c00000000 c1750f9000000000 4153ef0000000000 4146c80000000000 4010000000000000 3ff0000000000000 3ff0000000000000 3ff0000000000000 4008000000000000 4000000000000000 c008000000000000 0000000000000000 4000000000000000 c000000000000000 c008000000000000 0000000000000000 0000000000000000 c010000000000000 c000000000000000 0000000000000000 c010000000000000 0000000000000000 4000000000000000 c010000000000000 4000000000000000 4008000000000000 N 5 3 E c000000000000000 c000000000000000 -1 3 E bfd0000000000000 bfd0000000000000 1 6 E 0000000000000000 0000000000000000 1 3 E 3fd5555555555555 3fd5555555555556 1 3 E 3ff5555555555555 3ff5555555555556 1
factored_48 15 15 c000000000000000 4000000000000000 3ff0000000000000 0000000000000000 401c000000000000 0000000000000000 4035000000000000 0000000000000000 4041800000000000 0000000000000000 4041800000000000 0000000000000000 4035000000000000 0000000000000000 401c000000000000 0000000000000000 3ff0000000000000 3ff0000000000000 0000000000000000 401c000000000000 0000000000000000 4035000000000000 0000000000000000 4041800000000000 0000000000000000 4041800000000000 0000000000000000 4035000000000000 0000000000000000 401c000000000000 0000000000000000 3ff0000000000000 N 0
factored_49 3 24 * * bff0000000000000 c018000000000000 c022000000000000 c010000000000000 0000000000000000 4008000000000000 4000000000000000 0000000000000000 c000000000000000 c008000000000000 c000000000000000 4000000000000000 c010000000000000 c000000000000000 c008000000000000 c010000000000000 c008000000000000 c000000000000000 4008000000000000 0000000000000000 0000000000000000 bff0000000000000 c008000000000000 4000000000000000 bff0000000000000 3ff0000000000000 bff0000000000000 N 1 2 E bfd5555555555556 bfd5555555555555 -1
factored_50 7 25 c000000000000000 4000000000000000 409b000000000000 c0c4400000000000 40d9500000000000 c0e0e00000000000 40d9500000000000 c0c4400000000000 409b000000000000 c000000000000000 c008000000000000 4000000000000000 c010000000000000 4000000000000000 3ff0000000000000 4008000000000000 c010000000000000 bff0000000000000 c010000000000000 c008000000000000 4008000000000000 4000000000000000 c000000000000000 4000000000000000 3ff0000000000000 0000000000000000 0000000000000000 c008000000000000 c000000000000000 bff0000000000000 bff0000000000000 0000000000000000 0000000000000000 c000000000000000 N 1 6 E 3ff0000000000000 3ff0000000000000 -1
factored_51 7 26 * * bff0000000000000 0000000000000000 c008000000000000 0000000000000000 c008000000000000 0000000000000000 bff0000000000000 0000000000000000 3ff0000000000000 c000000000000000 bff0000000000000 0000000000000000 c008000000000000 c010000000000000 4000000000000000 4008000000000000 3ff0000000000000 4008000000000000 c000000000000000 4010000000000000 c010000000000000 4008000000000000 bff0000000000000 bff0000000000000 4008000000000000 4008000000000000 3ff0000000000000 3ff0000000000000 4000000000000000 c010000000000000 bff0000000000000 c008000000000000 3ff0000000000000 N 0
factored_52 9 9 c000000000000000 4000000000000000 40d5f90000000000 c0ed4c0000000000 c0da900000000000 40f8380000000000 40e6f00000000000 c0da800000000000 c0ca000000000000 40a0000000000000 4090000000000000 40d5f90000000000 c0ed4c0000000000 c0da900000000000 40f8380000000000 40e6f00000000000 c0da800000000000 c0ca000000000000 40a0000000000000 4090000000000000 N 2 2 E bff8000000000000 bff8000000000000 0 2 E 3fe0000000000000 3fe0000000000000 0
factored_53 16 2 * * 4149bfcc00000000 c16c52fa00000000 c1504ece00000000 41961ed780000000 c18ba0a1c0000000 c1a9b97da0000000 41a89ffd70000000 41aacb8a80000000 c1b0221c60000000 c19739de00000000 41a2e68500000000 4161d90000000000 c1841d1000000000 4150ce0000000000 4150080000000000 c12b000000000000 bff0000000000000 3ff0000000000000 N 5 3 E bffaaaaaaaaaaaab bffaaaaaaaaaaaaa -1 3 E bfe8000000000000 bfe8000000000000 -1 3 E 3fe0000000000000 3fe0000000000000 -1 3 E 3ff0000000000000 3ff0000000000000 0 3 E 4004000000000000 4004000000000000 1
factored_54 13 3 c000000000000000 4000000000000000 bff0000000000000 0000000000000000 c018000000000000 0000000000000000 c02e000000000000 0000000000000000 c034000000000000 0000000000000000 c02e000000000000 0000000000000000 c018000000000000 0000000000000000 bff0000000000000 4008000000000000 4008000000000000 bff0000000000000 N 0
dense_0 2 1 * * 4010000000000000 4000000000000000 c008000000000000 N 1 1 E c000000000000000 c000000000000000 -1
dense_1 3 2 * * 4010000000000000 bff0000000000000 4010000000000000 4000000000000000 c010000000000000 N 0
dense_2 4 3 * * c000000000000000 0000000000000000 bff0000000000000 0000000000000000 bff0000000000000 bff0000000000000 4014000000000000 N 0
dense_3 5 4 * * c010000000000000 c008000000000000 4010000000000000 4010000000000000 4010000000000000 4010000000000000 c000000000000000 c008000000000000 c014000000000000 N 2 1 E bfe7b84d13aa7fc4 bfe7b84d13aa7fc3 1 1 E 3fe9da1fbbdb5e39 3fe9da1fbbdb5e3a -1
dense_4 6 5 * * bff0000000000000 c010000000000000 0000000000000000 4014000000000000 0000000000000000 4000000000000000 4014000000000000 c008000000000000 4014000000000000 4010000000000000 4014000000000000 N 3 1 E bfe4c273c7e22489 bfe4c273c7e22488 1 1 E bfd1c35e1ca0e6cc bfd1c35e1ca0e6cb 1 1 E 3fec4b161cecc418 3fec4b161cecc419 1
dense_5 7 6 * * 4008000000000000 c008000000000000 c008000000000000 bff0000000000000 bff0000000000000 0000000000000000 4010000000000000 c008000000000000 4014000000000000 c014000000000000 4008000000000000 c014000000000000 c010000000000000 N 2 1 E 3fe3036aa3d38e54 3fe3036aa3d38e55 -1 1 E 3ff14a7fdf1213a0 3ff14a7fdf1213a1 -1
dense_6 8 7 * * 0000000000000000 c008000000000000 c010000000000000 c008000000000000 4014000000000000 c014000000000000 c000000000000000 c010000000000000 4010000000000000 4000000000000000 4010000000000000 bff0000000000000 0000000000000000 c008000000000000 c008000000000000 N 1 1 E 0000000000000000 0000000000000000 1
dense_7 9 8 * * 4000000000000000 4010000000000000 4008000000000000 c014000000000000 bff0000000000000 c014000000000000 c008000000000000 c014000000000000 0000000000000000 bff0000000000000 c014000000000000 c010000000000000 4010000000000000 0000000000000000 4000000000000000 c014000000000000 3ff0000000000000 N 1 1 E 3fea50c87e348b34 3fea50c87e348b35 -1
dense_8 10 9 * * c010000000000000 4008000000000000 3ff0000000000000 4010000000000000 4010000000000000 4010000000000000 3ff0000000000000 c008000000000000 c008000000000000 3ff0000000000000 bff0000000000000 c010000000000000 4010000000000000 4010000000000000 c014000000000000 0000000000000000 c010000000000000 4014000000000000 4014000000000000 N 3 1 E 3fe3b7c503d069ce 3fe3b7c503d069cf -1 1 E 3ff6c124a7987439 3ff6c124a798743a 1 1 E 400d1744ba4662c9 400d1744ba4662ca 1
dense_9 11 10 * * c014000000000000 3ff0000000000000 c000000000000000 3ff0000000000000 c008000000000000 bff0000000000000 0000000000000000 c000000000000000 c008000000000000 c000000000000000 c010000000000000 0000000000000000 0000000000000000 c014000000000000 4008000000000000 0000000000000000 c010000000000000 3ff0000000000000 4008000000000000 bff0000000000000 c000000000000000 N 0
dense_10 12 11 * * 4014000000000000 bff0000000000000 bff0000000000000 3ff0000000000000 c000000000000000 4000000000000000 c010000000000000 c014000000000000 4008000000000000 4014000000000000 bff0000000000000 c000000000000000 0000000000000000 4014000000000000 4008000000000000 bff0000000000000 c008000000000000 4000000000000000 4000000000000000 bff0000000000000 4014000000000000 c008000000000000 c010000000000000 N 3 1 E bff69806b1bc26d4 bff69806b1bc26d3 1 1 E bff0000000000000 bff0000000000000 1 1 E 3ff0000000000000 3ff0000000000000 1
dense_11 13 12 * * 4000000000000000 4010000000000000 3ff0000000000000 4014000000000000 bff0000000000000 4000000000000000 4008000000000000 c014000000000000 c014000000000000 3ff0000000000000 c000000000000000 4014000000000000 4014000000000000 c010000000000000 c014000000000000 4014000000000000 3ff0000000000000 0000000000000000 4008000000000000 c010000000000000 c008000000000000 0000000000000000 4014000000000000 4014000000000000 c000000000000000 N 2 1 E bff7a3f1295b1fbf bff7a3f1295b1fbe 1 1 E bfdbd1dcfd0f8215 bfdbd1dcfd0f8214 -1
dense_12 14 13 * * c008000000000000 3ff0000000000000 4010000000000000 0000000000000000 c010000000000000 c000000000000000 c008000000000000 4000000000000000 0000000000000000 c010000000000000 bff0000000000000 4010000000000000 c008000000000000 0000000000000000 4000000000000000 c008000000000000 4008000000000000 c010000000000000 4000000000000000 c014000000000000 0000000000000000 0000000000000000 c010000000000000 bff0000000000000 4010000000000000 4008000000000000 bff0000000000000 N 0
dense_13 15 14 * * c010000000000000 c000000000000000 c010000000000000 c010000000000000 4014000000000000 3ff0000000000000 4008000000000000 0000000000000000 3ff0000000000000 0000000000000000 bff0000000000000 4014000000000000 4014000000000000 4000000000000000 bff0000000000000 c000000000000000 4010000000000000 bff0000000000000 c000000000000000 bff0000000000000 0000000000000000 4000000000000000 0000000000000000 c010000000000000 4014000000000000 4008000000000000 0000000000000000 c014000000000000 3ff0000000000000 N 4 1 E bff1984b72f16aac bff1984b72f16aab -1 1 E bfead9987d5ae520 bfead9987d5ae51f -1 1 E 3fee4da4457940dc 3fee4da4457940dd -1 1 E 400d97d1eaf231ed 400d97d1eaf231ee -1
dense_14 16 15 * * 0000000000000000 4010000000000000 3ff0000000000000 c008000000000000 0000000000000000 c010000000000000 c000000000000000 4000000000000000 4010000000000000 c010000000000000 4000000000000000 3ff0000000000000 4010000000000000 bff0000000000000 4010000000000000 4000000000000000 c014000000000000 4008000000000000 c000000000000000 4008000000000000 bff0000000000000 4000000000000000 c008000000000000 c000000000000000 4014000000000000 4010000000000000 3ff0000000000000 c008000000000000 4000000000000000 4000000000000000 c008000000000000 N 3 1 E c0043be3d2f7d08e c0043be3d2f7d08d -1 1 E bfe7bdf7e9012649 bfe7bdf7e9012648 -1 1 E 0000000000000000 0000000000000000 -1
dense_15 17 16 * * 4000000000000000 c008000000000000 c010000000000000 c014000000000000 c010000000000000 c014000000000000 4000000000000000 4000000000000000 c014000000000000 c008000000000000 c008000000000000 3ff0000000000000 c000000000000000 0000000000000000 4014000000000000 4010000000000000 0000000000000000 4014000000000000 3ff0000000000000 c008000000000000 c000000000000000 4010000000000000 4010000000000000 bff0000000000000 c014000000000000 0000000000000000 4014000000000000 4014000000000000 3ff0000000000000 4010000000000000 c008000000000000 0000000000000000 0000000000000000 N 3 1 E bff0000000000000 bff0000000000000 1 1 E 3fd7920587c867b6 3fd7920587c867b7 1 1 E 3ff24f1dec6c106d 3ff24f1dec6c106e 1
dense_16 18 17 * * 4000000000000000 3ff0000000000000 4014000000000000 4000000000000000 3ff0000000000000 4014000000000000 c010000000000000 4008000000000000 c010000000000000 4014000000000000 c008000000000000 4010000000000000 4008000000000000 c014000000000000 0000000000000000 3ff0000000000000 bff0000000000000 c010000000000000 4010000000000000 4008000000000000 c008000000000000 4014000000000000 c010000000000000 0000000000000000 c010000000000000 c000000000000000 3ff0000000000000 c000000000000000 4000000000000000 4008000000000000 4010000000000000 c014000000000000 3ff0000000000000 3ff0000000000000 4000000000000000 N 3 1 E bff2cd2ad1d87133 bff2cd2ad1d87132 1 1 E bfe876b437f24ae3 bfe876b437f24ae2 -1 1 E 3ff1825e85ce8093 3ff1825e85ce8094 1
dense_17 19 18 * * c010000000000000 4014000000000000 4008000000000000 c014000000000000 c000000000000000 c010000000000000 4008000000000000 3ff0000000000000 c014000000000000 0000000000000000 4000000000000000 0000000000000000 4000000000000000 4000000000000000 c008000000000000 bff0000000000000 c008000000000000 c008000000000000 3ff0000000000000 3ff0000000000000 4014000000000000 0000000000000000 c000000000000000 4000000000000000 4010000000000000 bff0000000000000 c000000000000000 4000000000000000 c008000000000000 4000000000000000 c000000000000000 3ff0000000000000 c008000000000000 3ff0000000000000 4000000000000000 4008000000000000 4014000000000000 N 2 1 E bff107100fe8facb bff107100fe8faca 1 1 E 400f09d773c1393f 400f09d773c13940 1
dense_18 20 19 * * 4014000000000000 c000000000000000 0000000000000000 4010000000000000 4000000000000000 c008000000000000 c014000000000000 bff0000000000000 c008000000000000 c008000000000000 0000000000000000 4014000000000000 bff0000000000000 4000000000000000 c000000000000000 0000000000000000 4000000000000000 c010000000000000 c014000000000000 4014000000000000 4000000000000000 c000000000000000 4014000000000000 c010000000000000 4008000000000000 4008000000000000 bff0000000000000 c010000000000000 4010000000000000 4000000000000000 4010000000000000 bff0000000000000 4000000000000000 c010000000000000 c008000000000000 c000000000000000 bff0000000000000 4014000000000000 0000000000000000 N 3 1 E bfed8af180bd1cf6 bfed8af180bd1cf5 1 1 E 3fedb71f84e10c02 3fedb71f84e10c03 1 1 E 3ff66301c3b67638 3ff66301c3b67639 1
dense_19 21 20 * * 4010000000000000 c000000000000000 4000000000000000 0000000000000000 c000000000000000 4014000000000000 4010000000000000 4008000000000000 c000000000000000 c000000000000000 4010000000000000 c000000000000000 c008000000000000 4010000000000000 c008000000000000 bff0000000000000 4014000000000000 bff0000000000000 4010000000000000 bff0000000000000 c008000000000000 0000000000000000 c008000000000000 4010000000000000 c014000000000000 4000000000000000 4000000000000000 0000000000000000 4010000000000000 c010000000000000 4014000000000000 3ff0000000000000 4014000000000000 4010000000000000 bff0000000000000 c014000000000000 c008000000000000 c000000000000000 c008000000000000 c010000000000000 bff0000000000000 N 2 1 E bff96a0657ea3a35 bff96a0657ea3a34 -1 1 E 3ff3d0dd8c61dc7e 3ff3d0dd8c61dc7f -1
dense_20 22 21 * * 4014000000000000 3ff0000000000000 bff0000000000000 4014000000000000 c000000000000000 4000000000000000 4008000000000000 c010000000000000 bff0000000000000 4010000000000000 4008000000000000 4008000000000000 c008000000000000 bff0000000000000 4010000000000000 0000000000000000 4010000000000000 4010000000000000 bff0000000000000 4008000000000000 3ff0000000000000 4008000000000000 bff0000000000000 c010000000000000 4000000000000000 c010000000000000 bff0000000000000 bff0000000000000 4014000000000000 c000000000000000 4008000000000000 c014000000000000 0000000000000000 c000000000000000 c008000000000000 4014000000000000 c010000000000000 4014000000000000 4010000000000000 4010000000000000 4010000000000000 4010000000000000 4010000000000000 N 1 1 E bfea8ddf7e5bb64c bfea8ddf7e5bb64b 1
dense_21 23 22 * * 4010000000000000 c010000000000000 bff0000000000000 0000000000000000 4000000000000000 c014000000000000 0000000000000000 0000000000000000 4008000000000000 0000000000000000 bff0000000000000 c014000000000000 4014000000000000 4010000000000000 bff0000000000000 c008000000000000 3ff0000000000000 4010000000000000 bff0000000000000 0000000000000000 c014000000000000 4008000000000000 4008000000000000 c014000000000000 3ff0000000000000 c008000000000000 4000000000000000 0000000000000000 4000000000000000 c008000000000000 bff0000000000000 bff0000000000000 c008000000000000 4000000000000000 3ff0000000000000 c008000000000000 3ff0000000000000 3ff0000000000000 3ff0000000000000 4014000000000000 c010000000000000 c010000000000000 c000000000000000 4000000000000000 4014000000000000 N 4 1 E bfff59ab2b9112b6 bfff59ab2b9112b5 -1 1 E bff168953171185b bff168953171185a -1 1 E 3fe8ab73540efa1e 3fe8ab73540efa1f -1 1 E 3fedd8d097c02109 3fedd8d097c0210a -1
dense_22 24 23 * * c008000000000000 3ff0000000000000 bff0000000000000 c010000000000000 4000000000000000 4008000000000000 0000000000000000 c000000000000000 c010000000000000 c008000000000000 3ff0000000000000 4014000000000000 c000000000000000 4008000000000000 bff0000000000000 c010000000000000 4008000000000000 c014000000000000 c000000000000000 3ff0000000000000 4008000000000000 4000000000000000 4010000000000000 c000000000000000 c010000000000000 4014000000000000 0000000000000000 bff0000000000000 4010000000000000 c000000000000000 4010000000000000 0000000000000000 c014000000000000 c014000000000000 c014000000000000 c014000000000000 4000000000000000 c014000000000000 0000000000000000 4000000000000000 c008000000000000 bff0000000000000 4014000000000000 4008000000000000 c008000000000000 4000000000000000 bff0000000000000 N 3 1 E bfee9f034ee4423b bfee9f034ee4423a 1 1 E 3ff0e527a766d5e3 3ff0e527a766d5e4 -1 1 E 4004c3e6d7f5e6b6 4004c3e6d7f5e6b7 -1
dense_23 25 24 * * c008000000000000 3ff0000000000000 c014000000000000 0000000000000000 c014000000000000 3ff0000000000000 4008000000000000 3ff0000000000000 c010000000000000 c014000000000000 c008000000000000 bff0000000000000 4014000000000000 3ff0000000000000 4000000000000000 3ff0000000000000 c008000000000000 4014000000000000 0000000000000000 3ff0000000000000 0000000000000000 c000000000000000 c008000000000000 c000000000000000 3ff0000000000000 4014000000000000 c010000000000000 4008000000000000 4014000000000000 0000000000000000 4014000000000000 4000000000000000 c000000000000000 3ff0000000000000 4014000000000000 4010000000000000 4014000000000000 4014000000000000 4000000000000000 bff0000000000000 bff0000000000000 4008000000000000 4008000000000000 0000000000000000 bff0000000000000 c008000000000000 4008000000000000 4008000000000000 4010000000000000 N 2 1 E bff3e7668e754737 bff3e7668e754736 -1 1 E 400923e15a11cdbd 400923e15a11cdbe 1
dense_24 26 25 * * 3ff0000000000000 c014000000000000 3ff0000000000000 c008000000000000 c008000000000000 bff0000000000000 c014000000000000 c014000000000000 3ff0000000000000 4014000000000000 bff0000000000000 bff0000000000000 4000000000000000 0000000000000000 3ff0000000000000 4010000000000000 c000000000000000 c000000000000000 3ff0000000000000 4008000000000000 c008000000000000 c014000000000000 4008000000000000 4008000000000000 4008000000000000 c014000000000000 c000000000000000 c000000000000000 c008000000000000 3ff0000000000000 0000000000000000 c000000000000000 4014000000000000 c014000000000000 bff0000000000000 bff0000000000000 4000000000000000 c010000000000000 c000000000000000 3ff0000000000000 0000000000000000 4010000000000000 0000000000000000 0000000000000000 bff0000000000000 c008000000000000 c010000000000000 c010000000000000 c010000000000000 0000000000000000 4010000000000000 N 1 1 E 3fc9dd5865231b81 3fc9dd5865231b82 -1
dense_25 2 26 * * bff0000000000000 c000000000000000 c000000000000000 c008000000000000 3ff0000000000000 4014000000000000 c014000000000000 c010000000000000 4008000000000000 0000000000000000 3ff0000000000000 3ff0000000000000 4014000000000000 4014000000000000 bff0000000000000 c010000000000000 c014000000000000 c008000000000000 4010000000000000 3ff0000000000000 c010000000000000 0000000000000000 3ff0000000000000 3ff0000000000000 c000000000000000 c014000000000000 4010000000000000 4014000000000000 N 1 1 E bfe0000000000000 bfe0000000000000 -1
dense_26 3 1 * * 4008000000000000 bff0000000000000 4000000000000000 c008000000000000 N 0
dense_27 4 2 * * c014000000000000 c008000000000000 c010000000000000 bff0000000000000 c010000000000000 4014000000000000 N 1 1 E c00c69e23d321ef5 c00c69e23d321ef4 -1
dense_28 5 3 * * 4008000000000000 4010000000000000 4008000000000000 4010000000000000 c008000000000000 0000000000000000 4000000000000000 c010000000000000 N 2 1 E bfe4ed03637e4494 bfe4ed03637e4493 -1 1 E 400162c1fab4588f 400162c1fab45890 -1
dense_29 6 4 * * c000000000000000 4008000000000000 bff0000000000000 bff0000000000000 c008000000000000 c010000000000000 0000000000000000 4014000000000000 4010000000000000 c014000000000000 N 1 1 E bff44c50d79c5f05 bff44c50d79c5f04 1
