# case	canonical row (S7b.4, ruled_curve_reference.py)
kk_cross	component 0 1 0 0
kk_cross	component 0 1 0 0
kk_cross	ring 0.0 -2.16362412468511055490139713137 -0.901033323305980696204303876731 0.0 -1.6493304351653637107787973707
kk_cross	ring 0.0 1.73063095679184198233694408063 0.56290346820260830224637598542 0.0 1.03038788705423009371822079554
kk_parallel	fold -2.53966036268214424626018348341 -2.38893317205095319559754739209 1.0 0.686977253281151687477961390416 -2.22081070080892432075323785432
kk_parallel	fold -0.601932290907648992202459899868 2.38893317205095319559754739209 1.0 -0.686977253281151687477961390416 2.22081070080892432075323785432
kk_parallel	fold 0.601932290907648992202459899868 2.38893317205095319559754739209 1.0 0.686977253281151687477961390416 2.22081070080892432075323785432
kk_parallel	fold 2.53966036268214424626018348341 -2.38893317205095319559754739209 1.0 -0.686977253281151687477961390416 -2.22081070080892432075323785432
kk_parallel	component 2 0 0 0
kk_parallel	component 2 0 0 0
kk_unbounded	component 0 1 0 2
kk_unbounded	component 0 1 0 2
kk_unbounded	ring 0.0 1.92886279427322426315773487373 1.12949141198773052456323601035 0.0 0.896309206460903026248532077004
kk_unbounded	ring 0.0 2.96246294764966738068833402103 8.72251985401743296813219648051 0.0 6.92176564223293402480579934126
kk_tilted	component 0 1 0 0
kk_tilted	component 0 1 0 0
kk_tilted	ring 0.0 -0.0683393700912115986101060801568 0.986688516804531196548164271101 1.62632586589539545145119947643 2.50176782119386055583919625859
kk_tilted	ring 0.0 1.72015683649561682908361802584 1.45240290219093902430035880734 2.28723672928579528367920996557 3.38298230571439374700526110644
kk_irrational_apexes	component 0 1 0 0
kk_irrational_apexes	component 0 1 0 0
kk_irrational_apexes	ring 0.0 1.85140227391449134247940601766 0.637115654530705200254861755816 0.0 0.25098852207302219776946213972
kk_irrational_apexes	ring 0.0 2.43592898218467037985880903549 1.3019341993298190006074331841 0.0 1.46793070549453966920358999993
kk_miss	empty
kk_twins	component 0 1 0 2
kk_twins	ring 1.0 1.30074682802842027166265278815 0.935780459127883872279439029764 1.45739171562687735641071995257 3.17032635627890973745133466219
ka_sphere	apex 0.0 0.0 0.0 isolated
ka_sphere	component 0 1 0 0
ka_sphere	ring 1.0 1.13432292389226573211859754865 0.555297195769417384774314904219 0.864824142170496130131057728635 1.88128884092777035317444405716
ka_cylinder	apex 0.0 0.0 0.0 crossing
ka_cylinder	component 0 1 0 0
ka_cylinder	ring 1.0 -0.7130682239515821182739222968 0.348911313796888979947084180692 -0.22403337820492857710564672901 -0.759001661854772772303171678263
ka_cylinder_parallel	apex 0.0 0.0 0.0 crossing
ka_cylinder_parallel	component 0 1 0 0
ka_cylinder_parallel	ring 1.0 1.38897657781592695080048110093 0.583853163452857613002431770499 0.909297426825681695396019865912 5.33078990896850879694648869018
ka_sphere_near	component 0 1 0 0
ka_sphere_near	component 0 1 0 0
ka_sphere_near	ring 0.0 -1.92715714773940695779767515641e-6 -4.61964176765095373000456729576e-7 0.0 -8.45619753439507846040613761074e-7
ka_sphere_near	ring 0.0 2.37342811815401876104678121392 1.1862447173709684836971728665 0.0 2.17140639009381553689815938928
