# input text | point_count overlap_count [t/x/y/z lo hi bits contact left_order right_order] [overlap endpoints bits]
factor_0_axis_0.125 B 1 2 2 2 -3 5 2.125 -3 5 2 -2.875 5 2 -3 4.875 1 2.125 -2.875 5.125 1 0 2 1 2 | 1 0 3fe0000000000000 3fe0000000000000 4000800000000000 4000800000000000 c007800000000000 c007800000000000 4014000000000000 4014000000000000 C 1 1
factor_1_axis_0.125 B 2 3 2 2 -3 5 2.125 -3 5 2 -2.875 5 2 -3 5.125 1 2.125 -2.875 4.875 1 2.25 -2.75 5.125 1 0 3 1 3 | 1 0 3fe0000000000000 3fe0000000000000 4001000000000000 4001000000000000 c007000000000000 c007000000000000 4014000000000000 4014000000000000 T 2 2
factor_2_axis_0.125 B 2 3 2 2 -3 5 2.125 -3 5 2 -2.875 5 2 -3 5.375 1 2.125 -2.875 4.375 1 2.25 -2.75 5.375 1 0 3 1 3 | 2 0 3fd0000000000000 3fd0000000000000 4000800000000000 4000800000000000 c007800000000000 c007800000000000 4014000000000000 4014000000000000 C 1 1 3fe8000000000000 3fe8000000000000 4001800000000000 4001800000000000 c006800000000000 c006800000000000 4014000000000000 4014000000000000 C 1 1
factor_3_axis_0.125 B 3 4 2 2 -3 5 2.125 -3 5 2 -2.875 5 2 -3 3.875 1 2.125 -2.875 6.625 1 2.25 -2.75 3.375 1 2.375 -3 6.125 1 0 4 1 4 | 3 0 3fd0000000000000 3fd0000000000000 4000c00000000000 4000c00000000000 c0074c0000000000 c0074c0000000000 4014000000000000 4014000000000000 C 1 1 3fe0000000000000 3fe0000000000000 4001800000000000 4001800000000000 c006e00000000000 c006e00000000000 4014000000000000 4014000000000000 C 1 1 3fe8000000000000 3fe8000000000000 4002400000000000 4002400000000000 c007040000000000 c007040000000000 4014000000000000 4014000000000000 C 1 1
factor_4_axis_0.125 B 4 5 2 2 -3 5 2.125 -3 5 2 -2.875 5 2 -3 8.375 1 2.125 -2.875 -0.625 1 2.25 -2.75 12.375 1 2.375 -3 -0.625 1 2.5 -2.875 8.375 1 0 5 1 5 | 2 0 3fd0000000000000 3fd0000000000000 4001000000000000 4001000000000000 c007270000000000 c007270000000000 4014000000000000 4014000000000000 T 2 2 3fe8000000000000 3fe8000000000000 4003000000000000 4003000000000000 c007370000000000 c007370000000000 4014000000000000 4014000000000000 T 2 2
factor_5_axis_0.125 B 2 3 2 2 -3 5 2.125 -3 5 2 -2.875 5 2 -3 5 1 2.125 -2.875 4.875 1 2.25 -2.75 5 1 0 3 1 3 | 2 0 0000000000000000 0000000000000000 4000000000000000 4000000000000000 c008000000000000 c008000000000000 4014000000000000 4014000000000000 B 0 1 3ff0000000000000 3ff0000000000000 4002000000000000 4002000000000000 c006000000000000 c006000000000000 4014000000000000 4014000000000000 B 1 0
factor_6_axis_0.125 B 2 3 2 2 -3 5 2.125 -3 5 2 -2.875 5 2 -3 4.5 1 2.125 -2.875 4.375 1 2.25 -2.75 4.5 1 0 3 1 3 | 0 0
factor_7_axis_0.125 B 7 8 2 2 -3 5 2.125 -3 5 2 -2.875 5 2 -3 4.875 1 2.125 -2.875 5.125 1 2.25 -2.75 4.875 1 2.375 -3 5.125 1 2.5 -2.875 4.875 1 2.625 -2.75 5.125 1 2.75 -3 4.875 1 2.875 -2.875 5.125 1 0 8 1 8 | 1 0 3fe0000000000000 3fe0000000000000 4003800000000000 4003800000000000 c007020000000000 c007020000000000 4014000000000000 4014000000000000 C 7 7
rational_2_axis_0.125 B 2 3 2 2 -3 5 2.125 -3 5 2 -2.875 5 2 -3 4.875 1 2.125 -2.875 5 2 2.25 -2.75 5.125 3 0 3 1 3 | 1 0 3fd76cf5d0b09954 3fd76cf5d0b09955 4001000000000000 4001000000000000 c007000000000000 c007000000000000 4014000000000000 4014000000000000 C 1 1
rational_3_axis_0.125 B 3 4 2 2 -3 5 2.125 -3 5 2 -2.875 5 2 -3 4.8125 1 2.125 -2.875 4.9375 2 2.25 -2.75 5.0625 3 2.375 -3 5.1875 1 0 4 1 4 | 1 0 3fdd1bb4a69d16fe 3fdd1bb4a69d16ff 4001800000000000 4001800000000000 c006a2b38830a2ed c006a2b38830a2ec 4014000000000000 4014000000000000 C 1 1
rational_5_axis_0.125 B 5 6 2 2 -3 5 2.125 -3 5 2 -2.875 5 2 -3 4.6875 1 2.125 -2.875 4.8125 2 2.25 -2.75 4.9375 3 2.375 -3 5.0625 1 2.5 -2.875 5.1875 2 2.625 -2.75 5.3125 3 0 6 1 6 | 1 0 3fe07e4bc29ad03f 3fe07e4bc29ad040 4002800000000000 4002800000000000 c006aa1e006313c3 c006aa1e006313c2 4014000000000000 4014000000000000 C 1 1
rational_8_axis_0.125 B 8 9 2 2 -3 5 2.125 -3 5 2 -2.875 5 2 -3 4.5 1 2.125 -2.875 4.625 2 2.25 -2.75 4.75 3 2.375 -3 4.875 1 2.5 -2.875 5 2 2.625 -2.75 5.125 3 2.75 -3 5.25 1 2.875 -2.875 5.375 2 3 -2.75 5.5 3 0 9 1 9 | 1 0 3fdfe006fcd78e0a 3fdfe006fcd78e0b 4004000000000000 4004000000000000 c006ab0d38754222 c006ab0d38754221 4014000000000000 4014000000000000 C 1 1
rational_25_axis_0.125 B 25 26 2 2 -3 5 2.125 -3 5 2 -2.875 5 2 -3 3.4375 1 2.125 -2.875 3.5625 2 2.25 -2.75 3.6875 3 2.375 -3 3.8125 1 2.5 -2.875 3.9375 2 2.625 -2.75 4.0625 3 2.75 -3 4.1875 1 2.875 -2.875 4.3125 2 3 -2.75 4.4375 3 3.125 -3 4.5625 1 3.25 -2.875 4.6875 2 3.375 -2.75 4.8125 3 3.5 -3 4.9375 1 3.625 -2.875 5.0625 2 3.75 -2.75 5.1875 3 3.875 -3 5.3125 1 4 -2.875 5.4375 2 4.125 -2.75 5.5625 3 4.25 -3 5.6875 1 4.375 -2.875 5.8125 2 4.5 -2.75 5.9375 3 4.625 -3 6.0625 1 4.75 -2.875 6.1875 2 4.875 -2.75 6.3125 3 5 -3 6.4375 1 5.125 -2.875 6.5625 2 0 26 1 26 | 1 0 3fdffffff800008d 3fdffffff800008e 400c800000000000 400c800000000000 c006aaaaab2aaaac c006aaaaab2aaaab 4014000000000000 4014000000000000 C 1 1
contained_axis_0.125 S 3 4 2 2 -3 5 2.125 -3 5 2 -2.875 5 2 -3 5 1 2.125 -2.875 5 1 2.25 -3 5 1 2.375 -2.875 5 1 0 4 1 4 | 0 1 0000000000000000 3ff0000000000000
disjoint_axis_0.125 S 3 4 2 2 -3 5 2.125 -3 5 2 -2.875 5 2 -3 5.125 1 2.125 -2.875 5.125 1 2.25 -3 5.125 1 2.375 -2.875 5.125 1 0 4 1 4 | 0 0
join_axis_0.125 S 2 5 3 2 -3 5 2.125 -3 5 2 -2.875 5 2 -3 4.875 1 2.125 -2.875 5 1 2.25 -3 5.125 1 2.375 -2.875 5 1 2.5 -3 4.875 1 0 3 1 2 2 3 | 2 0 3fe0000000000000 3fe0000000000000 4001000000000000 4001000000000000 c007800000000000 c007800000000000 4014000000000000 4014000000000000 C 1 1 3ff8000000000000 3ff8000000000000 4003000000000000 4003000000000000 c007800000000000 c007800000000000 4014000000000000 4014000000000000 C 1 1
join_tangent_axis_0.125 S 2 5 3 2 -3 5 2.125 -3 5 2 -2.875 5 2 -3 5.125 1 2.125 -2.875 5.125 1 2.25 -3 5 1 2.375 -2.875 5.125 1 2.5 -3 5.125 1 0 3 1 2 2 3 | 1 0 3ff0000000000000 3ff0000000000000 4002000000000000 4002000000000000 c008000000000000 c008000000000000 4014000000000000 4014000000000000 T 1 1
partial_overlap_axis_0.125 S 1 4 4 2 -3 5 2.125 -3 5 2 -2.875 5 2 -3 4.875 1 2.125 -3 5 1 2.25 -3 5 1 2.375 -3 5.125 1 0 2 1 1 2 1 3 2 | 0 1 3ff0000000000000 4000000000000000
unclamped_axis_0.125 S 2 5 8 2 -3 5 2.125 -3 5 2 -2.875 5 2 -3 4.875 1 2.125 -2.875 5.125 1 2.25 -3 4.75 1 2.375 -2.875 5.25 1 2.5 -3 4.875 1 -2 1 -1 1 0 1 1 1 2 1 3 1 4 1 5 1 | 3 0 0000000000000000 0000000000000000 4000800000000000 4000800000000000 c007800000000000 c007800000000000 4014000000000000 4014000000000000 B 0 1 3fe9999999999999 3fe999999999999a 40014ccccccccccc 40014ccccccccccd c007570a3d70a3d8 c007570a3d70a3d7 4014000000000000 4014000000000000 C 1 1 4000000000000000 4000000000000000 4002800000000000 4002800000000000 c007800000000000 c007800000000000 4014000000000000 4014000000000000 C 1 1
periodic_1_axis_0.125 P 1 3 4 2 -3 5 2.125 -3 5 2 -2.875 5 2 -3 4.875 1 2.125 -2.875 5.125 1 2 -2.75 4.875 1 0 1 1 1 2 1 3 1 | 2 0 3fe0000000000000 3fe0000000000000 4000800000000000 4000800000000000 c007800000000000 c007800000000000 4014000000000000 4014000000000000 C 1 1 3ff8000000000000 3ff8000000000000 4000800000000000 4000800000000000 c006800000000000 c006800000000000 4014000000000000 4014000000000000 C 1 1
periodic_2_axis_0.125 P 2 4 4 2 -3 5 2.125 -3 5 2 -2.875 5 2 -3 4.875 1 2.125 -2.875 5.125 1 2 -2.75 4.875 1 2.125 -2.625 5.125 1 0 1 1 2 2 1 3 1 | 5 0 0000000000000000 0000000000000000 4000800000000000 4000800000000000 c007800000000000 c007800000000000 4014000000000000 4014000000000000 B 0 1 3fe5555555555555 3fe5555555555556 4000800000000000 4000800000000000 c0069c71c71c71c8 c0069c71c71c71c7 4014000000000000 4014000000000000 C 1 1 3ff5555555555555 3ff5555555555556 4000800000000000 4000800000000000 c0059c71c71c71c8 c0059c71c71c71c7 4014000000000000 4014000000000000 C 1 1 4000000000000000 4000000000000000 4000800000000000 4000800000000000 c006800000000000 c006800000000000 4014000000000000 4014000000000000 C 1 1 4008000000000000 4008000000000000 4000800000000000 4000800000000000 c007800000000000 c007800000000000 4014000000000000 4014000000000000 B 1 0
periodic_3_axis_0.125 P 3 5 4 2 -3 5 2.125 -3 5 2 -2.875 5 2 -3 4.875 1 2.125 -2.875 5.125 1 2 -2.75 4.875 1 2.125 -2.625 5.125 1 2 -2.5 4.875 1 0 1 1 3 2 1 3 1 | 4 0 3fc9458935a44663 3fc9458935a44664 4000800000000000 4000800000000000 c006a82c0474a1a2 c006a82c0474a1a1 4014000000000000 4014000000000000 C 1 1 3fe7f65a8852e8a9 3fe7f65a8852e8aa 4000800000000000 4000800000000000 c005aa5e38e296b3 c005aa5e38e296b2 4014000000000000 4014000000000000 C 1 1 3ff35036b0dc1293 3ff35036b0dc1294 4000800000000000 4000800000000000 c004ba4a8668c783 c004ba4a8668c782 4014000000000000 4014000000000000 C 1 1 400476c906b51da5 400476c906b51da6 4000800000000000 4000800000000000 c00753a7c3a544e5 c00753a7c3a544e4 4014000000000000 4014000000000000 C 1 1
factor_0_oblique_0.125 B 1 2 2 2 -3 5 2.25 -2.875 5 2 -2.75 5.125 1.875 -2.75 4.5 1 2.375 -2.875 5.625 1 0 2 1 2 | 1 0 3fe0000000000000 3fe0000000000000 4001000000000000 4001000000000000 c006800000000000 c006800000000000 4014400000000000 4014400000000000 C 1 1
factor_1_oblique_0.125 B 2 3 2 2 -3 5 2.25 -2.875 5 2 -2.75 5.125 2.125 -3.25 5.5 1 2.125 -2.375 4.625 1 2.625 -2.5 5.75 1 0 3 1 3 | 1 0 3fe0000000000000 3fe0000000000000 4002000000000000 4002000000000000 c005000000000000 c005000000000000 4014800000000000 4014800000000000 T 2 2
factor_2_oblique_0.125 B 2 3 2 2 -3 5 2.25 -2.875 5 2 -2.75 5.125 2.375 -3.75 6.5 1 1.625 -1.375 2.625 1 2.875 -3 6.75 1 0 3 1 3 | 2 0 3fd0000000000000 3fd0000000000000 4001000000000000 4001000000000000 c006800000000000 c006800000000000 4014400000000000 4014400000000000 C 1 1 3fe8000000000000 3fe8000000000000 4003000000000000 4003000000000000 c003800000000000 c003800000000000 4014c00000000000 4014c00000000000 C 1 1
factor_3_oblique_0.125 B 3 4 2 2 -3 5 2.25 -2.875 5 2 -2.75 5.125 0.875 -0.75 0.5 1 3.875 -5.875 11.625 1 0.875 1 -1.25 1 3.875 -4.875 9.5 1 0 4 1 4 | 3 0 3fd0000000000000 3fd0000000000000 4001800000000000 4001800000000000 c005d80000000000 c005d80000000000 40145a0000000000 40145a0000000000 C 1 1 3fe0000000000000 3fe0000000000000 4003000000000000 4003000000000000 c004400000000000 c004400000000000 4014900000000000 4014900000000000 C 1 1 3fe8000000000000 3fe8000000000000 4004800000000000 4004800000000000 c003c80000000000 c003c80000000000 40147e0000000000 40147e0000000000 C 1 1
factor_4_oblique_0.125 B 4 5 2 2 -3 5 2.25 -2.875 5 2 -2.75 5.125 5.375 -9.75 18.5 1 -3.375 8.625 -17.375 1 9.875 -17 34.75 1 -2.875 8.625 -17.5 1 6.375 -9 18.625 1 0 5 1 5 | 2 0 3fd0000000000000 3fd0000000000000 4002000000000000 4002000000000000 c0054e0000000000 c0054e0000000000 40146c8000000000 40146c8000000000 T 2 2 3fe8000000000000 3fe8000000000000 4006000000000000 4006000000000000 c0036e0000000000 c0036e0000000000 4014648000000000 4014648000000000 T 2 2
factor_5_oblique_0.125 B 2 3 2 2 -3 5 2.25 -2.875 5 2 -2.75 5.125 2 -3 5 1 2.125 -2.375 4.625 1 2.5 -2.25 5.25 1 0 3 1 3 | 2 0 0000000000000000 0000000000000000 4000000000000000 4000000000000000 c008000000000000 c008000000000000 4014000000000000 4014000000000000 B 0 1 3ff0000000000000 3ff0000000000000 4004000000000000 4004000000000000 c002000000000000 c002000000000000 4015000000000000 4015000000000000 B 1 0
factor_6_oblique_0.125 B 2 3 2 2 -3 5 2.25 -2.875 5 2 -2.75 5.125 1.5 -2 3 1 1.625 -1.375 2.625 1 2 -1.25 3.25 1 0 3 1 3 | 0 0
factor_7_oblique_0.125 B 7 8 2 2 -3 5 2.25 -2.875 5 2 -2.75 5.125 1.875 -2.75 4.5 1 2.375 -2.875 5.625 1 2.375 -2 4.75 1 2.875 -2.875 5.5 1 2.875 -2 4.625 1 3.375 -2.125 5.75 1 3.375 -2 4.5 1 3.875 -2.125 5.625 1 0 8 1 8 | 1 0 3fe0000000000000 3fe0000000000000 4007000000000000 4007000000000000 c002840000000000 c002840000000000 40147f0000000000 40147f0000000000 C 7 7
rational_2_oblique_0.125 B 2 3 2 2 -3 5 2.25 -2.875 5 2 -2.75 5.125 1.875 -2.75 4.5 1 2.25 -2.625 5.125 2 2.625 -2.5 5.75 3 0 3 1 3 | 1 0 3fd76cf5d0b09954 3fd76cf5d0b09955 4002000000000000 4002000000000000 c005000000000000 c005000000000000 4014800000000000 4014800000000000 C 1 1
rational_3_oblique_0.125 B 3 4 2 2 -3 5 2.25 -2.875 5 2 -2.75 5.125 1.8125 -2.625 4.25 1 2.1875 -2.5 4.875 2 2.5625 -2.375 5.5 3 2.9375 -3 5.75 1 0 4 1 4 | 1 0 3fdd1bb4a69d16fe 3fdd1bb4a69d16ff 4003000000000000 4003000000000000 c003c567106145d9 c003c567106145d8 4014aea63be7ae89 4014aea63be7ae8a C 1 1
rational_5_oblique_0.125 B 5 6 2 2 -3 5 2.25 -2.875 5 2 -2.75 5.125 1.6875 -2.375 3.75 1 2.0625 -2.25 4.375 2 2.4375 -2.125 5 3 2.8125 -2.75 5.25 1 3.1875 -2.625 5.875 2 3.5625 -2.5 6.5 3 0 6 1 6 | 1 0 3fe07e4bc29ad03f 3fe07e4bc29ad040 4005000000000000 4005000000000000 c002d43c00c62785 c002d43c00c62784 4014aaf0ffce761e 4014aaf0ffce761f C 1 1
rational_8_oblique_0.125 B 8 9 2 2 -3 5 2.25 -2.875 5 2 -2.75 5.125 1.5 -2 3 1 1.875 -1.875 3.625 2 2.25 -1.75 4.25 3 2.625 -2.375 4.5 1 3 -2.25 5.125 2 3.375 -2.125 5.75 3 3.75 -2.75 6 1 4.125 -2.625 6.625 2 4.5 -2.5 7.25 3 0 9 1 9 | 1 0 3fdfe006fcd78e0a 3fdfe006fcd78e0b 4008000000000000 4008000000000000 c001561a70ea8444 c001561a70ea8443 4014aa7963c55eef 4014aa7963c55ef0 C 1 1
rational_25_oblique_0.125 B 25 26 2 2 -3 5 2.25 -2.875 5 2 -2.75 5.125 0.4375 0.125 -1.25 1 0.8125 0.25 -0.625 2 1.1875 0.375 0 3 1.5625 -0.25 0.25 1 1.9375 -0.125 0.875 2 2.3125 0 1.5 3 2.6875 -0.625 1.75 1 3.0625 -0.5 2.375 2 3.4375 -0.375 3 3 3.8125 -1 3.25 1 4.1875 -0.875 3.875 2 4.5625 -0.75 4.5 3 4.9375 -1.375 4.75 1 5.3125 -1.25 5.375 2 5.6875 -1.125 6 3 6.0625 -1.75 6.25 1 6.4375 -1.625 6.875 2 6.8125 -1.5 7.5 3 7.1875 -2.125 7.75 1 7.5625 -2 8.375 2 7.9375 -1.875 9 3 8.3125 -2.5 9.25 1 8.6875 -2.375 9.875 2 9.0625 -2.25 10.5 3 9.4375 -2.875 10.75 1 9.8125 -2.75 11.375 2 0 26 1 26 | 1 0 3fdffffff800008d 3fdffffff800008e 4014800000000000 4014800000000000 bff1aaaaacaaaab0 bff1aaaaacaaaaaf 4014aaaaaa6aaaaa 4014aaaaaa6aaaab C 1 1
contained_oblique_0.125 S 3 4 2 2 -3 5 2.25 -2.875 5 2 -2.75 5.125 2 -3 5 1 2.25 -2.625 5.125 1 2.5 -2.75 5 1 2.75 -2.375 5.125 1 0 4 1 4 | 0 1 0000000000000000 3ff0000000000000
disjoint_oblique_0.125 S 3 4 2 2 -3 5 2.25 -2.875 5 2 -2.75 5.125 2.125 -3.25 5.5 1 2.375 -2.875 5.625 1 2.625 -3 5.5 1 2.875 -2.625 5.625 1 0 4 1 4 | 0 0
join_oblique_0.125 S 2 5 3 2 -3 5 2.25 -2.875 5 2 -2.75 5.125 1.875 -2.75 4.5 1 2.25 -2.625 5.125 1 2.625 -3 5.5 1 2.75 -2.375 5.125 1 2.875 -2.25 4.5 1 0 3 1 2 2 3 | 2 0 3fe0000000000000 3fe0000000000000 4002000000000000 4002000000000000 c006000000000000 c006000000000000 4014400000000000 4014400000000000 C 1 1 3ff8000000000000 3ff8000000000000 4006000000000000 4006000000000000 c004000000000000 c004000000000000 4014400000000000 4014400000000000 C 1 1
join_tangent_oblique_0.125 S 2 5 3 2 -3 5 2.25 -2.875 5 2 -2.75 5.125 2.125 -3.25 5.5 1 2.375 -2.875 5.625 1 2.5 -2.75 5 1 2.875 -2.625 5.625 1 3.125 -2.75 5.5 1 0 3 1 2 2 3 | 1 0 3ff0000000000000 3ff0000000000000 4004000000000000 4004000000000000 c006000000000000 c006000000000000 4014000000000000 4014000000000000 T 1 1
partial_overlap_oblique_0.125 S 1 4 4 2 -3 5 2.25 -2.875 5 2 -2.75 5.125 1.875 -2.75 4.5 1 2.25 -2.875 5 1 2.5 -2.75 5 1 2.875 -2.875 5.5 1 0 2 1 1 2 1 3 2 | 0 1 3ff0000000000000 4000000000000000
unclamped_oblique_0.125 S 2 5 8 2 -3 5 2.25 -2.875 5 2 -2.75 5.125 1.875 -2.75 4.5 1 2.375 -2.875 5.625 1 2.25 -2.25 4 1 3 -2.875 6.125 1 2.875 -2.25 4.5 1 -2 1 -1 1 0 1 1 1 2 1 3 1 4 1 5 1 | 3 0 0000000000000000 0000000000000000 4001000000000000 4001000000000000 c006800000000000 c006800000000000 4014400000000000 4014400000000000 B 0 1 3fe9999999999999 3fe999999999999a 4002999999999999 400299999999999a c0056147ae147ae2 c0056147ae147ae1 4014547ae147ae14 4014547ae147ae15 C 1 1 4000000000000000 4000000000000000 4005000000000000 4005000000000000 c004800000000000 c004800000000000 4014400000000000 4014400000000000 C 1 1
periodic_1_oblique_0.125 P 1 3 4 2 -3 5 2.25 -2.875 5 2 -2.75 5.125 1.875 -2.75 4.5 1 2.375 -2.875 5.625 1 1.875 -2.25 4.75 1 0 1 1 1 2 1 3 1 | 2 0 3fe0000000000000 3fe0000000000000 4001000000000000 4001000000000000 c006800000000000 c006800000000000 4014400000000000 4014400000000000 C 1 1 3ff8000000000000 3ff8000000000000 4001000000000000 4001000000000000 c004800000000000 c004800000000000 4014c00000000000 4014c00000000000 C 1 1
periodic_2_oblique_0.125 P 2 4 4 2 -3 5 2.25 -2.875 5 2 -2.75 5.125 1.875 -2.75 4.5 1 2.375 -2.875 5.625 1 1.875 -2.25 4.75 1 2.375 -2.375 5.875 1 0 1 1 2 2 1 3 1 | 5 0 0000000000000000 0000000000000000 4001000000000000 4001000000000000 c006800000000000 c006800000000000 4014400000000000 4014400000000000 B 0 1 3fe5555555555555 3fe5555555555556 4001000000000000 4001000000000000 c004b8e38e38e38f c004b8e38e38e38e 4014b1c71c71c71c 4014b1c71c71c71d C 1 1 3ff5555555555555 3ff5555555555556 4001000000000000 4001000000000000 c002b8e38e38e38f c002b8e38e38e38e 401531c71c71c71c 401531c71c71c71d C 1 1 4000000000000000 4000000000000000 4001000000000000 4001000000000000 c004800000000000 c004800000000000 4014c00000000000 4014c00000000000 C 1 1 4008000000000000 4008000000000000 4001000000000000 4001000000000000 c006800000000000 c006800000000000 4014400000000000 4014400000000000 B 1 0
periodic_3_oblique_0.125 P 3 5 4 2 -3 5 2.25 -2.875 5 2 -2.75 5.125 1.875 -2.75 4.5 1 2.375 -2.875 5.625 1 1.875 -2.25 4.75 1 2.375 -2.375 5.875 1 1.875 -1.75 5 1 0 1 1 3 2 1 3 1 | 4 0 3fc9458935a44663 3fc9458935a44664 4001000000000000 4001000000000000 c004d05808e94343 c004d05808e94342 4014abe9fdc5af2f 4014abe9fdc5af30 C 1 1 3fe7f65a8852e8a9 3fe7f65a8852e8aa 4001000000000000 4001000000000000 c002d4bc71c52d65 c002d4bc71c52d64 40152ad0e38eb4a6 40152ad0e38eb4a7 C 1 1 3ff35036b0dc1293 3ff35036b0dc1294 4001000000000000 4001000000000000 c000f4950cd18f05 c000f4950cd18f04 4015a2dabccb9c3e 4015a2dabccb9c3f C 1 1 400476c906b51da5 400476c906b51da6 4001000000000000 4001000000000000 c006274f874a89ca c006274f874a89c9 4014562c1e2d5d8d 4014562c1e2d5d8e C 1 1
factor_0_axis_1.0 B 1 2 2 2 -3 5 3 -3 5 2 -2 5 2 -3 4 1 3 -2 6 1 0 2 1 2 | 1 0 3fe0000000000000 3fe0000000000000 4004000000000000 4004000000000000 c004000000000000 c004000000000000 4014000000000000 4014000000000000 C 1 1
factor_1_axis_1.0 B 2 3 2 2 -3 5 3 -3 5 2 -2 5 2 -3 6 1 3 -2 4 1 4 -1 6 1 0 3 1 3 | 1 0 3fe0000000000000 3fe0000000000000 4008000000000000 4008000000000000 c000000000000000 c000000000000000 4014000000000000 4014000000000000 T 2 2
factor_2_axis_1.0 B 2 3 2 2 -3 5 3 -3 5 2 -2 5 2 -3 8 1 3 -2 0 1 4 -1 8 1 0 3 1 3 | 2 0 3fd0000000000000 3fd0000000000000 4004000000000000 4004000000000000 c004000000000000 c004000000000000 4014000000000000 4014000000000000 C 1 1 3fe8000000000000 3fe8000000000000 400c000000000000 400c000000000000 bff8000000000000 bff8000000000000 4014000000000000 4014000000000000 C 1 1
factor_3_axis_1.0 B 3 4 2 2 -3 5 3 -3 5 2 -2 5 2 -3 -4 1 3 -2 18 1 4 -1 -8 1 5 -3 14 1 0 4 1 4 | 3 0 3fd0000000000000 3fd0000000000000 4006000000000000 4006000000000000 c002600000000000 c002600000000000 4014000000000000 4014000000000000 C 1 1 3fe0000000000000 3fe0000000000000 400c000000000000 400c000000000000 bffe000000000000 bffe000000000000 4014000000000000 4014000000000000 C 1 1 3fe8000000000000 3fe8000000000000 4011000000000000 4011000000000000 c000200000000000 c000200000000000 4014000000000000 4014000000000000 C 1 1
factor_4_axis_1.0 B 4 5 2 2 -3 5 3 -3 5 2 -2 5 2 -3 32 1 3 -2 -40 1 4 -1 64 1 5 -3 -40 1 6 -2 32 1 0 5 1 5 | 2 0 3fd0000000000000 3fd0000000000000 4008000000000000 4008000000000000 c001380000000000 c001380000000000 4014000000000000 4014000000000000 T 2 2 3fe8000000000000 3fe8000000000000 4014000000000000 4014000000000000 c001b80000000000 c001b80000000000 4014000000000000 4014000000000000 T 2 2
factor_5_axis_1.0 B 2 3 2 2 -3 5 3 -3 5 2 -2 5 2 -3 5 1 3 -2 4 1 4 -1 5 1 0 3 1 3 | 2 0 0000000000000000 0000000000000000 4000000000000000 4000000000000000 c008000000000000 c008000000000000 4014000000000000 4014000000000000 B 0 1 3ff0000000000000 3ff0000000000000 4010000000000000 4010000000000000 bff0000000000000 bff0000000000000 4014000000000000 4014000000000000 B 1 0
factor_6_axis_1.0 B 2 3 2 2 -3 5 3 -3 5 2 -2 5 2 -3 1 1 3 -2 0 1 4 -1 1 1 0 3 1 3 | 0 0
factor_7_axis_1.0 B 7 8 2 2 -3 5 3 -3 5 2 -2 5 2 -3 4 1 3 -2 6 1 4 -1 4 1 5 -3 6 1 6 -2 4 1 7 -1 6 1 8 -3 4 1 9 -2 6 1 0 8 1 8 | 1 0 3fe0000000000000 3fe0000000000000 4016000000000000 4016000000000000 c000100000000000 c000100000000000 4014000000000000 4014000000000000 C 7 7
rational_2_axis_1.0 B 2 3 2 2 -3 5 3 -3 5 2 -2 5 2 -3 4 1 3 -2 5 2 4 -1 6 3 0 3 1 3 | 1 0 3fd76cf5d0b09954 3fd76cf5d0b09955 4008000000000000 4008000000000000 c000000000000000 c000000000000000 4014000000000000 4014000000000000 C 1 1
rational_3_axis_1.0 B 3 4 2 2 -3 5 3 -3 5 2 -2 5 2 -3 3.5 1 3 -2 4.5 2 4 -1 5.5 3 5 -3 6.5 1 0 4 1 4 | 1 0 3fdd1bb4a69d16fe 3fdd1bb4a69d16ff 400c000000000000 400c000000000000 bffa2b38830a2ec1 bffa2b38830a2ec0 4014000000000000 4014000000000000 C 1 1
rational_5_axis_1.0 B 5 6 2 2 -3 5 3 -3 5 2 -2 5 2 -3 2.5 1 3 -2 3.5 2 4 -1 4.5 3 5 -3 5.5 1 6 -2 6.5 2 7 -1 7.5 3 0 6 1 6 | 1 0 3fe07e4bc29ad03f 3fe07e4bc29ad040 4012000000000000 4012000000000000 bffaa1e006313c27 bffaa1e006313c26 4014000000000000 4014000000000000 C 1 1
rational_8_axis_1.0 B 8 9 2 2 -3 5 3 -3 5 2 -2 5 2 -3 1 1 3 -2 2 2 4 -1 3 3 5 -3 4 1 6 -2 5 2 7 -1 6 3 8 -3 7 1 9 -2 8 2 10 -1 9 3 0 9 1 9 | 1 0 3fdfe006fcd78e0a 3fdfe006fcd78e0b 4018000000000000 4018000000000000 bffab0d387542220 bffab0d38754221f 4014000000000000 4014000000000000 C 1 1
rational_25_axis_1.0 B 25 26 2 2 -3 5 3 -3 5 2 -2 5 2 -3 -7.5 1 3 -2 -6.5 2 4 -1 -5.5 3 5 -3 -4.5 1 6 -2 -3.5 2 7 -1 -2.5 3 8 -3 -1.5 1 9 -2 -0.5 2 10 -1 0.5 3 11 -3 1.5 1 12 -2 2.5 2 13 -1 3.5 3 14 -3 4.5 1 15 -2 5.5 2 16 -1 6.5 3 17 -3 7.5 1 18 -2 8.5 2 19 -1 9.5 3 20 -3 10.5 1 21 -2 11.5 2 22 -1 12.5 3 23 -3 13.5 1 24 -2 14.5 2 25 -1 15.5 3 26 -3 16.5 1 27 -2 17.5 2 0 26 1 26 | 1 0 3fdffffff800008d 3fdffffff800008e 402d000000000000 402d000000000000 bffaaaaab2aaaabe bffaaaaab2aaaabd 4014000000000000 4014000000000000 C 1 1
contained_axis_1.0 S 3 4 2 2 -3 5 3 -3 5 2 -2 5 2 -3 5 1 3 -2 5 1 4 -3 5 1 5 -2 5 1 0 4 1 4 | 0 1 0000000000000000 3ff0000000000000
disjoint_axis_1.0 S 3 4 2 2 -3 5 3 -3 5 2 -2 5 2 -3 6 1 3 -2 6 1 4 -3 6 1 5 -2 6 1 0 4 1 4 | 0 0
join_axis_1.0 S 2 5 3 2 -3 5 3 -3 5 2 -2 5 2 -3 4 1 3 -2 5 1 4 -3 6 1 5 -2 5 1 6 -3 4 1 0 3 1 2 2 3 | 2 0 3fe0000000000000 3fe0000000000000 4008000000000000 4008000000000000 c004000000000000 c004000000000000 4014000000000000 4014000000000000 C 1 1 3ff8000000000000 3ff8000000000000 4014000000000000 4014000000000000 c004000000000000 c004000000000000 4014000000000000 4014000000000000 C 1 1
join_tangent_axis_1.0 S 2 5 3 2 -3 5 3 -3 5 2 -2 5 2 -3 6 1 3 -2 6 1 4 -3 5 1 5 -2 6 1 6 -3 6 1 0 3 1 2 2 3 | 1 0 3ff0000000000000 3ff0000000000000 4010000000000000 4010000000000000 c008000000000000 c008000000000000 4014000000000000 4014000000000000 T 1 1
partial_overlap_axis_1.0 S 1 4 4 2 -3 5 3 -3 5 2 -2 5 2 -3 4 1 3 -3 5 1 4 -3 5 1 5 -3 6 1 0 2 1 1 2 1 3 2 | 0 1 3ff0000000000000 4000000000000000
unclamped_axis_1.0 S 2 5 8 2 -3 5 3 -3 5 2 -2 5 2 -3 4 1 3 -2 6 1 4 -3 3 1 5 -2 7 1 6 -3 4 1 -2 1 -1 1 0 1 1 1 2 1 3 1 4 1 5 1 | 3 0 0000000000000000 0000000000000000 4004000000000000 4004000000000000 c004000000000000 c004000000000000 4014000000000000 4014000000000000 B 0 1 3fe9999999999999 3fe999999999999a 400a666666666666 400a666666666667 c002b851eb851eb9 c002b851eb851eb8 4014000000000000 4014000000000000 C 1 1 4000000000000000 4000000000000000 4012000000000000 4012000000000000 c004000000000000 c004000000000000 4014000000000000 4014000000000000 C 1 1
periodic_1_axis_1.0 P 1 3 4 2 -3 5 3 -3 5 2 -2 5 2 -3 4 1 3 -2 6 1 2 -1 4 1 0 1 1 1 2 1 3 1 | 2 0 3fe0000000000000 3fe0000000000000 4004000000000000 4004000000000000 c004000000000000 c004000000000000 4014000000000000 4014000000000000 C 1 1 3ff8000000000000 3ff8000000000000 4004000000000000 4004000000000000 bff8000000000000 bff8000000000000 4014000000000000 4014000000000000 C 1 1
periodic_2_axis_1.0 P 2 4 4 2 -3 5 3 -3 5 2 -2 5 2 -3 4 1 3 -2 6 1 2 -1 4 1 3 0 6 1 0 1 1 2 2 1 3 1 | 5 0 0000000000000000 0000000000000000 4004000000000000 4004000000000000 c004000000000000 c004000000000000 4014000000000000 4014000000000000 B 0 1 3fe5555555555555 3fe5555555555556 4004000000000000 4004000000000000 bff9c71c71c71c72 bff9c71c71c71c71 4014000000000000 4014000000000000 C 1 1 3ff5555555555555 3ff5555555555556 4004000000000000 4004000000000000 bfe38e38e38e38e4 bfe38e38e38e38e3 4014000000000000 4014000000000000 C 1 1 4000000000000000 4000000000000000 4004000000000000 4004000000000000 bff8000000000000 bff8000000000000 4014000000000000 4014000000000000 C 1 1 4008000000000000 4008000000000000 4004000000000000 4004000000000000 c004000000000000 c004000000000000 4014000000000000 4014000000000000 B 1 0
periodic_3_axis_1.0 P 3 5 4 2 -3 5 3 -3 5 2 -2 5 2 -3 4 1 3 -2 6 1 2 -1 4 1 3 0 6 1 2 1 4 1 0 1 1 3 2 1 3 1 | 4 0 3fc9458935a44663 3fc9458935a44664 4004000000000000 4004000000000000 bffa82c0474a1a14 bffa82c0474a1a13 4014000000000000 4014000000000000 C 1 1 3fe7f65a8852e8a9 3fe7f65a8852e8aa 4004000000000000 4004000000000000 bfe54bc71c52d64d bfe54bc71c52d64c 4014000000000000 4014000000000000 C 1 1 3ff35036b0dc1293 3ff35036b0dc1294 4004000000000000 4004000000000000 3fd16d5e65ce1f6f 3fd16d5e65ce1f70 4014000000000000 4014000000000000 C 1 1 400476c906b51da5 400476c906b51da6 4004000000000000 4004000000000000 c0029d3e1d2a2727 c0029d3e1d2a2726 4014000000000000 4014000000000000 C 1 1
factor_0_oblique_1.0 B 1 2 2 2 -3 5 4 -2 5 2 -1 6 1 -1 1 1 5 -2 10 1 0 2 1 2 | 1 0 3fe0000000000000 3fe0000000000000 4008000000000000 4008000000000000 bff8000000000000 bff8000000000000 4016000000000000 4016000000000000 C 1 1
factor_1_oblique_1.0 B 2 3 2 2 -3 5 4 -2 5 2 -1 6 3 -5 9 1 3 2 2 1 7 1 11 1 0 3 1 3 | 1 0 3fe0000000000000 3fe0000000000000 4010000000000000 4010000000000000 0000000000000000 0000000000000000 4018000000000000 4018000000000000 T 2 2
factor_2_oblique_1.0 B 2 3 2 2 -3 5 4 -2 5 2 -1 6 5 -9 17 1 -1 10 -14 1 9 -3 19 1 0 3 1 3 | 2 0 3fd0000000000000 3fd0000000000000 4008000000000000 4008000000000000 bff8000000000000 bff8000000000000 4016000000000000 4016000000000000 C 1 1 3fe8000000000000 3fe8000000000000 4014000000000000 4014000000000000 3ff8000000000000 3ff8000000000000 401a000000000000 401a000000000000 C 1 1
factor_3_oblique_1.0 B 3 4 2 2 -3 5 4 -2 5 2 -1 6 -7 15 -31 1 17 -26 58 1 -7 29 -45 1 17 -18 41 1 0 4 1 4 | 3 0 3fd0000000000000 3fd0000000000000 400c000000000000 400c000000000000 bfeb000000000000 bfeb000000000000 4016d00000000000 4016d00000000000 C 1 1 3fe0000000000000 3fe0000000000000 4014000000000000 4014000000000000 3fe8000000000000 3fe8000000000000 4018800000000000 4018800000000000 C 1 1 3fe8000000000000 3fe8000000000000 401a000000000000 401a000000000000 3ff3800000000000 3ff3800000000000 4017f00000000000 4017f00000000000 C 1 1
factor_4_oblique_1.0 B 4 5 2 2 -3 5 4 -2 5 2 -1 6 29 -57 113 1 -41 90 -174 1 65 -115 243 1 -37 90 -175 1 37 -51 114 1 0 5 1 5 | 2 0 3fd0000000000000 3fd0000000000000 4010000000000000 4010000000000000 bfd3800000000000 bfd3800000000000 4017640000000000 4017640000000000 T 2 2 3fe8000000000000 3fe8000000000000 4020000000000000 4020000000000000 3ff9200000000000 3ff9200000000000 4017240000000000 4017240000000000 T 2 2
factor_5_oblique_1.0 B 2 3 2 2 -3 5 4 -2 5 2 -1 6 2 -3 5 1 3 2 2 1 6 3 7 1 0 3 1 3 | 2 0 0000000000000000 0000000000000000 4000000000000000 4000000000000000 c008000000000000 c008000000000000 4014000000000000 4014000000000000 B 0 1 3ff0000000000000 3ff0000000000000 4018000000000000 4018000000000000 4008000000000000 4008000000000000 401c000000000000 401c000000000000 B 1 0
factor_6_oblique_1.0 B 2 3 2 2 -3 5 4 -2 5 2 -1 6 -2 5 -11 1 -1 10 -14 1 2 11 -9 1 0 3 1 3 | 0 0
factor_7_oblique_1.0 B 7 8 2 2 -3 5 4 -2 5 2 -1 6 1 -1 1 1 5 -2 10 1 5 5 3 1 9 -2 9 1 9 5 2 1 13 4 11 1 13 5 1 1 17 4 10 1 0 8 1 8 | 1 0 3fe0000000000000 3fe0000000000000 4022000000000000 4022000000000000 4003e00000000000 4003e00000000000 4017f80000000000 4017f80000000000 C 7 7
rational_2_oblique_1.0 B 2 3 2 2 -3 5 4 -2 5 2 -1 6 1 -1 1 1 4 0 6 2 7 1 11 3 0 3 1 3 | 1 0 3fd76cf5d0b09954 3fd76cf5d0b09955 4010000000000000 4010000000000000 0000000000000000 0000000000000000 4018000000000000 4018000000000000 C 1 1
rational_3_oblique_1.0 B 3 4 2 2 -3 5 4 -2 5 2 -1 6 0.5 0 -1 1 3.5 1 4 2 6.5 2 9 3 9.5 -3 11 1 0 4 1 4 | 1 0 3fdd1bb4a69d16fe 3fdd1bb4a69d16ff 4014000000000000 4014000000000000 3ff3a98ef9eba27e 3ff3a98ef9eba27f 40197531df3d744f 40197531df3d7450 C 1 1
rational_5_oblique_1.0 B 5 6 2 2 -3 5 4 -2 5 2 -1 6 -0.5 2 -5 1 2.5 3 0 2 5.5 4 5 3 8.5 -1 7 1 11.5 0 12 2 14.5 1 17 3 0 6 1 6 | 1 0 3fe07e4bc29ad03f 3fe07e4bc29ad040 401c000000000000 401c000000000000 40015e1ff9cec3d9 40015e1ff9cec3da 40195787fe73b0f6 40195787fe73b0f7 C 1 1
rational_8_oblique_1.0 B 8 9 2 2 -3 5 4 -2 5 2 -1 6 -2 5 -11 1 1 6 -6 2 4 7 -1 3 7 2 1 1 10 3 6 2 13 4 11 3 16 -1 13 1 19 0 18 2 22 1 23 3 0 9 1 9 | 1 0 3fdfe006fcd78e0a 3fdfe006fcd78e0b 4024000000000000 4024000000000000 400d4f2c78abdde0 400d4f2c78abdde1 401953cb1e2af778 401953cb1e2af779 C 1 1
rational_25_oblique_1.0 B 25 26 2 2 -3 5 4 -2 5 2 -1 6 -10.5 22 -45 1 -7.5 23 -40 2 -4.5 24 -35 3 -1.5 19 -33 1 1.5 20 -28 2 4.5 21 -23 3 7.5 16 -21 1 10.5 17 -16 2 13.5 18 -11 3 16.5 13 -9 1 19.5 14 -4 2 22.5 15 1 3 25.5 10 3 1 28.5 11 8 2 31.5 12 13 3 34.5 7 15 1 37.5 8 20 2 40.5 9 25 3 43.5 4 27 1 46.5 5 32 2 49.5 6 37 3 52.5 1 39 1 55.5 2 44 2 58.5 3 49 3 61.5 -2 51 1 64.5 -1 56 2 0 26 1 26 | 1 0 3fdffffff800008d 3fdffffff800008e 403b000000000000 403b000000000000 4028555553555550 4028555553555551 4019555553555550 4019555553555551 C 1 1
contained_oblique_1.0 S 3 4 2 2 -3 5 4 -2 5 2 -1 6 2 -3 5 1 4 0 6 1 6 -1 5 1 8 2 6 1 0 4 1 4 | 0 1 0000000000000000 3ff0000000000000
disjoint_oblique_1.0 S 3 4 2 2 -3 5 4 -2 5 2 -1 6 3 -5 9 1 5 -2 10 1 7 -3 9 1 9 0 10 1 0 4 1 4 | 0 0
join_oblique_1.0 S 2 5 3 2 -3 5 4 -2 5 2 -1 6 1 -1 1 1 4 0 6 1 7 -3 9 1 8 2 6 1 9 3 1 1 0 3 1 2 2 3 | 2 0 3fe0000000000000 3fe0000000000000 4010000000000000 4010000000000000 bff0000000000000 bff0000000000000 4016000000000000 4016000000000000 C 1 1 3ff8000000000000 3ff8000000000000 4020000000000000 4020000000000000 3ff0000000000000 3ff0000000000000 4016000000000000 4016000000000000 C 1 1
join_tangent_oblique_1.0 S 2 5 3 2 -3 5 4 -2 5 2 -1 6 3 -5 9 1 5 -2 10 1 6 -1 5 1 9 0 10 1 11 -1 9 1 0 3 1 2 2 3 | 1 0 3ff0000000000000 3ff0000000000000 4018000000000000 4018000000000000 bff0000000000000 bff0000000000000 4014000000000000 4014000000000000 T 1 1
partial_overlap_oblique_1.0 S 1 4 4 2 -3 5 4 -2 5 2 -1 6 1 -1 1 1 4 -2 5 1 6 -1 5 1 9 -2 9 1 0 2 1 1 2 1 3 2 | 0 1 3ff0000000000000 4000000000000000
unclamped_oblique_1.0 S 2 5 8 2 -3 5 4 -2 5 2 -1 6 1 -1 1 1 5 -2 10 1 4 3 -3 1 10 -2 14 1 9 3 1 1 -2 1 -1 1 0 1 1 1 2 1 3 1 4 1 5 1 | 3 0 0000000000000000 0000000000000000 4008000000000000 4008000000000000 bff8000000000000 bff8000000000000 4016000000000000 4016000000000000 B 0 1 3fe9999999999999 3fe999999999999a 4012666666666666 4012666666666667 bfd851eb851eb852 bfd851eb851eb851 4016a3d70a3d70a3 4016a3d70a3d70a4 C 1 1 4000000000000000 4000000000000000 401c000000000000 401c000000000000 3fe0000000000000 3fe0000000000000 4016000000000000 4016000000000000 C 1 1
periodic_1_oblique_1.0 P 1 3 4 2 -3 5 4 -2 5 2 -1 6 1 -1 1 1 5 -2 10 1 1 3 3 1 0 1 1 1 2 1 3 1 | 2 0 3fe0000000000000 3fe0000000000000 4008000000000000 4008000000000000 bff8000000000000 bff8000000000000 4016000000000000 4016000000000000 C 1 1 3ff8000000000000 3ff8000000000000 4008000000000000 4008000000000000 3fe0000000000000 3fe0000000000000 401a000000000000 401a000000000000 C 1 1
periodic_2_oblique_1.0 P 2 4 4 2 -3 5 4 -2 5 2 -1 6 1 -1 1 1 5 -2 10 1 1 3 3 1 5 2 12 1 0 1 1 2 2 1 3 1 | 5 0 0000000000000000 0000000000000000 4008000000000000 4008000000000000 bff8000000000000 bff8000000000000 4016000000000000 4016000000000000 B 0 1 3fe5555555555555 3fe5555555555556 4008000000000000 4008000000000000 3fd1c71c71c71c71 3fd1c71c71c71c72 40198e38e38e38e3 40198e38e38e38e4 C 1 1 3ff5555555555555 3ff5555555555556 4008000000000000 4008000000000000 400238e38e38e38e 400238e38e38e38f 401d8e38e38e38e3 401d8e38e38e38e4 C 1 1 4000000000000000 4000000000000000 4008000000000000 4008000000000000 3fe0000000000000 3fe0000000000000 401a000000000000 401a000000000000 C 1 1 4008000000000000 4008000000000000 4008000000000000 4008000000000000 bff8000000000000 bff8000000000000 4016000000000000 4016000000000000 B 1 0
periodic_3_oblique_1.0 P 3 5 4 2 -3 5 4 -2 5 2 -1 6 1 -1 1 1 5 -2 10 1 1 3 3 1 5 2 12 1 1 7 5 1 0 1 1 3 2 1 3 1 | 4 0 3fc9458935a44663 3fc9458935a44664 4008000000000000 4008000000000000 3fc7d3fb8b5e5ec6 3fc7d3fb8b5e5ec7 40195f4fee2d797b 40195f4fee2d797c C 1 1 3fe7f65a8852e8a9 3fe7f65a8852e8aa 4008000000000000 4008000000000000 40015a1c71d694d9 40015a1c71d694da 401d56871c75a536 401d56871c75a537 C 1 1 3ff35036b0dc1293 3ff35036b0dc1294 4008000000000000 4008000000000000 40102dabccb9c3ed 40102dabccb9c3ee 40208b6af32e70fb 40208b6af32e70fc C 1 1 400476c906b51da5 400476c906b51da6 4008000000000000 4008000000000000 bff274f874a89c9c bff274f874a89c9b 4016b160f16aec6c 4016b160f16aec6d C 1 1
factor_0_axis_8.0 B 1 2 2 2 -3 5 10 -3 5 2 5 5 2 -3 -3 1 10 5 13 1 0 2 1 2 | 1 0 3fe0000000000000 3fe0000000000000 4018000000000000 4018000000000000 3ff0000000000000 3ff0000000000000 4014000000000000 4014000000000000 C 1 1
factor_1_axis_8.0 B 2 3 2 2 -3 5 10 -3 5 2 5 5 2 -3 13 1 10 5 -3 1 18 13 13 1 0 3 1 3 | 1 0 3fe0000000000000 3fe0000000000000 4024000000000000 4024000000000000 4014000000000000 4014000000000000 4014000000000000 4014000000000000 T 2 2
factor_2_axis_8.0 B 2 3 2 2 -3 5 10 -3 5 2 5 5 2 -3 29 1 10 5 -35 1 18 13 29 1 0 3 1 3 | 2 0 3fd0000000000000 3fd0000000000000 4018000000000000 4018000000000000 3ff0000000000000 3ff0000000000000 4014000000000000 4014000000000000 C 1 1 3fe8000000000000 3fe8000000000000 402c000000000000 402c000000000000 4022000000000000 4022000000000000 4014000000000000 4014000000000000 C 1 1
factor_3_axis_8.0 B 3 4 2 2 -3 5 10 -3 5 2 5 5 2 -3 -67 1 10 5 109 1 18 13 -99 1 26 -3 77 1 0 4 1 4 | 3 0 3fd0000000000000 3fd0000000000000 4020000000000000 4020000000000000 4005000000000000 4005000000000000 4014000000000000 4014000000000000 C 1 1 3fe0000000000000 3fe0000000000000 402c000000000000 402c000000000000 4018000000000000 4018000000000000 4014000000000000 4014000000000000 C 1 1 3fe8000000000000 3fe8000000000000 4034000000000000 4034000000000000 4013800000000000 4013800000000000 4014000000000000 4014000000000000 C 1 1
factor_4_axis_8.0 B 4 5 2 2 -3 5 10 -3 5 2 5 5 2 -3 221 1 10 5 -355 1 18 13 477 1 26 -3 -355 1 34 5 221 1 0 5 1 5 | 2 0 3fd0000000000000 3fd0000000000000 4024000000000000 4024000000000000 400e400000000000 400e400000000000 4014000000000000 4014000000000000 T 2 2 3fe8000000000000 3fe8000000000000 403a000000000000 403a000000000000 400a400000000000 400a400000000000 4014000000000000 4014000000000000 T 2 2
factor_5_axis_8.0 B 2 3 2 2 -3 5 10 -3 5 2 5 5 2 -3 5 1 10 5 -3 1 18 13 5 1 0 3 1 3 | 2 0 0000000000000000 0000000000000000 4000000000000000 4000000000000000 c008000000000000 c008000000000000 4014000000000000 4014000000000000 B 0 1 3ff0000000000000 3ff0000000000000 4032000000000000 4032000000000000 402a000000000000 402a000000000000 4014000000000000 4014000000000000 B 1 0
factor_6_axis_8.0 B 2 3 2 2 -3 5 10 -3 5 2 5 5 2 -3 -27 1 10 5 -35 1 18 13 -27 1 0 3 1 3 | 0 0
factor_7_axis_8.0 B 7 8 2 2 -3 5 10 -3 5 2 5 5 2 -3 -3 1 10 5 13 1 18 13 -3 1 26 -3 13 1 34 5 -3 1 42 13 13 1 50 -3 -3 1 58 5 13 1 0 8 1 8 | 1 0 3fe0000000000000 3fe0000000000000 403e000000000000 403e000000000000 4013c00000000000 4013c00000000000 4014000000000000 4014000000000000 C 7 7
rational_2_axis_8.0 B 2 3 2 2 -3 5 10 -3 5 2 5 5 2 -3 -3 1 10 5 5 2 18 13 13 3 0 3 1 3 | 1 0 3fd76cf5d0b09954 3fd76cf5d0b09955 4024000000000000 4024000000000000 4014000000000000 4014000000000000 4014000000000000 4014000000000000 C 1 1
rational_3_axis_8.0 B 3 4 2 2 -3 5 10 -3 5 2 5 5 2 -3 -7 1 10 5 1 2 18 13 9 3 26 -3 17 1 0 4 1 4 | 1 0 3fdd1bb4a69d16fe 3fdd1bb4a69d16ff 402c000000000000 402c000000000000 401fa98ef9eba27e 401fa98ef9eba27f 4014000000000000 4014000000000000 C 1 1
rational_5_axis_8.0 B 5 6 2 2 -3 5 10 -3 5 2 5 5 2 -3 -15 1 10 5 -7 2 18 13 1 3 26 -3 9 1 34 5 17 2 42 13 25 3 0 6 1 6 | 1 0 3fe07e4bc29ad03f 3fe07e4bc29ad040 4036000000000000 4036000000000000 401ebc3ff39d87b2 401ebc3ff39d87b3 4014000000000000 4014000000000000 C 1 1
rational_8_axis_8.0 B 8 9 2 2 -3 5 10 -3 5 2 5 5 2 -3 -27 1 10 5 -19 2 18 13 -11 3 26 -3 -3 1 34 5 5 2 42 13 13 3 50 -3 21 1 58 5 29 2 66 13 37 3 0 9 1 9 | 1 0 3fdfe006fcd78e0a 3fdfe006fcd78e0b 4041000000000000 4041000000000000 401e9e58f157bbc0 401e9e58f157bbc1 4014000000000000 4014000000000000 C 1 1
rational_25_axis_8.0 B 25 26 2 2 -3 5 10 -3 5 2 5 5 2 -3 -95 1 10 5 -87 2 18 13 -79 3 26 -3 -71 1 34 5 -63 2 42 13 -55 3 50 -3 -47 1 58 5 -39 2 66 13 -31 3 74 -3 -23 1 82 5 -15 2 90 13 -7 3 98 -3 1 1 106 5 9 2 114 13 17 3 122 -3 25 1 130 5 33 2 138 13 41 3 146 -3 49 1 154 5 57 2 162 13 65 3 170 -3 73 1 178 5 81 2 186 13 89 3 194 -3 97 1 202 5 105 2 0 26 1 26 | 1 0 3fdffffff800008d 3fdffffff800008e 4059800000000000 4059800000000000 401eaaaa9aaaaa85 401eaaaa9aaaaa86 4014000000000000 4014000000000000 C 1 1
contained_axis_8.0 S 3 4 2 2 -3 5 10 -3 5 2 5 5 2 -3 5 1 10 5 5 1 18 -3 5 1 26 5 5 1 0 4 1 4 | 0 1 0000000000000000 3ff0000000000000
disjoint_axis_8.0 S 3 4 2 2 -3 5 10 -3 5 2 5 5 2 -3 13 1 10 5 13 1 18 -3 13 1 26 5 13 1 0 4 1 4 | 0 0
join_axis_8.0 S 2 5 3 2 -3 5 10 -3 5 2 5 5 2 -3 -3 1 10 5 5 1 18 -3 13 1 26 5 5 1 34 -3 -3 1 0 3 1 2 2 3 | 2 0 3fe0000000000000 3fe0000000000000 4024000000000000 4024000000000000 3ff0000000000000 3ff0000000000000 4014000000000000 4014000000000000 C 1 1 3ff8000000000000 3ff8000000000000 403a000000000000 403a000000000000 3ff0000000000000 3ff0000000000000 4014000000000000 4014000000000000 C 1 1
join_tangent_axis_8.0 S 2 5 3 2 -3 5 10 -3 5 2 5 5 2 -3 13 1 10 5 13 1 18 -3 5 1 26 5 13 1 34 -3 13 1 0 3 1 2 2 3 | 1 0 3ff0000000000000 3ff0000000000000 4032000000000000 4032000000000000 c008000000000000 c008000000000000 4014000000000000 4014000000000000 T 1 1
partial_overlap_axis_8.0 S 1 4 4 2 -3 5 10 -3 5 2 5 5 2 -3 -3 1 10 -3 5 1 18 -3 5 1 26 -3 13 1 0 2 1 1 2 1 3 2 | 0 1 3ff0000000000000 4000000000000000
unclamped_axis_8.0 S 2 5 8 2 -3 5 10 -3 5 2 5 5 2 -3 -3 1 10 5 13 1 18 -3 -11 1 26 5 21 1 34 -3 -3 1 -2 1 -1 1 0 1 1 1 2 1 3 1 4 1 5 1 | 3 0 0000000000000000 0000000000000000 4018000000000000 4018000000000000 3ff0000000000000 3ff0000000000000 4014000000000000 4014000000000000 B 0 1 3fe9999999999999 3fe999999999999a 4028cccccccccccc 4028cccccccccccd 40023d70a3d70a3d 40023d70a3d70a3e 4014000000000000 4014000000000000 C 1 1 4000000000000000 4000000000000000 4036000000000000 4036000000000000 3ff0000000000000 3ff0000000000000 4014000000000000 4014000000000000 C 1 1
periodic_1_axis_8.0 P 1 3 4 2 -3 5 10 -3 5 2 5 5 2 -3 -3 1 10 5 13 1 2 13 -3 1 0 1 1 1 2 1 3 1 | 2 0 3fe0000000000000 3fe0000000000000 4018000000000000 4018000000000000 3ff0000000000000 3ff0000000000000 4014000000000000 4014000000000000 C 1 1 3ff8000000000000 3ff8000000000000 4018000000000000 4018000000000000 4022000000000000 4022000000000000 4014000000000000 4014000000000000 C 1 1
periodic_2_axis_8.0 P 2 4 4 2 -3 5 10 -3 5 2 5 5 2 -3 -3 1 10 5 13 1 2 13 -3 1 10 21 13 1 0 1 1 2 2 1 3 1 | 5 0 0000000000000000 0000000000000000 4018000000000000 4018000000000000 3ff0000000000000 3ff0000000000000 4014000000000000 4014000000000000 B 0 1 3fe5555555555555 3fe5555555555556 4018000000000000 4018000000000000 402038e38e38e38e 402038e38e38e38f 4014000000000000 4014000000000000 C 1 1 3ff5555555555555 3ff5555555555556 4018000000000000 4018000000000000 40301c71c71c71c7 40301c71c71c71c8 4014000000000000 4014000000000000 C 1 1 4000000000000000 4000000000000000 4018000000000000 4018000000000000 4022000000000000 4022000000000000 4014000000000000 4014000000000000 C 1 1 4008000000000000 4008000000000000 4018000000000000 4018000000000000 3ff0000000000000 3ff0000000000000 4014000000000000 4014000000000000 B 1 0
periodic_3_axis_8.0 P 3 5 4 2 -3 5 10 -3 5 2 5 5 2 -3 -3 1 10 5 13 1 2 13 -3 1 10 21 13 1 2 29 -3 1 0 1 1 3 2 1 3 1 | 4 0 3fc9458935a44663 3fc9458935a44664 4018000000000000 4018000000000000 401efa7f716bcbd8 401efa7f716bcbd9 4014000000000000 4014000000000000 C 1 1 3fe7f65a8852e8a9 3fe7f65a8852e8aa 4018000000000000 4018000000000000 402f5a1c71d694d9 402f5a1c71d694da 4014000000000000 4014000000000000 C 1 1 3ff35036b0dc1293 3ff35036b0dc1294 4018000000000000 4018000000000000 40372dabccb9c3ed 40372dabccb9c3ee 4014000000000000 4014000000000000 C 1 1 400476c906b51da5 400476c906b51da6 4018000000000000 4018000000000000 4003160f16aec6c8 4003160f16aec6c9 4014000000000000 4014000000000000 C 1 1
factor_0_oblique_8.0 B 1 2 2 2 -3 5 18 5 5 2 13 13 -6 13 -27 1 26 5 45 1 0 2 1 2 | 1 0 3fe0000000000000 3fe0000000000000 4024000000000000 4024000000000000 4022000000000000 4022000000000000 4022000000000000 4022000000000000 C 1 1
factor_1_oblique_8.0 B 2 3 2 2 -3 5 18 5 5 2 13 13 10 -19 37 1 10 37 -19 1 42 29 53 1 0 3 1 3 | 1 0 3fe0000000000000 3fe0000000000000 4032000000000000 4032000000000000 4035000000000000 4035000000000000 402a000000000000 402a000000000000 T 2 2
factor_2_oblique_8.0 B 2 3 2 2 -3 5 18 5 5 2 13 13 26 -51 101 1 -22 101 -147 1 58 -3 117 1 0 3 1 3 | 2 0 3fd0000000000000 3fd0000000000000 4024000000000000 4024000000000000 4022000000000000 4022000000000000 4022000000000000 4022000000000000 C 1 1 3fe8000000000000 3fe8000000000000 403a000000000000 403a000000000000 4040800000000000 4040800000000000 4031000000000000 4031000000000000 C 1 1
factor_3_oblique_8.0 B 3 4 2 2 -3 5 18 5 5 2 13 13 -70 141 -283 1 122 -187 429 1 -70 253 -395 1 122 -123 293 1 0 4 1 4 | 3 0 3fd0000000000000 3fd0000000000000 402c000000000000 402c000000000000 402c800000000000 402c800000000000 4025400000000000 4025400000000000 C 1 1 3fe0000000000000 3fe0000000000000 403a000000000000 403a000000000000 403b000000000000 403b000000000000 402c000000000000 402c000000000000 C 1 1 3fe8000000000000 3fe8000000000000 4043000000000000 4043000000000000 403ec00000000000 403ec00000000000 4029c00000000000 4029c00000000000 C 1 1
factor_4_oblique_8.0 B 4 5 2 2 -3 5 18 5 5 2 13 13 218 -435 869 1 -342 741 -1427 1 506 -899 1909 1 -310 741 -1435 1 282 -387 877 1 0 5 1 5 | 2 0 3fd0000000000000 3fd0000000000000 4032000000000000 4032000000000000 4032900000000000 4032900000000000 4027900000000000 4027900000000000 T 2 2 3fe8000000000000 3fe8000000000000 4049000000000000 4049000000000000 4040c80000000000 4040c80000000000 4026900000000000 4026900000000000 T 2 2
factor_5_oblique_8.0 B 2 3 2 2 -3 5 18 5 5 2 13 13 2 -3 5 1 10 37 -19 1 34 45 21 1 0 3 1 3 | 2 0 0000000000000000 0000000000000000 4000000000000000 4000000000000000 c008000000000000 c008000000000000 4014000000000000 4014000000000000 B 0 1 3ff0000000000000 3ff0000000000000 4041000000000000 4041000000000000 4046800000000000 4046800000000000 4035000000000000 4035000000000000 B 1 0
factor_6_oblique_8.0 B 2 3 2 2 -3 5 18 5 5 2 13 13 -30 61 -123 1 -22 101 -147 1 2 109 -107 1 0 3 1 3 | 0 0
factor_7_oblique_8.0 B 7 8 2 2 -3 5 18 5 5 2 13 13 -6 13 -27 1 26 5 45 1 26 61 -11 1 58 5 37 1 58 61 -19 1 90 53 53 1 90 61 -27 1 122 53 45 1 0 8 1 8 | 1 0 3fe0000000000000 3fe0000000000000 404d000000000000 404d000000000000 4044700000000000 4044700000000000 4029e00000000000 4029e00000000000 C 7 7
rational_2_oblique_8.0 B 2 3 2 2 -3 5 18 5 5 2 13 13 -6 13 -27 1 18 21 13 2 42 29 53 3 0 3 1 3 | 1 0 3fd76cf5d0b09954 3fd76cf5d0b09955 4032000000000000 4032000000000000 4035000000000000 4035000000000000 402a000000000000 402a000000000000 C 1 1
rational_3_oblique_8.0 B 3 4 2 2 -3 5 18 5 5 2 13 13 -10 21 -43 1 14 29 -3 2 38 37 37 3 62 -3 53 1 0 4 1 4 | 1 0 3fdd1bb4a69d16fe 3fdd1bb4a69d16ff 403a000000000000 403a000000000000 403ed4c77cf5d13f 403ed4c77cf5d140 402fd4c77cf5d13f 402fd4c77cf5d140 C 1 1
rational_5_oblique_8.0 B 5 6 2 2 -3 5 18 5 5 2 13 13 -18 37 -75 1 6 45 -35 2 30 53 5 3 54 13 21 1 78 21 61 2 102 29 101 3 0 6 1 6 | 1 0 3fe07e4bc29ad03f 3fe07e4bc29ad040 4045000000000000 4045000000000000 40432f0ffce761ec 40432f0ffce761ed 402f5e1ff9cec3d9 402f5e1ff9cec3da C 1 1
rational_8_oblique_8.0 B 8 9 2 2 -3 5 18 5 5 2 13 13 -30 61 -123 1 -6 69 -83 2 18 77 -43 3 42 37 -27 1 66 45 13 2 90 53 53 3 114 13 69 1 138 21 109 2 162 29 149 3 0 9 1 9 | 1 0 3fdfe006fcd78e0a 3fdfe006fcd78e0b 4050800000000000 4050800000000000 404927963c55eef0 404927963c55eef1 402f4f2c78abdde0 402f4f2c78abdde1 C 1 1
rational_25_oblique_8.0 B 25 26 2 2 -3 5 18 5 5 2 13 13 -98 197 -395 1 -74 205 -355 2 -50 213 -315 3 -26 173 -299 1 -2 181 -259 2 22 189 -219 3 46 149 -203 1 70 157 -163 2 94 165 -123 3 118 125 -107 1 142 133 -67 2 166 141 -27 3 190 101 -11 1 214 109 29 2 238 117 69 3 262 77 85 1 286 85 125 2 310 93 165 3 334 53 181 1 358 61 221 2 382 69 261 3 406 29 277 1 430 37 317 2 454 45 357 3 478 5 373 1 502 13 413 2 0 26 1 26 | 1 0 3fdffffff800008d 3fdffffff800008e 4069400000000000 4069400000000000 405d955553555550 405d955553555551 402f55554d555542 402f55554d555543 C 1 1
contained_oblique_8.0 S 3 4 2 2 -3 5 18 5 5 2 13 13 2 -3 5 1 18 21 13 1 34 13 5 1 50 37 13 1 0 4 1 4 | 0 1 0000000000000000 3ff0000000000000
disjoint_oblique_8.0 S 3 4 2 2 -3 5 18 5 5 2 13 13 10 -19 37 1 26 5 45 1 42 -3 37 1 58 21 45 1 0 4 1 4 | 0 0
join_oblique_8.0 S 2 5 3 2 -3 5 18 5 5 2 13 13 -6 13 -27 1 18 21 13 1 42 -3 37 1 50 37 13 1 58 45 -27 1 0 3 1 2 2 3 | 2 0 3fe0000000000000 3fe0000000000000 4032000000000000 4032000000000000 402a000000000000 402a000000000000 4022000000000000 4022000000000000 C 1 1 3ff8000000000000 3ff8000000000000 4049000000000000 4049000000000000 403d000000000000 403d000000000000 4022000000000000 4022000000000000 C 1 1
join_tangent_oblique_8.0 S 2 5 3 2 -3 5 18 5 5 2 13 13 10 -19 37 1 26 5 45 1 34 13 5 1 58 21 45 1 74 13 37 1 0 3 1 2 2 3 | 1 0 3ff0000000000000 3ff0000000000000 4041000000000000 4041000000000000 402a000000000000 402a000000000000 4014000000000000 4014000000000000 T 1 1
partial_overlap_oblique_8.0 S 1 4 4 2 -3 5 18 5 5 2 13 13 -6 13 -27 1 18 5 5 1 34 13 5 1 58 5 37 1 0 2 1 1 2 1 3 2 | 0 1 3ff0000000000000 4000000000000000
unclamped_oblique_8.0 S 2 5 8 2 -3 5 18 5 5 2 13 13 -6 13 -27 1 26 5 45 1 18 45 -59 1 66 5 77 1 58 45 -27 1 -2 1 -1 1 0 1 1 1 2 1 3 1 4 1 5 1 | 3 0 0000000000000000 0000000000000000 4024000000000000 4024000000000000 4022000000000000 4022000000000000 4022000000000000 4022000000000000 B 0 1 3fe9999999999999 3fe999999999999a 4036cccccccccccc 4036cccccccccccd 4031f5c28f5c28f5 4031f5c28f5c28f6 40248f5c28f5c28f 40248f5c28f5c290 C 1 1 4000000000000000 4000000000000000 4045000000000000 4045000000000000 4039000000000000 4039000000000000 4022000000000000 4022000000000000 C 1 1
periodic_1_oblique_8.0 P 1 3 4 2 -3 5 18 5 5 2 13 13 -6 13 -27 1 26 5 45 1 -6 45 -11 1 0 1 1 1 2 1 3 1 | 2 0 3fe0000000000000 3fe0000000000000 4024000000000000 4024000000000000 4022000000000000 4022000000000000 4022000000000000 4022000000000000 C 1 1 3ff8000000000000 3ff8000000000000 4024000000000000 4024000000000000 4039000000000000 4039000000000000 4031000000000000 4031000000000000 C 1 1
periodic_2_oblique_8.0 P 2 4 4 2 -3 5 18 5 5 2 13 13 -6 13 -27 1 26 5 45 1 -6 45 -11 1 26 37 61 1 0 1 1 2 2 1 3 1 | 5 0 0000000000000000 0000000000000000 4024000000000000 4024000000000000 4022000000000000 4022000000000000 4022000000000000 4022000000000000 B 0 1 3fe5555555555555 3fe5555555555556 4024000000000000 4024000000000000 403738e38e38e38e 403738e38e38e38f 40301c71c71c71c7 40301c71c71c71c8 C 1 1 3ff5555555555555 3ff5555555555556 4024000000000000 4024000000000000 40439c71c71c71c7 40439c71c71c71c8 40381c71c71c71c7 40381c71c71c71c8 C 1 1 4000000000000000 4000000000000000 4024000000000000 4024000000000000 4039000000000000 4039000000000000 4031000000000000 4031000000000000 C 1 1 4008000000000000 4008000000000000 4024000000000000 4024000000000000 4022000000000000 4022000000000000 4022000000000000 4022000000000000 B 1 0
periodic_3_oblique_8.0 P 3 5 4 2 -3 5 18 5 5 2 13 13 -6 13 -27 1 26 5 45 1 -6 45 -11 1 26 37 61 1 -6 77 5 1 0 1 1 3 2 1 3 1 | 4 0 3fc9458935a44663 3fc9458935a44664 4024000000000000 4024000000000000 40367d3fb8b5e5ec 40367d3fb8b5e5ed 402f7d3fb8b5e5ec 402f7d3fb8b5e5ed C 1 1 3fe7f65a8852e8a9 3fe7f65a8852e8aa 4024000000000000 4024000000000000 40432d0e38eb4a6c 40432d0e38eb4a6d 4037ad0e38eb4a6c 4037ad0e38eb4a6d C 1 1 3ff35036b0dc1293 3ff35036b0dc1294 4024000000000000 4024000000000000 404aadabccb9c3ed 404aadabccb9c3ee 403f2dabccb9c3ed 403f2dabccb9c3ee C 1 1 400476c906b51da5 400476c906b51da6 4024000000000000 4024000000000000 40278b078b576364 40278b078b576365 4024c583c5abb1b2 4024c583c5abb1b3 C 1 1
huge_linear S 1 2 2 0 0 0 1 0 0 0 1 0 -1.7976931348623157e+308 0 -1.7976931348623157e+308 1 1.7976931348623157e+308 0 1.7976931348623157e+308 1 -1.7976931348623157e+308 2 1.7976931348623157e+308 2 | 1 0 0000000000000000 0000000000000000 0000000000000000 0000000000000000 0000000000000000 0000000000000000 0000000000000000 0000000000000000 C 1 1
tiny_span S 2 3 2 0 0 0 1 0 0 0 1 0 0 0 1 1 1 2 -1 1 2 0 1 1 0 3 4.9406564584124654e-324 3 | 1 0 0000000000000000 0000000000000001 3ff0000000000000 3ff0000000000000 3ff0000000000000 3ff0000000000000 0000000000000000 0000000000000000 T 2 2
extreme_weights S 2 3 2 0 0 0 1 0 0 0 1 0 0 0 -1 4.9406564584124654e-324 1 2 -1 1 2 0 1 1.7976931348623157e+308 0 3 1 3 | 1 0 0008000000000000 0008000000000001 3ff7ffffffffffff 3ff8000000000000 3feffffffffffffe 3fefffffffffffff 0000000000000000 0000000000000000 C 1 1
unequal_orders S 2 5 3 0 0 0 1 0 0 0 1 0 0 0 -1 1 1 0 0 1 2 0 0 1 3 0 1 1 4 0 2 1 0 3 1 2 2 3 | 1 0 3ff0000000000000 3ff0000000000000 4000000000000000 4000000000000000 0000000000000000 0000000000000000 0000000000000000 0000000000000000 C 2 1
overlap_chain S 1 7 7 0 0 0 1 0 0 0 1 0 0 0 -1 1 1 0 0 1 2 0 0 1 3 0 0 1 4 0 1 1 5 0 0 1 6 0 0 1 0 2 1 1 2 1 3 1 4 1 5 1 6 2 | 0 2 3ff0000000000000 4008000000000000 4014000000000000 4018000000000000
random_0 P 1 3 4 0 0 0 1 0 0 0 1 0 -1 4 6 1 -8 -7 4 5 3 -8 4 5 0 1 0.25 1 1.5 1 3 1 | 0 0
random_1 S 2 5 3 0 0 0 1 0 0 0 1 0 -6 -4 -5 5 7 7 -7 3 -7 -2 1 3 1 4 5 2 -8 1 -2 2 -1 3 0.5 2 2 3 | 2 0 3fd9d5c53276eaf3 3fd9d5c53276eaf4 c01542ae2c4b1f07 c01542ae2c4b1f06 bfedeb5438e627f8 bfedeb5438e627f7 0000000000000000 0000000000000000 C 1 1 3ffc1848f353fbf3 3ffc1848f353fbf4 c0162987c1b6a368 c0162987c1b6a367 3ffb06d175b82b90 3ffb06d175b82b91 0000000000000000 0000000000000000 C 1 1
random_2 S 3 7 3 0 0 0 1 0 0 0 1 0 -5 7 -6 2 7 4 -7 5 -5 -5 -8 4 -4 3 -2 3 -3 7 -5 2 4 5 2 4 2 -3 7 2 -1 4 0.5 3 2 4 | 1 0 3ff3c9d95b79cd9c 3ff3c9d95b79cd9d 3febdae2babc87e7 3febdae2babc87e8 401261b223c563e2 401261b223c563e3 0000000000000000 0000000000000000 C 1 1
random_3 P 4 6 4 0 0 0 1 0 0 0 1 0 8 -8 -3 3 5 1 -3 2 8 -3 7 3 2 -6 -2 2 0 -1 0 5 3 -2 -6 3 0 1 0.25 4 1.5 1 3 1 | 3 0 3fbdbaf8f23ebf0b 3fbdbaf8f23ebf0c 40081e5ef2cb8ae0 40081e5ef2cb8ae1 c0136b697e68b72f c0136b697e68b72e 0000000000000000 0000000000000000 C 1 1 3fd0000000000000 3fd0000000000000 0000000000000000 0000000000000000 bff0000000000000 bff0000000000000 0000000000000000 0000000000000000 T 1 1 3fff72f7e4951cec 3fff72f7e4951ced 401ae2ad54e2661d 401ae2ad54e2661e c008811ea94d0e4e c008811ea94d0e4d 0000000000000000 0000000000000000 C 1 1
random_4 S 5 11 3 0 0 0 1 0 0 0 1 0 -5 0 -4 1 0 -4 -1 2 -4 0 2 2 -5 6 6 5 -7 -8 2 1 -4 8 7 4 5 8 3 2 -1 3 7 5 -4 -1 5 3 4 -6 -8 3 3 8 1 4 -1 6 0.5 5 2 6 | 3 0 bfe6c38912765403 bfe6c38912765402 c00405abd192ad4b c00405abd192ad4a bff11d7572d55f61 bff11d7572d55f60 0000000000000000 0000000000000000 C 1 1 3ff96686012cc1c4 3ff96686012cc1c5 3fed8ef39dd1753b 3fed8ef39dd1753c 3fcb74ad51c1daf7 3fcb74ad51c1daf8 0000000000000000 0000000000000000 C 1 1 3fff304b9b9da45b 3fff304b9b9da45c 400874524f19f4c6 400874524f19f4c7 401942c5422f52ae 401942c5422f52af 0000000000000000 0000000000000000 C 1 1
random_5 S 6 13 3 0 0 0 1 0 0 0 1 0 7 8 -5 4 -2 1 -3 3 -1 6 0 5 0 7 -7 2 -1 -3 -4 1 5 -1 -3 4 4 0 -8 3 7 -6 5 3 8 -6 -3 2 4 -4 3 5 -5 -5 4 2 1 -7 -5 5 7 -4 1 5 -1 7 0.5 6 2 7 | 3 0 3fea2fc6a1d87434 3fea2fc6a1d87435 401720ce21d3a8c2 401720ce21d3a8c3 c010c4831b6ff63a c010c4831b6ff639 0000000000000000 0000000000000000 C 1 1 3ff7afb485aa8ec4 3ff7afb485aa8ec5 3fff51ed1ea1f1e2 3fff51ed1ea1f1e3 c0153d90b54c7257 c0153d90b54c7256 0000000000000000 0000000000000000 C 1 1 3fff33ea8dd8d500 3fff33ea8dd8d501 4017a300aa313e45 4017a300aa313e46 c0120f9eb5532ff3 c0120f9eb5532ff2 0000000000000000 0000000000000000 C 1 1
random_6 P 1 3 4 0 0 0 1 0 0 0 1 0 1 -2 -2 4 -7 -4 -5 3 8 4 2 3 0 1 0.25 1 1.5 1 3 1 | 2 0 3ff2492492492492 3ff2492492492493 400db6db6db6db6d 400db6db6db6db6e 3ffb6db6db6db6db 3ffb6db6db6db6dc 0000000000000000 0000000000000000 C 1 1 4001249249249249 400124924924924a 4012000000000000 4012000000000000 3ff0000000000000 3ff0000000000000 0000000000000000 0000000000000000 C 1 1
random_7 S 2 5 3 0 0 0 1 0 0 0 1 0 -3 1 -4 1 2 0 -6 5 2 4 3 3 8 5 -5 2 -3 -3 -2 4 -1 3 0.5 2 2 3 | 2 0 3fd395cce25f6e31 3fd395cce25f6e32 3fff9bc3121eac2a 3fff9bc3121eac2b 40055672746bbf82 40055672746bbf83 0000000000000000 0000000000000000 C 1 1 3fed73a33d94fe6d 3fed73a33d94fe6e 4009c79b5b6ae74e 4009c79b5b6ae74f 400bd62bf43c3e98 400bd62bf43c3e99 0000000000000000 0000000000000000 C 1 1
random_8 S 3 7 3 0 0 0 1 0 0 0 1 0 -8 8 0 3 -1 -3 8 2 -7 7 -2 1 -6 -5 -1 2 -1 -7 -3 4 -8 -7 6 4 1 -8 8 5 -1 4 0.5 3 2 4 | 3 0 bff0000000000000 bff0000000000000 c020000000000000 c020000000000000 4020000000000000 4020000000000000 0000000000000000 0000000000000000 B 0 1 3fc679093c46b351 3fc679093c46b352 c01668f23579cf2a c01668f23579cf29 bff83beabe14fab4 bff83beabe14fab3 0000000000000000 0000000000000000 C 1 1 3feee2c2fa406d9c 3feee2c2fa406d9d c00c4c39855a58f5 c00c4c39855a58f4 c01a9e92f2d24cc5 c01a9e92f2d24cc4 0000000000000000 0000000000000000 C 1 1
random_9 P 4 6 4 0 0 0 1 0 0 0 1 0 6 2 2 2 -2 3 2 5 -8 -5 -6 5 8 -3 -2 4 -2 7 7 4 1 3 3 1 0 1 0.25 4 1.5 1 3 1 | 2 0 3fc6c22c376d75fe 3fc6c22c376d75ff 401173a27fd37563 401173a27fd37564 bfe3705e3dd335e3 bfe3705e3dd335e2 0000000000000000 0000000000000000 C 1 1 3ffd0677d6858c24 3ffd0677d6858c25 c000cb714b644dc3 c000cb714b644dc2 3fe9ff4183bc1be0 3fe9ff4183bc1be1 0000000000000000 0000000000000000 C 1 1
random_10 S 5 11 3 0 0 0 1 0 0 0 1 0 -4 2 6 1 -3 1 6 4 3 2 6 3 7 -7 -7 3 -8 7 6 1 -6 -1 1 1 -2 -1 4 3 4 -5 3 4 -8 -1 3 3 2 0 -7 5 1 8 3 4 -1 6 0.5 5 2 6 | 4 0 bfb2e07ac496255b bfb2e07ac496255a 40033dcc67132ae1 40033dcc67132ae2 bffa639794458c67 bffa639794458c66 0000000000000000 0000000000000000 C 1 1 3fceef3fbb0a1da5 3fceef3fbb0a1da6 bff3e6e1b1ea3437 bff3e6e1b1ea3436 bfe38fcb9b7417f5 bfe38fcb9b7417f4 0000000000000000 0000000000000000 C 1 1 3ff5c036315b4ae7 3ff5c036315b4ae8 bfe3357d6d198b61 bfe3357d6d198b60 bff30fb6122c863c bff30fb6122c863b 0000000000000000 0000000000000000 C 1 1 3ffe664018879285 3ffe664018879286 3ff135ce0e943503 3ff135ce0e943504 40155807df856623 40155807df856624 0000000000000000 0000000000000000 C 1 1
random_11 S 6 13 3 0 0 0 1 0 0 0 1 0 7 -8 -8 1 3 -5 -3 4 -2 1 2 4 1 3 5 5 -1 2 -4 1 -4 -3 4 5 6 4 7 1 6 4 -2 3 -2 -3 4 5 1 3 -3 2 8 -5 -8 2 2 6 1 4 -1 7 1 5 -1 7 0.5 6 2 7 | 3 0 bfe3f0c72fc3f073 bfe3f0c72fc3f072 3ff0aaa07ee13513 3ff0aaa07ee13514 bff840f341556293 bff840f341556292 0000000000000000 0000000000000000 C 1 1 3ff32c57f31272d9 3ff32c57f31272da 3ff504977835b957 3ff504977835b958 bfc6ea259eb511b5 bfc6ea259eb511b4 0000000000000000 0000000000000000 C 1 1 3ffc105ca177123f 3ffc105ca1771240 3ff385ae50373d2e 3ff385ae50373d2f 401497190cd0a87f 401497190cd0a880 0000000000000000 0000000000000000 C 1 1
random_12 P 1 3 4 0 0 0 1 0 0 0 1 0 6 4 -3 4 2 -7 0 2 8 5 1 3 0 1 0.25 1 1.5 1 3 1 | 2 0 3fd0000000000000 3fd0000000000000 4000000000000000 4000000000000000 c01c000000000000 c01c000000000000 0000000000000000 0000000000000000 C 1 1 3ffccccccccccccc 3ffccccccccccccd 401e000000000000 401e000000000000 4013000000000000 4013000000000000 0000000000000000 0000000000000000 C 1 1
random_13 S 2 5 3 0 0 0 1 0 0 0 1 0 8 -6 -3 2 1 -4 -8 2 4 3 -4 2 -6 -3 -2 2 0 -3 7 3 -1 3 0.5 2 2 3 | 1 0 3ff2ee58a2899b81 3ff2ee58a2899b82 bff9f3333d259ed4 bff9f3333d259ed3 bff635757ab99052 bff635757ab99051 0000000000000000 0000000000000000 C 1 1
random_14 S 3 7 3 0 0 0 1 0 0 0 1 0 4 -8 1 2 3 8 -4 5 4 -3 -5 5 2 -4 1 2 -4 0 -6 2 -3 -3 2 3 1 1 0 5 -1 4 0.5 3 2 4 | 5 0 bfee826533702970 bfee82653370296f 400e757640790ba0 400e757640790ba1 c0138cd8fba59707 c0138cd8fba59706 0000000000000000 0000000000000000 C 1 1 3fdd8e629a76d25e 3fdd8e629a76d25f 4002a4e8f846c9e5 4002a4e8f846c9e6 c00e4958ba15a64e c00e4958ba15a64d 0000000000000000 0000000000000000 C 1 1 3fe298bebe1bebd7 3fe298bebe1bebd8 3ff11f5e69809a38 3ff11f5e69809a39 c00b4239d66a6bf1 c00b4239d66a6bf0 0000000000000000 0000000000000000 C 1 1 3ff7d832ea169c5d 3ff7d832ea169c5e bff479d1662746cf bff479d1662746ce bfebce61f0a709f0 bfebce61f0a709ef 0000000000000000 0000000000000000 C 1 1 4000000000000000 4000000000000000 3ff0000000000000 3ff0000000000000 3ff0000000000000 3ff0000000000000 0000000000000000 0000000000000000 B 1 0
random_15 P 4 6 4 0 0 0 1 0 0 0 1 0 -3 -3 -4 5 4 2 -7 2 0 -5 4 5 -6 6 0 4 6 -2 -1 3 -1 -5 -5 3 0 1 0.25 4 1.5 1 3 1 | 2 0 3fc7bbe458e6bf27 3fc7bbe458e6bf28 c005bb2f5aa3ef09 c005bb2f5aa3ef08 400b0f33fe539850 400b0f33fe539851 0000000000000000 0000000000000000 C 1 1 4001f578b302058b 4001f578b302058c 3fad56de50fe89d9 3fad56de50fe89da c005add72977fbfd c005add72977fbfc 0000000000000000 0000000000000000 C 1 1
random_16 S 5 11 3 0 0 0 1 0 0 0 1 0 5 3 -1 4 5 -2 6 1 -2 4 5 1 2 -6 3 2 -7 -8 -8 4 -3 -5 -1 2 0 1 -5 5 4 -3 6 5 8 -1 -1 3 8 5 3 5 6 1 7 3 -1 6 0.5 5 2 6 | 3 0 bfeb3531ada16ac4 bfeb3531ada16ac3 40132af23af1dfcf 40132af23af1dfd0 400305e4bdea0257 400305e4bdea0258 0000000000000000 0000000000000000 C 1 1 bfd263c6b757375b bfd263c6b757375a bfece6018f191621 bfece6018f191620 c00ce128c0187131 c00ce128c0187130 0000000000000000 0000000000000000 C 1 1 3fee6646ebdf3ab5 3fee6646ebdf3ab6 4002043a73675d63 4002043a73675d64 bfefbc32b68f9f44 bfefbc32b68f9f43 0000000000000000 0000000000000000 C 1 1
random_17 S 6 13 3 0 0 0 1 0 0 0 1 0 -4 5 -8 1 5 -2 1 1 -8 3 -2 3 8 5 -7 1 -4 -6 -6 2 1 -3 0 4 7 4 -3 5 4 2 5 2 1 -6 7 1 -1 -7 -5 5 -3 3 4 5 6 -4 5 5 -2 -6 -3 2 -1 7 0.5 6 2 7 | 2 0 3fe98ca158968164 3fe98ca158968165 4010f9b8d8ec6bce 4010f9b8d8ec6bcf 3fef085bb3e7f339 3fef085bb3e7f33a 0000000000000000 0000000000000000 C 1 1 3fff229f35963905 3fff229f35963906 3fe7da06e75a321e 3fe7da06e75a321f c014101b7c983c0a c014101b7c983c09 0000000000000000 0000000000000000 C 1 1
random_18 P 1 3 4 0 0 0 1 0 0 0 1 0 3 -5 -3 5 -1 -2 6 3 6 -5 4 1 0 1 0.25 1 1.5 1 3 1 | 2 0 3fbd1745d1745d17 3fbd1745d1745d18 3ffaaaaaaaaaaaaa 3ffaaaaaaaaaaaab c010000000000000 c010000000000000 0000000000000000 0000000000000000 C 1 1 3ffd0d79435e50d7 3ffd0d79435e50d8 4011249249249249 401124924924924a c014000000000000 c014000000000000 0000000000000000 0000000000000000 C 1 1
random_19 S 2 5 3 0 0 0 1 0 0 0 1 0 -5 1 -5 4 -8 -8 -7 1 -3 -7 0 4 5 -2 -6 1 3 5 7 2 -1 3 0.5 2 2 3 | 2 0 3fe0000000000000 3fe0000000000000 c008000000000000 c008000000000000 c01c000000000000 c01c000000000000 0000000000000000 0000000000000000 T 1 1 3ff313b13b13b13b 3ff313b13b13b13c 3fc1745d1745d174 3fc1745d1745d175 c00ad1745d1745d2 c00ad1745d1745d1 0000000000000000 0000000000000000 C 1 1
random_20 S 3 7 3 0 0 0 1 0 0 0 1 0 3 6 2 1 -2 -7 -8 1 0 7 -1 5 -3 6 -3 5 1 6 -3 2 1 -4 5 5 2 -7 2 2 -1 4 0.5 3 2 4 | 2 0 bfec7b238b0b1bdb bfec7b238b0b1bda 3ffe34e6c1324766 3ffe34e6c1324767 400e0e4e62b16adb 400e0e4e62b16adc 0000000000000000 0000000000000000 C 1 1 3ff0bbe6b4df4415 3ff0bbe6b4df4416 bfdb9120d0c38585 bfdb9120d0c38584 4000868be304ea65 4000868be304ea66 0000000000000000 0000000000000000 C 1 1
random_21 P 4 6 4 0 0 0 1 0 0 0 1 0 5 -4 -2 5 3 7 -8 2 -1 7 -3 1 -5 -8 7 4 0 -5 -8 4 4 0 0 3 0 1 0.25 4 1.5 1 3 1 | 2 0 3fca45626fc11803 3fca45626fc11804 c0054c4b85501609 c0054c4b85501608 c01a14b0b3c73554 c01a14b0b3c73553 0000000000000000 0000000000000000 C 1 1 4004f81e27387865 4004f81e27387866 bff36971e58960c9 bff36971e58960c8 3f8388d48d53262e 3f8388d48d53262f 0000000000000000 0000000000000000 C 1 1
random_22 S 5 11 3 0 0 0 1 0 0 0 1 0 4 -1 6 3 0 4 4 5 -7 -3 -5 1 2 3 -5 4 3 1 6 2 6 -6 4 1 -2 -4 -8 2 2 -8 8 4 -3 -4 7 4 -7 4 -3 3 0 -4 -1 3 -1 6 0.5 5 2 6 | 5 0 bfd6ca84a7a1ad64 bfd6ca84a7a1ad63 3fd75980d38e8760 3fd75980d38e8761 40020a0e982c078d 40020a0e982c078e 0000000000000000 0000000000000000 C 1 1 3fbc92a534bc9a82 3fbc92a534bc9a83 40024f13cffb6936 40024f13cffb6937 3ff35e972c98bde3 3ff35e972c98bde4 0000000000000000 0000000000000000 C 1 1 3fe33a19443851dc 3fe33a19443851dd 400446248d54b54d 400446248d54b54e c015d1aa14bbbd3e c015d1aa14bbbd3d 0000000000000000 0000000000000000 C 1 1 3fe61ff2aac9b4d9 3fe61ff2aac9b4da 3ff43aaa9f4ed047 3ff43aaa9f4ed048 c0163901036af029 c0163901036af028 0000000000000000 0000000000000000 C 1 1 3ffc4a48b58d02e5 3ffc4a48b58d02e6 c008cd286aa3e28a c008cd286aa3e289 bff247524139549e bff247524139549d 0000000000000000 0000000000000000 C 1 1
random_23 S 6 13 3 0 0 0 1 0 0 0 1 0 -7 4 2 5 2 1 3 5 -1 3 2 4 0 -1 8 1 -3 2 8 4 6 8 1 2 -4 -4 3 3 -7 -6 7 4 -6 4 1 2 -2 7 5 4 8 -4 6 4 -8 2 -5 4 -3 4 -7 4 -1 7 0.5 6 2 7 | 1 0 3ff979eefd42f28c 3ff979eefd42f28d bff233277f9ec2a7 bff233277f9ec2a6 3ff2cfd5b606b214 3ff2cfd5b606b215 0000000000000000 0000000000000000 C 1 1
random_24 P 1 3 4 0 0 0 1 0 0 0 1 0 8 -4 3 4 -2 -1 1 3 2 -8 2 1 0 1 0.25 1 1.5 1 3 1 | 0 0
random_25 S 2 5 3 0 0 0 1 0 0 0 1 0 -4 -1 -6 3 -2 -1 -4 4 -8 3 -1 4 1 7 1 3 0 -2 8 4 -1 3 0.5 2 2 3 | 1 0 3fea43c9eb875951 3fea43c9eb875952 c0147da14e9a2c76 c0147da14e9a2c75 400ed02780fe667d 400ed02780fe667e 0000000000000000 0000000000000000 C 1 1
random_26 S 3 7 3 0 0 0 1 0 0 0 1 0 4 -5 3 3 -1 -2 6 5 -7 -5 -1 2 -6 5 -1 5 -5 0 2 3 3 3 2 2 -7 -3 5 2 -1 4 0.5 3 2 4 | 2 0 3fc77fca7c8c617c 3fc77fca7c8c617d c015c2c0a62e7fe6 c015c2c0a62e7fe5 3ffe1a2ae0e7471a 3ffe1a2ae0e7471b 0000000000000000 0000000000000000 C 1 1 3fe91b088f1f7b84 3fe91b088f1f7b85 c0154c30b59e112b c0154c30b59e112a 400bc7890e0269f1 400bc7890e0269f2 0000000000000000 0000000000000000 C 1 1
random_27 P 4 6 4 0 0 0 1 0 0 0 1 0 1 -4 8 4 -7 -1 7 1 3 7 6 3 7 -8 -7 3 -3 -6 -7 4 4 -5 2 2 0 1 0.25 4 1.5 1 3 1 | 2 0 3fe376569d7f04fd 3fe376569d7f04fe 3fe6b00f57c9a768 3fe6b00f57c9a769 c01480740519764a c014807405197649 0000000000000000 0000000000000000 C 1 1 4006f7cb1726c7f4 4006f7cb1726c7f5 40122f956e1a74c2 40122f956e1a74c3 bfd2c186166b7423 bfd2c186166b7422 0000000000000000 0000000000000000 C 1 1
random_28 S 5 11 3 0 0 0 1 0 0 0 1 0 7 0 1 2 -8 1 8 2 4 0 4 5 6 5 3 3 -5 -3 8 5 7 4 5 4 -6 7 -8 2 -2 -3 -7 3 5 -3 6 3 -7 -3 3 4 -8 -3 0 3 -1 6 0.5 5 2 6 | 3 0 3fe74c8b1e0d1849 3fe74c8b1e0d184a 400270f50ed1b3ea 400270f50ed1b3eb 400cdac99ae8c975 400cdac99ae8c976 0000000000000000 0000000000000000 C 1 1 3ff48088ad073653 3ff48088ad073654 bff370334c169d5c bff370334c169d5b bffdfb9b90533cc5 bffdfb9b90533cc4 0000000000000000 0000000000000000 C 1 1 4000000000000000 4000000000000000 c020000000000000 c020000000000000 c008000000000000 c008000000000000 0000000000000000 0000000000000000 B 1 0
random_29 S 6 13 3 0 0 0 1 0 0 0 1 0 4 6 -2 4 -6 -6 2 1 6 -1 -7 5 1 -4 -2 4 -5 5 -7 5 3 -6 3 3 1 5 -7 3 4 -8 6 4 -5 -4 4 4 -6 2 6 3 4 6 6 5 8 -4 -2 1 -5 -8 -4 3 -1 7 0.5 6 2 7 | 2 0 3fe51065751d76c1 3fe51065751d76c2 3ff6b3ca2609014c 3ff6b3ca2609014d bff94207e75fc59f bff94207e75fc59e 0000000000000000 0000000000000000 C 1 1 3ffc9c09e4dfde27 3ffc9c09e4dfde28 bfc014b3e104a7a2 bfc014b3e104a7a1 c00380d1870bd58f c00380d1870bd58e 0000000000000000 0000000000000000 C 1 1
random_30 P 1 3 4 0 0 0 1 0 0 0 1 0 -3 -3 2 4 7 -3 -7 5 8 1 3 3 0 1 0.25 1 1.5 1 3 1 | 2 0 3fa7d05f417d05f4 3fa7d05f417d05f5 bfe8e38e38e38e39 bfe8e38e38e38e38 c008000000000000 c008000000000000 0000000000000000 0000000000000000 C 1 1 3ff3e8ba2e8ba2e8 3ff3e8ba2e8ba2e9 401ecccccccccccc 401ecccccccccccd bfc999999999999a bfc9999999999999 0000000000000000 0000000000000000 C 1 1
random_31 S 2 5 3 0 0 0 1 0 0 0 1 0 3 2 4 3 2 -8 -7 1 6 -2 2 2 -7 0 -6 3 1 2 -4 2 -1 3 0.5 2 2 3 | 3 0 bfb999999999999a bfb9999999999999 4010000000000000 4010000000000000 c004924924924925 c004924924924924 0000000000000000 0000000000000000 C 1 1 0000000000000000 0000000000000000 4011555555555555 4011555555555556 c006666666666667 c006666666666666 0000000000000000 0000000000000000 C 1 1 3fe4b2b3d66c351d 3fe4b2b3d66c351e 400655a180e442f4 400655a180e442f5 bff7a5dcbbb168af bff7a5dcbbb168ae 0000000000000000 0000000000000000 C 1 1
random_32 S 3 7 3 0 0 0 1 0 0 0 1 0 0 -3 -8 1 -7 -5 -8 1 7 -4 7 2 5 -8 3 4 0 -8 1 2 -8 -8 -1 4 -8 -2 8 4 -1 4 0.5 3 2 4 | 1 0 bfd867aafae276bd bfd867aafae276bc 3ffba94708f36b78 3ffba94708f36b79 c013913551fa8656 c013913551fa8655 0000000000000000 0000000000000000 C 1 1
random_33 P 4 6 4 0 0 0 1 0 0 0 1 0 7 -5 -4 2 2 4 -5 4 -3 -7 -1 5 -5 -7 -3 1 4 4 4 2 2 0 2 4 0 1 0.25 4 1.5 1 3 1 | 2 0 3fc7579bf97ac342 3fc7579bf97ac343 bff376b5b8b80a72 bff376b5b8b80a71 c0063e057ab76473 c0063e057ab76472 0000000000000000 0000000000000000 C 1 1 3fed7ef099e1a6ad 3fed7ef099e1a6ae 4008d2169894e4a9 4008d2169894e4aa bfe4c14ad21403ed bfe4c14ad21403ec 0000000000000000 0000000000000000 C 1 1
random_34 S 5 11 3 0 0 0 1 0 0 0 1 0 -7 4 -3 1 2 -7 -8 1 -1 -2 -3 1 -7 -3 -6 1 4 3 4 1 -1 5 -6 2 -5 -4 1 5 -5 5 -1 1 -2 -8 -1 3 1 -4 7 5 -6 -3 -5 4 -1 6 0.5 5 2 6 | 2 0 3fee570980d506bb 3fee570980d506bc c00f035cabde4f1c c00f035cabde4f1b c004a0970ab9c128 c004a0970ab9c127 0000000000000000 0000000000000000 C 1 1 3ffd7dff0e912afc 3ffd7dff0e912afd c007f5f1e825388b c007f5f1e825388a c00d4462e7b68e12 c00d4462e7b68e11 0000000000000000 0000000000000000 C 1 1
random_35 S 6 13 3 0 0 0 1 0 0 0 1 0 -4 1 2 4 -7 -8 -8 3 8 1 -4 1 -1 5 2 4 -5 -7 4 5 8 8 -5 4 -3 -3 7 1 6 -7 -2 2 7 -3 2 1 -1 7 2 5 5 -3 -6 2 -5 -7 0 2 2 -1 4 3 -1 7 0.5 6 2 7 | 6 0 bfed84bf4de16453 bfed84bf4de16452 c011e1ada97dc5d8 c011e1ada97dc5d7 bfe7c85018d33896 bfe7c85018d33895 0000000000000000 0000000000000000 C 1 1 bfd6fbb76384caa8 bfd6fbb76384caa7 bffb0fbfb2d3d3cc bffb0fbfb2d3d3cb bfe16222f9c14138 bfe16222f9c14137 0000000000000000 0000000000000000 C 1 1 3fc5b9bbef214524 3fc5b9bbef214525 3ff471f69ef5fb3c 3ff471f69ef5fb3d 3ff2909f07c4b401 3ff2909f07c4b402 0000000000000000 0000000000000000 C 1 1 3fd9951d0cb981b7 3fd9951d0cb981b8 400678cd4a14b575 400678cd4a14b576 4004f3407d2cf511 4004f3407d2cf512 0000000000000000 0000000000000000 C 1 1 3ff5ba9e54f279c4 3ff5ba9e54f279c5 3fe56beb4a0ba83c 3fe56beb4a0ba83d 3ffd201e8f692662 3ffd201e8f692663 0000000000000000 0000000000000000 C 1 1 3ffa1574c0375697 3ffa1574c0375698 3f9d04ae95c5f0aa 3f9d04ae95c5f0ab bff2faddce0b8d95 bff2faddce0b8d94 0000000000000000 0000000000000000 C 1 1
random_36 P 1 3 4 0 0 0 1 0 0 0 1 0 6 6 2 5 7 5 -4 5 -1 3 -6 5 0 1 0.25 1 1.5 1 3 1 | 2 0 3fb5555555555555 3fb5555555555556 4019555555555555 4019555555555556 4016aaaaaaaaaaaa 4016aaaaaaaaaaab 0000000000000000 0000000000000000 C 1 1 4005000000000000 4005000000000000 4011000000000000 4011000000000000 4015000000000000 4015000000000000 0000000000000000 0000000000000000 C 1 1
random_37 S 2 5 3 0 0 0 1 0 0 0 1 0 2 -6 7 2 -3 7 -4 2 -3 -1 8 3 8 7 6 1 -4 4 8 1 -1 3 0.5 2 2 3 | 0 0
random_38 S 3 7 3 0 0 0 1 0 0 0 1 0 -6 8 -6 2 7 -2 -8 4 7 -8 -8 4 -2 7 -5 2 0 5 1 2 -8 -2 -7 2 8 -5 4 2 -1 4 0.5 3 2 4 | 1 0 3ffc1938b19903ee 3ffc1938b19903ef 3fff423fc4438199 3fff423fc443819a c00a1164e90a7207 c00a1164e90a7206 0000000000000000 0000000000000000 C 1 1
random_39 P 4 6 4 0 0 0 1 0 0 0 1 0 8 -6 8 5 5 0 2 4 -2 -2 0 5 7 -8 3 2 4 5 7 5 -7 8 0 1 0 1 0.25 4 1.5 1 3 1 | 0 0
random_40 S 5 11 3 0 0 0 1 0 0 0 1 0 1 -3 3 2 8 1 2 5 -4 4 -7 1 6 6 5 3 -7 2 -5 2 -6 -4 1 4 1 -2 8 2 3 5 2 2 -1 0 3 5 -7 -2 7 3 0 -6 -7 2 -1 6 0.5 5 2 6 | 3 0 3fc9756106dcc86a 3fc9756106dcc86b c00bc26e8dbda29e c00bc26e8dbda29d 3fc0503214310697 3fc0503214310698 0000000000000000 0000000000000000 C 1 1 3fd57b608ff5d29b 3fd57b608ff5d29c c014f5f495b408e3 c014f5f495b408e2 bffe15153f484fd1 bffe15153f484fd0 0000000000000000 0000000000000000 C 1 1 3ffd8afd1bca2649 3ffd8afd1bca264a c006d49dcadb229c c006d49dcadb229b c00bd290e01216bf c00bd290e01216be 0000000000000000 0000000000000000 C 1 1
random_41 S 6 13 3 0 0 0 1 0 0 0 1 0 -3 0 -5 1 -7 2 2 2 3 -4 -4 5 -3 8 -5 5 -1 2 0 3 -1 -7 3 4 0 0 -6 5 -7 2 -3 5 -1 0 7 5 -6 -3 -4 5 2 1 2 1 6 -4 -1 5 -1 -8 -5 4 -1 7 0.5 6 2 7 | 2 0 3feeeabceefc1935 3feeeabceefc1936 c00d0eaf529199ed c00d0eaf529199ec bfab0bc7f4f5f6d2 bfab0bc7f4f5f6d1 0000000000000000 0000000000000000 C 1 1 3ff3bb8cb1a8520e 3ff3bb8cb1a8520f c005e904fa61f912 c005e904fa61f911 bff5d55e6100a489 bff5d55e6100a488 0000000000000000 0000000000000000 C 1 1
random_42 P 1 3 4 0 0 0 1 0 0 0 1 0 -8 3 -7 1 3 3 -7 4 -1 6 8 3 0 1 0.25 1 1.5 1 3 1 | 2 0 3fed89d89d89d89d 3fed89d89d89d89e 3ff2222222222222 3ff2222222222223 4011999999999999 401199999999999a 0000000000000000 0000000000000000 C 1 1 40054a5294a5294a 40054a5294a5294b c012eeeeeeeeeeef c012eeeeeeeeeeee 4011999999999999 401199999999999a 0000000000000000 0000000000000000 C 1 1
random_43 S 2 5 3 0 0 0 1 0 0 0 1 0 2 0 8 5 7 7 -2 5 -1 -2 7 2 1 -4 4 3 -3 3 8 3 -1 3 0.5 2 2 3 | 0 0
random_44 S 3 7 3 0 0 0 1 0 0 0 1 0 -6 -2 8 1 5 5 -2 5 -1 7 0 4 5 -6 8 3 3 -7 7 5 -7 2 4 4 6 5 4 3 -1 4 0.5 3 2 4 | 2 0 bfe558ed46daef15 bfe558ed46daef14 4002ad065c7370d5 4002ad065c7370d6 401052c2de88feb9 401052c2de88feba 0000000000000000 0000000000000000 C 1 1 bfd14961c0e2752f bfd14961c0e2752e 4002cb77fc0710a2 4002cb77fc0710a3 40121a7b4f5ec8c4 40121a7b4f5ec8c5 0000000000000000 0000000000000000 C 1 1
random_45 P 4 6 4 0 0 0 1 0 0 0 1 0 4 1 -5 2 3 8 -5 1 8 1 4 5 -3 0 3 5 0 3 3 5 7 -2 2 1 0 1 0.25 4 1.5 1 3 1 | 2 0 3fe8e6c13782a4c0 3fe8e6c13782a4c1 400dbe9a39056579 400dbe9a3905657a 3fea1c84975f4471 3fea1c84975f4472 0000000000000000 0000000000000000 C 1 1 3ffea23963868cbe 3ffea23963868cbf 4017c0d1dd01cedc 4017c0d1dd01cedd 400265f989b6c715 400265f989b6c716 0000000000000000 0000000000000000 C 1 1
random_46 S 5 11 3 0 0 0 1 0 0 0 1 0 -4 -7 2 1 4 4 7 5 0 -1 -1 4 -3 -2 1 4 2 2 -3 1 -8 1 4 2 2 -2 -3 5 -1 4 -4 4 8 -8 8 3 -7 4 -1 5 -1 1 -4 3 -1 6 0.5 5 2 6 | 3 0 3fe403feeb0b0ab9 3fe403feeb0b0aba c003febf663ea24d c003febf663ea24c bfd3674d4e86e0b0 bfd3674d4e86e0af 0000000000000000 0000000000000000 C 1 1 3ff4adedfdc9a0de 3ff4adedfdc9a0df 3fd1c4495d661fce 3fd1c4495d661fcf bfc557ec29c98f3d bfc557ec29c98f3c 0000000000000000 0000000000000000 C 1 1 3ff9e891dfb354b0 3ff9e891dfb354b1 c000ec6c816a36cd c000ec6c816a36cc 3fec318ddc9aac18 3fec318ddc9aac19 0000000000000000 0000000000000000 C 1 1
random_47 S 6 13 3 0 0 0 1 0 0 0 1 0 -4 1 -6 5 0 3 -4 1 -8 0 4 5 -3 3 -7 4 5 -8 -6 5 -4 -3 -4 5 8 4 0 1 -5 -4 -8 2 0 -5 6 4 8 0 3 1 0 -5 7 5 0 8 1 4 -3 3 -7 2 -1 7 0.5 6 2 7 | 3 0 3fe0000000000000 3fe0000000000000 4020000000000000 4020000000000000 4010000000000000 4010000000000000 0000000000000000 0000000000000000 T 1 1 3fe936953bb07a08 3fe936953bb07a09 bfe0f0e7d9f810fd bfe0f0e7d9f810fc c00a283c2504faa9 c00a283c2504faa8 0000000000000000 0000000000000000 C 1 1 3ffd0c1730948737 3ffd0c1730948738 bfe9b57aeee0e537 bfe9b57aeee0e536 400d659041c69cde 400d659041c69cdf 0000000000000000 0000000000000000 C 1 1
