# case	row (S8a, split_reference.py)
sq_height	side below 200.0 280.0 5.0 5.0 1.0
sq_height	side above 300.0 320.0 5.0 5.0 3.5
sq_tilted	side below 250.0 311.8033988749894848204587 3.333333333333333333333333 5.0 1.666666666666666666666667
sq_tilted	side above 250.0 311.8033988749894848204587 6.666666666666666666666667 5.0 3.333333333333333333333333
sq_skew	side below 238.0277777777777777777778 282.8213058336767648052113 4.142344497607655502392344 3.070121951219512195121951 1.852831913486598980822344
sq_skew	side above 261.9722222222222222222222 296.1546391670100981385447 5.77926518926943060120878 6.753485844555190329763546 3.088016470505071925918072
sq_vertical	side below 200.0 220.0 2.0 5.0 2.5
sq_vertical	side above 300.0 280.0 7.0 5.0 2.5
sq_diagonal_edges	side below 250.0 270.7106781186547524400844 3.333333333333333333333333 3.333333333333333333333333 2.5
sq_diagonal_edges	side above 250.0 270.7106781186547524400844 6.666666666666666666666667 6.666666666666666666666667 2.5
sq_through_corner	side whole 500.0 400.0 5.0 5.0 2.5
sq_in_cap	side whole 500.0 400.0 5.0 5.0 2.5
sq_corner_cut	side below 428.6666666666666666666667 368.1248916810278474888861 4.663297045101088646967341 4.663297045101088646967341 2.209758942457231726283048
sq_corner_cut	side above 71.33333333333333333333333 176.1248916810278474888861 7.023364485981308411214953 7.023364485981308411214953 4.244158878504672897196262
sq_miss	side whole 500.0 400.0 5.0 5.0 2.5
sq_hole_crossed	side below 210.0 293.6883688286646583064973 2.875626240079365079365079 4.05988343253968253968254 1.975301752645502645502646
sq_hole_crossed	side above 210.0 293.6883688286646583064973 7.124373759920634920634921 5.94011656746031746031746 3.024698247354497354497354
sq_hole_vertical	side below 210.0 254.0 2.214285714285714285714286 5.0 2.5
sq_hole_vertical	side above 210.0 254.0 7.785714285714285714285714 5.0 2.5
u_two_sections	side below 150.0 210.0 4.5 1.8 2.5
u_two_sections	side above 60.0 124.0 4.5 5.0 2.5
u_tilted	side below 71.99739583333333333333333 128.6150683725349650297492 3.890553224581328896444461 1.474591501790429341339024 1.406194614243860093319347
u_tilted	side above 54.00260416666666666666667 110.7713183725349650297492 5.31252712542797897477938 4.367071840189034093649033 1.62506329266528427448522
stadium_height	side below 6.856194490192344928846983 27.49557428756427633461925 1.5 0.0 0.375
stadium_height	side above 11.4269908169872415480783 33.6371669411540695730819 1.5 0.0 1.375
stadium_tilted	side below 9.141592653589793238462643 30.27203018499405742476966 0.6370550980041934579677354 0.0 0.7088490078109822018110014
stadium_tilted	side above 9.141592653589793238462643 30.27203018499405742476966 2.362944901995806542032265 0.0 1.291150992189017798188999
stadium_arc_only	side below 17.0303351630755629632952 40.89436872301457208159605 1.340163153662026103279489 0.0 0.9832425286169224153026538
stadium_arc_only	side above 1.252850144104023513630083 8.959508608204151872451227 3.672706031407607728842796 0.0 1.227788898363061748947458
stadium_vertical_arc	side below 17.05481560857082963138058 40.89649763328136618766919 1.341183861856800852637679 0.0 1.0
stadium_vertical_arc	side above 1.228369698608756845544706 8.881261518532902417216456 3.705020161898566140762074 0.0 1.0
stadium_tangent	side whole 18.28318530717958647692529 42.84955592153875943077586 1.5 0.0 1.0
rounded_skew	side below 70.71238898038468985769397 125.2325415013496405701259 2.688403420688472065657757 2.300505287578956481827979 1.147726205894695831774093
rounded_skew	side above 70.71238898038468985769397 125.2325415013496405701259 5.311596579311527934342243 3.699494712421043518172021 1.852273794105304168225907
disc_wall_ellipse	side below 25.13274122871834590770115 50.65223018649270965137519 -0.125 0.0 1.015625
disc_wall_ellipse	side above 25.13274122871834590770115 50.65223018649270965137519 0.125 0.0 2.984375
disc_through_caps	side below 25.13274122871834590770115 55.47064359571098384961524 -0.5 0.0 1.25
disc_through_caps	side above 25.13274122871834590770115 55.47064359571098384961524 0.5 0.0 2.75
disc_vertical	side below 40.43852486856663705104465 67.58599053312546475067676 -0.3426536083001824229174191 0.0 2.0
disc_vertical	side above 9.826957588870054764357646 35.52504607413160966886583 1.410040323797132281524148 0.0 2.0
slot_hole_tilted	side below 122.1728281996502766677492 245.33176770432162903518 -0.4408557643845637378466065 -0.4842084170764857114314212 0.5502324514798400446218705
slot_hole_tilted	side above 144.4023938395803436168628 264.3908182426433388856475 2.219047822421768964468704 -1.620995513072194206808776 2.67277025290133384765211
tilted_frame_in_cap	side whole 400.0 360.0 6.0 3.200000000000000177635684 -0.8999999999999992450483433
tilted_frame_height	side below 199.9999999999999333866185 279.9999999999999733546474 6.0 2.59999999999999955591079 -1.699999999999999222843883
tilted_frame_height	side above 200.0000000000000666133815 280.0000000000000266453526 6.0 3.800000000000000399680289 -0.09999999999999980015985557
reversed_offsets	side below 11.45095840195518405993714 35.27135674267890274950319 0.7903477842469081562132033 -0.1203268404478803563737434 -0.167505235949756949959865
reversed_offsets	side above 15.97381955881419565545079 41.55454204985848922642847 2.008719781923417582568733 0.08625724358123779029507689 0.9785063873925067596305953
