# name points intervals; each parameter: first last n P lo hi s_lo s_hi
parabola_secant 2 0 0 1 2 1 1 -1 -1 1/4 1/4 0 1 2 -1 1 1 1 3/4 3/4
parabola_secant_reversed 2 0 0 1 2 1 1 -1 -1 3/4 3/4 0 1 2 -1 1 1 1 1/4 1/4
parabola_one_hit 1 0 0 1 2 -1 1 1 1 1/2 1/2
parabola_tangent 1 0 0 1 2 0 1 0 0 1/2 1/2
parabola_skew 0 0
parabola_outside_segment 0 0
parabola_line 2 0 0 1 2 1 1 -1 -1 -3 -3 0 1 2 -1 1 1 1 -1 -1
parabola_trimmed 1 0 0 1 2 -1 1 1 1 3/4 3/4
parabola_closed_ends 2 0 0 1 2 1 1 -1 -1 0 0 0 1 2 -1 1 1 1 1 1
near_tangent_-40_-1 2 0 0 1 2 1/1048576 1 -1/1048576 -1/1048576 1048575/2097152 1048575/2097152 0 1 2 -1/1048576 1 1/1048576 1/1048576 1048577/2097152 1048577/2097152
near_tangent_-40_1 0 0
near_tangent_-20_-1 2 0 0 1 2 1/1024 1 -1/1024 -1/1024 1023/2048 1023/2048 0 1 2 -1/1024 1 1/1024 1/1024 1025/2048 1025/2048
near_tangent_-20_1 0 0
rounded_space_near_tangent 0 0
space_tangent 1 0 0 1 2 0 1 0 0 1/2 1/2
space_endpoint_pair 2 0 0 1 2 1 1 -1 -1 0 0 0 1 2 -1 1 1 1 1 1
space_skew 0 0
collinear_disconnected_parameters 0 2 -2 2 3 1/8 -1 1 313506783024/2140758220993 259717522849/1773462177794 1898276868366327454614715/1898276868366327454614721 1898276868366327454614723/1898276868366327454614721 0 1 2 1 1 -1 -1 0 0 0 1 2 -1 1 1 1 0 0 -2 2 3 1/8 -1 1 1513744654945/1773462177794 1827251437969/2140758220993 1898276868366327454614715/1898276868366327454614721 1898276868366327454614723/1898276868366327454614721
collinear_whole_line 0 1 0 1 2 2 1 -2 -2 3 3 0 1 2 -2 1 2 2 3 3
collinear_connected_parameters 0 1 0 1 2 1 1 -1 -1 1 1 0 1 2 -1 1 1 1 1 1
collinear_touch_only 1 0 0 1 2 0 1 0 0 1 1
rational_circle_diagonal 1 0 0 1 3 -1 2 1 627013566048/1513744654945 886731088897/2140758220993 11494025852381046154570557529975118401/16255007246704249599863613796701887620 8127503623352124799931808412095598755/11494025852381046154570559670733339394
rational_circle_endpoints 2 0 0 1 2 0 1 0 0 0 0 0 1 2 -1 1 1 1 1 1
rational_circle_tangent 1 0 0 1 2 0 1 0 0 1/2 1/2
polyline_partial_overlap 0 1 0 1 2 -3/2 1 3/2 3/2 0 0 0 1 2 -2 1 2 2 1/3 1/3
polyline_knot_hit 1 0 0 1 2 -1 1 1 1 1/2 1/2
periodic_one_turn 1 1 0 1 2 -3 1 3 3 1/3 1/3 0 1 2 0 1 0 0 1/3 1/3 0 1 2 -1 1 1 1 2/3 2/3
periodic_multiple_turns 1 3 0 1 2 -6 1 6 6 1/3 1/3 0 1 2 3 1 -3 -3 1/3 1/3 0 1 2 2 1 -2 -2 2/3 2/3 0 1 2 0 1 0 0 1/3 1/3 0 1 2 -1 1 1 1 2/3 2/3 0 1 2 -3 1 3 3 1/3 1/3 0 1 2 -4 1 4 4 2/3 2/3
chebyshev_3 3 0 -1 1 3 1/16 -1 1 276182038859/4122901604639 256353060613/3826890587534 1/2 1/2 0 1 2 0 1 0 0 1/2 1/2 -1 1 3 1/16 -1 1 3570537526921/3826890587534 3846719565780/4122901604639 1/2 1/2
chebyshev_8 8 0 -1 1 9 17592186044416/576460752303423493 -2251799813685248/576460752303423493 47287796087390208/576460752303423493 -378302368699121664/576460752303423493 1486187877032263685/576460752303423493 -3170534137668829204/576460752303423493 3746994889972252702/576460752303423493 -4 1 32395686500/3371965574293 39179325657/4078053334027 1/2 1/2 -1 1 9 17592186044416/576460752303423493 -2251799813685248/576460752303423493 47287796087390208/576460752303423493 -378302368699121664/576460752303423493 1486187877032263685/576460752303423493 -3170534137668829204/576460752303423493 3746994889972252702/576460752303423493 -4 1 104602040033/1241343373882 85787969833/1018071233385 1/2 1/2 -1 1 9 17592186044416/576460752303423493 -2251799813685248/576460752303423493 47287796087390208/576460752303423493 -378302368699121664/576460752303423493 1486187877032263685/576460752303423493 -3170534137668829204/576460752303423493 3746994889972252702/576460752303423493 -4 1 1369460183241/6162774345857 1302047890967/5859409012198 1/2 1/2 -1 1 9 17592186044416/576460752303423493 -2251799813685248/576460752303423493 47287796087390208/576460752303423493 -378302368699121664/576460752303423493 1486187877032263685/576460752303423493 -3170534137668829204/576460752303423493 3746994889972252702/576460752303423493 -4 1 711533998745/1767984702401 724798619046/1800943978861 1/2 1/2 -1 1 9 17592186044416/576460752303423493 -2251799813685248/576460752303423493 47287796087390208/576460752303423493 -378302368699121664/576460752303423493 1486187877032263685/576460752303423493 -3170534137668829204/576460752303423493 3746994889972252702/576460752303423493 -4 1 1076145359815/1800943978861 1056450703656/1767984702401 1/2 1/2 -1 1 9 17592186044416/576460752303423493 -2251799813685248/576460752303423493 47287796087390208/576460752303423493 -378302368699121664/576460752303423493 1486187877032263685/576460752303423493 -3170534137668829204/576460752303423493 3746994889972252702/576460752303423493 -4 1 4557361121231/5859409012198 4793314162616/6162774345857 1/2 1/2 -1 1 9 17592186044416/576460752303423493 -2251799813685248/576460752303423493 47287796087390208/576460752303423493 -378302368699121664/576460752303423493 1486187877032263685/576460752303423493 -3170534137668829204/576460752303423493 3746994889972252702/576460752303423493 -4 1 932283263552/1018071233385 1136741333849/1241343373882 1/2 1/2 -1 1 9 17592186044416/576460752303423493 -2251799813685248/576460752303423493 47287796087390208/576460752303423493 -378302368699121664/576460752303423493 1486187877032263685/576460752303423493 -3170534137668829204/576460752303423493 3746994889972252702/576460752303423493 -4 1 4038874008370/4078053334027 3339569887793/3371965574293 1/2 1/2
chebyshev_25 25 0 -1 1 25 2199023255552/618970019642690135041653607 -2744381022928896/618970019642690135041653607 566257284397662183/618970019642690135041653607 -46208058076728131059/618970019642690135041653607 1990569080249575795557/618970019642690135041653607 -52398327822142917363651/618970019642690135041653607 920284544040115438126523/618970019642690135041653607 -11429163364977183516358529/618970019642690135041653607 104531104819396810661975267/618970019642690135041653607 -725126955056448338066384541/618970019642690135041653607 3899208254036699318302138508/618970019642690135041653607 -16517320601697491983062691634/618970019642690135041653607 55770659545333485416173259882/618970019642690135041653607 -151322371125569297182324567886/618970019642690135041653607 331566065889621923449109958278/618970019642690135041653607 -587794013932876897020417862594/618970019642690135041653607 842034787798957082975759499462/618970019642690135041653607 -970129422549245598841029632826/618970019642690135041653607 890886752925145887287867763823/618970019642690135041653607 -642621444377630738735177302279/618970019642690135041653607 355886000629793763867626236777/618970019642690135041653607 -145960867756991867378817775471/618970019642690135041653607 41741790699653915973626772783/618970019642690135041653607 -12 1 1508939469/1529378409560 2621380160/2656887371771 1/2 1/2 -1 1 25 2199023255552/618970019642690135041653607 -2744381022928896/618970019642690135041653607 566257284397662183/618970019642690135041653607 -46208058076728131059/618970019642690135041653607 1990569080249575795557/618970019642690135041653607 -52398327822142917363651/618970019642690135041653607 920284544040115438126523/618970019642690135041653607 -11429163364977183516358529/618970019642690135041653607 104531104819396810661975267/618970019642690135041653607 -725126955056448338066384541/618970019642690135041653607 3899208254036699318302138508/618970019642690135041653607 -16517320601697491983062691634/618970019642690135041653607 55770659545333485416173259882/618970019642690135041653607 -151322371125569297182324567886/618970019642690135041653607 331566065889621923449109958278/618970019642690135041653607 -587794013932876897020417862594/618970019642690135041653607 842034787798957082975759499462/618970019642690135041653607 -970129422549245598841029632826/618970019642690135041653607 890886752925145887287867763823/618970019642690135041653607 -642621444377630738735177302279/618970019642690135041653607 355886000629793763867626236777/618970019642690135041653607 -145960867756991867378817775471/618970019642690135041653607 41741790699653915973626772783/618970019642690135041653607 -12 1 14263065958/1610485841529 26360123101/2976401087966 1/2 1/2 -1 1 25 2199023255552/618970019642690135041653607 -2744381022928896/618970019642690135041653607 566257284397662183/618970019642690135041653607 -46208058076728131059/618970019642690135041653607 1990569080249575795557/618970019642690135041653607 -52398327822142917363651/618970019642690135041653607 920284544040115438126523/618970019642690135041653607 -11429163364977183516358529/618970019642690135041653607 104531104819396810661975267/618970019642690135041653607 -725126955056448338066384541/618970019642690135041653607 3899208254036699318302138508/618970019642690135041653607 -16517320601697491983062691634/618970019642690135041653607 55770659545333485416173259882/618970019642690135041653607 -151322371125569297182324567886/618970019642690135041653607 331566065889621923449109958278/618970019642690135041653607 -587794013932876897020417862594/618970019642690135041653607 842034787798957082975759499462/618970019642690135041653607 -970129422549245598841029632826/618970019642690135041653607 890886752925145887287867763823/618970019642690135041653607 -642621444377630738735177302279/618970019642690135041653607 355886000629793763867626236777/618970019642690135041653607 -145960867756991867378817775471/618970019642690135041653607 41741790699653915973626772783/618970019642690135041653607 -12 1 96041086059/3924570904604 9395894453/383948740129 1/2 1/2 -1 1 25 2199023255552/618970019642690135041653607 -2744381022928896/618970019642690135041653607 566257284397662183/618970019642690135041653607 -46208058076728131059/618970019642690135041653607 1990569080249575795557/618970019642690135041653607 -52398327822142917363651/618970019642690135041653607 920284544040115438126523/618970019642690135041653607 -11429163364977183516358529/618970019642690135041653607 104531104819396810661975267/618970019642690135041653607 -725126955056448338066384541/618970019642690135041653607 3899208254036699318302138508/618970019642690135041653607 -16517320601697491983062691634/618970019642690135041653607 55770659545333485416173259882/618970019642690135041653607 -151322371125569297182324567886/618970019642690135041653607 331566065889621923449109958278/618970019642690135041653607 -587794013932876897020417862594/618970019642690135041653607 842034787798957082975759499462/618970019642690135041653607 -970129422549245598841029632826/618970019642690135041653607 890886752925145887287867763823/618970019642690135041653607 -642621444377630738735177302279/618970019642690135041653607 355886000629793763867626236777/618970019642690135041653607 -145960867756991867378817775471/618970019642690135041653607 41741790699653915973626772783/618970019642690135041653607 -12 1 33956346670/713571399223 637452717307/13395670383738 1/2 1/2 -1 1 25 2199023255552/618970019642690135041653607 -2744381022928896/618970019642690135041653607 566257284397662183/618970019642690135041653607 -46208058076728131059/618970019642690135041653607 1990569080249575795557/618970019642690135041653607 -52398327822142917363651/618970019642690135041653607 920284544040115438126523/618970019642690135041653607 -11429163364977183516358529/618970019642690135041653607 104531104819396810661975267/618970019642690135041653607 -725126955056448338066384541/618970019642690135041653607 3899208254036699318302138508/618970019642690135041653607 -16517320601697491983062691634/618970019642690135041653607 55770659545333485416173259882/618970019642690135041653607 -151322371125569297182324567886/618970019642690135041653607 331566065889621923449109958278/618970019642690135041653607 -587794013932876897020417862594/618970019642690135041653607 842034787798957082975759499462/618970019642690135041653607 -970129422549245598841029632826/618970019642690135041653607 890886752925145887287867763823/618970019642690135041653607 -642621444377630738735177302279/618970019642690135041653607 355886000629793763867626236777/618970019642690135041653607 -145960867756991867378817775471/618970019642690135041653607 41741790699653915973626772783/618970019642690135041653607 -12 1 201235507309/2585377087804 126804430089/1629122377895 1/2 1/2 -1 1 25 2199023255552/618970019642690135041653607 -2744381022928896/618970019642690135041653607 566257284397662183/618970019642690135041653607 -46208058076728131059/618970019642690135041653607 1990569080249575795557/618970019642690135041653607 -52398327822142917363651/618970019642690135041653607 920284544040115438126523/618970019642690135041653607 -11429163364977183516358529/618970019642690135041653607 104531104819396810661975267/618970019642690135041653607 -725126955056448338066384541/618970019642690135041653607 3899208254036699318302138508/618970019642690135041653607 -16517320601697491983062691634/618970019642690135041653607 55770659545333485416173259882/618970019642690135041653607 -151322371125569297182324567886/618970019642690135041653607 331566065889621923449109958278/618970019642690135041653607 -587794013932876897020417862594/618970019642690135041653607 842034787798957082975759499462/618970019642690135041653607 -970129422549245598841029632826/618970019642690135041653607 890886752925145887287867763823/618970019642690135041653607 -642621444377630738735177302279/618970019642690135041653607 355886000629793763867626236777/618970019642690135041653607 -145960867756991867378817775471/618970019642690135041653607 41741790699653915973626772783/618970019642690135041653607 -12 1 4128762517815/35982577537412 1976872577117/17228641870480 1/2 1/2 -1 1 25 2199023255552/618970019642690135041653607 -2744381022928896/618970019642690135041653607 566257284397662183/618970019642690135041653607 -46208058076728131059/618970019642690135041653607 1990569080249575795557/618970019642690135041653607 -52398327822142917363651/618970019642690135041653607 920284544040115438126523/618970019642690135041653607 -11429163364977183516358529/618970019642690135041653607 104531104819396810661975267/618970019642690135041653607 -725126955056448338066384541/618970019642690135041653607 3899208254036699318302138508/618970019642690135041653607 -16517320601697491983062691634/618970019642690135041653607 55770659545333485416173259882/618970019642690135041653607 -151322371125569297182324567886/618970019642690135041653607 331566065889621923449109958278/618970019642690135041653607 -587794013932876897020417862594/618970019642690135041653607 842034787798957082975759499462/618970019642690135041653607 -970129422549245598841029632826/618970019642690135041653607 890886752925145887287867763823/618970019642690135041653607 -642621444377630738735177302279/618970019642690135041653607 355886000629793763867626236777/618970019642690135041653607 -145960867756991867378817775471/618970019642690135041653607 41741790699653915973626772783/618970019642690135041653607 -12 1 4869645062155/30873991988517 37535848693/237980689976 1/2 1/2 -1 1 25 2199023255552/618970019642690135041653607 -2744381022928896/618970019642690135041653607 566257284397662183/618970019642690135041653607 -46208058076728131059/618970019642690135041653607 1990569080249575795557/618970019642690135041653607 -52398327822142917363651/618970019642690135041653607 920284544040115438126523/618970019642690135041653607 -11429163364977183516358529/618970019642690135041653607 104531104819396810661975267/618970019642690135041653607 -725126955056448338066384541/618970019642690135041653607 3899208254036699318302138508/618970019642690135041653607 -16517320601697491983062691634/618970019642690135041653607 55770659545333485416173259882/618970019642690135041653607 -151322371125569297182324567886/618970019642690135041653607 331566065889621923449109958278/618970019642690135041653607 -587794013932876897020417862594/618970019642690135041653607 842034787798957082975759499462/618970019642690135041653607 -970129422549245598841029632826/618970019642690135041653607 890886752925145887287867763823/618970019642690135041653607 -642621444377630738735177302279/618970019642690135041653607 355886000629793763867626236777/618970019642690135041653607 -145960867756991867378817775471/618970019642690135041653607 41741790699653915973626772783/618970019642690135041653607 -12 1 12186937781561/59129072161212 3884513094619/18847035998692 1/2 1/2 -1 1 25 2199023255552/618970019642690135041653607 -2744381022928896/618970019642690135041653607 566257284397662183/618970019642690135041653607 -46208058076728131059/618970019642690135041653607 1990569080249575795557/618970019642690135041653607 -52398327822142917363651/618970019642690135041653607 920284544040115438126523/618970019642690135041653607 -11429163364977183516358529/618970019642690135041653607 104531104819396810661975267/618970019642690135041653607 -725126955056448338066384541/618970019642690135041653607 3899208254036699318302138508/618970019642690135041653607 -16517320601697491983062691634/618970019642690135041653607 55770659545333485416173259882/618970019642690135041653607 -151322371125569297182324567886/618970019642690135041653607 331566065889621923449109958278/618970019642690135041653607 -587794013932876897020417862594/618970019642690135041653607 842034787798957082975759499462/618970019642690135041653607 -970129422549245598841029632826/618970019642690135041653607 890886752925145887287867763823/618970019642690135041653607 -642621444377630738735177302279/618970019642690135041653607 355886000629793763867626236777/618970019642690135041653607 -145960867756991867378817775471/618970019642690135041653607 41741790699653915973626772783/618970019642690135041653607 -12 1 283544922718164/1094247690908941 88610212067996/341961756947887 1/2 1/2 -1 1 25 2199023255552/618970019642690135041653607 -2744381022928896/618970019642690135041653607 566257284397662183/618970019642690135041653607 -46208058076728131059/618970019642690135041653607 1990569080249575795557/618970019642690135041653607 -52398327822142917363651/618970019642690135041653607 920284544040115438126523/618970019642690135041653607 -11429163364977183516358529/618970019642690135041653607 104531104819396810661975267/618970019642690135041653607 -725126955056448338066384541/618970019642690135041653607 3899208254036699318302138508/618970019642690135041653607 -16517320601697491983062691634/618970019642690135041653607 55770659545333485416173259882/618970019642690135041653607 -151322371125569297182324567886/618970019642690135041653607 331566065889621923449109958278/618970019642690135041653607 -587794013932876897020417862594/618970019642690135041653607 842034787798957082975759499462/618970019642690135041653607 -970129422549245598841029632826/618970019642690135041653607 890886752925145887287867763823/618970019642690135041653607 -642621444377630738735177302279/618970019642690135041653607 355886000629793763867626236777/618970019642690135041653607 -145960867756991867378817775471/618970019642690135041653607 41741790699653915973626772783/618970019642690135041653607 -12 1 520673462801/1648025619650 275110645442/870774918099 1/2 1/2 -1 1 25 2199023255552/618970019642690135041653607 -2744381022928896/618970019642690135041653607 566257284397662183/618970019642690135041653607 -46208058076728131059/618970019642690135041653607 1990569080249575795557/618970019642690135041653607 -52398327822142917363651/618970019642690135041653607 920284544040115438126523/618970019642690135041653607 -11429163364977183516358529/618970019642690135041653607 104531104819396810661975267/618970019642690135041653607 -725126955056448338066384541/618970019642690135041653607 3899208254036699318302138508/618970019642690135041653607 -16517320601697491983062691634/618970019642690135041653607 55770659545333485416173259882/618970019642690135041653607 -151322371125569297182324567886/618970019642690135041653607 331566065889621923449109958278/618970019642690135041653607 -587794013932876897020417862594/618970019642690135041653607 842034787798957082975759499462/618970019642690135041653607 -970129422549245598841029632826/618970019642690135041653607 890886752925145887287867763823/618970019642690135041653607 -642621444377630738735177302279/618970019642690135041653607 355886000629793763867626236777/618970019642690135041653607 -145960867756991867378817775471/618970019642690135041653607 41741790699653915973626772783/618970019642690135041653607 -12 1 1925531078553/5125795715120 180576264494/480697015543 1/2 1/2 -1 1 25 2199023255552/618970019642690135041653607 -2744381022928896/618970019642690135041653607 566257284397662183/618970019642690135041653607 -46208058076728131059/618970019642690135041653607 1990569080249575795557/618970019642690135041653607 -52398327822142917363651/618970019642690135041653607 920284544040115438126523/618970019642690135041653607 -11429163364977183516358529/618970019642690135041653607 104531104819396810661975267/618970019642690135041653607 -725126955056448338066384541/618970019642690135041653607 3899208254036699318302138508/618970019642690135041653607 -16517320601697491983062691634/618970019642690135041653607 55770659545333485416173259882/618970019642690135041653607 -151322371125569297182324567886/618970019642690135041653607 331566065889621923449109958278/618970019642690135041653607 -587794013932876897020417862594/618970019642690135041653607 842034787798957082975759499462/618970019642690135041653607 -970129422549245598841029632826/618970019642690135041653607 890886752925145887287867763823/618970019642690135041653607 -642621444377630738735177302279/618970019642690135041653607 355886000629793763867626236777/618970019642690135041653607 -145960867756991867378817775471/618970019642690135041653607 41741790699653915973626772783/618970019642690135041653607 -12 1 1988575737801/4547047662296 2838836715023/6491241748207 1/2 1/2 0 1 2 0 1 0 0 1/2 1/2 -1 1 25 2199023255552/618970019642690135041653607 -2744381022928896/618970019642690135041653607 566257284397662183/618970019642690135041653607 -46208058076728131059/618970019642690135041653607 1990569080249575795557/618970019642690135041653607 -52398327822142917363651/618970019642690135041653607 920284544040115438126523/618970019642690135041653607 -11429163364977183516358529/618970019642690135041653607 104531104819396810661975267/618970019642690135041653607 -725126955056448338066384541/618970019642690135041653607 3899208254036699318302138508/618970019642690135041653607 -16517320601697491983062691634/618970019642690135041653607 55770659545333485416173259882/618970019642690135041653607 -151322371125569297182324567886/618970019642690135041653607 331566065889621923449109958278/618970019642690135041653607 -587794013932876897020417862594/618970019642690135041653607 842034787798957082975759499462/618970019642690135041653607 -970129422549245598841029632826/618970019642690135041653607 890886752925145887287867763823/618970019642690135041653607 -642621444377630738735177302279/618970019642690135041653607 355886000629793763867626236777/618970019642690135041653607 -145960867756991867378817775471/618970019642690135041653607 41741790699653915973626772783/618970019642690135041653607 -12 1 3652405033184/6491241748207 2558471924495/4547047662296 1/2 1/2 -1 1 25 2199023255552/618970019642690135041653607 -2744381022928896/618970019642690135041653607 566257284397662183/618970019642690135041653607 -46208058076728131059/618970019642690135041653607 1990569080249575795557/618970019642690135041653607 -52398327822142917363651/618970019642690135041653607 920284544040115438126523/618970019642690135041653607 -11429163364977183516358529/618970019642690135041653607 104531104819396810661975267/618970019642690135041653607 -725126955056448338066384541/618970019642690135041653607 3899208254036699318302138508/618970019642690135041653607 -16517320601697491983062691634/618970019642690135041653607 55770659545333485416173259882/618970019642690135041653607 -151322371125569297182324567886/618970019642690135041653607 331566065889621923449109958278/618970019642690135041653607 -587794013932876897020417862594/618970019642690135041653607 842034787798957082975759499462/618970019642690135041653607 -970129422549245598841029632826/618970019642690135041653607 890886752925145887287867763823/618970019642690135041653607 -642621444377630738735177302279/618970019642690135041653607 355886000629793763867626236777/618970019642690135041653607 -145960867756991867378817775471/618970019642690135041653607 41741790699653915973626772783/618970019642690135041653607 -12 1 300120751049/480697015543 3200264636567/5125795715120 1/2 1/2 -1 1 25 2199023255552/618970019642690135041653607 -2744381022928896/618970019642690135041653607 566257284397662183/618970019642690135041653607 -46208058076728131059/618970019642690135041653607 1990569080249575795557/618970019642690135041653607 -52398327822142917363651/618970019642690135041653607 920284544040115438126523/618970019642690135041653607 -11429163364977183516358529/618970019642690135041653607 104531104819396810661975267/618970019642690135041653607 -725126955056448338066384541/618970019642690135041653607 3899208254036699318302138508/618970019642690135041653607 -16517320601697491983062691634/618970019642690135041653607 55770659545333485416173259882/618970019642690135041653607 -151322371125569297182324567886/618970019642690135041653607 331566065889621923449109958278/618970019642690135041653607 -587794013932876897020417862594/618970019642690135041653607 842034787798957082975759499462/618970019642690135041653607 -970129422549245598841029632826/618970019642690135041653607 890886752925145887287867763823/618970019642690135041653607 -642621444377630738735177302279/618970019642690135041653607 355886000629793763867626236777/618970019642690135041653607 -145960867756991867378817775471/618970019642690135041653607 41741790699653915973626772783/618970019642690135041653607 -12 1 595664272657/870774918099 1127352156849/1648025619650 1/2 1/2 -1 1 25 2199023255552/618970019642690135041653607 -2744381022928896/618970019642690135041653607 566257284397662183/618970019642690135041653607 -46208058076728131059/618970019642690135041653607 1990569080249575795557/618970019642690135041653607 -52398327822142917363651/618970019642690135041653607 920284544040115438126523/618970019642690135041653607 -11429163364977183516358529/618970019642690135041653607 104531104819396810661975267/618970019642690135041653607 -725126955056448338066384541/618970019642690135041653607 3899208254036699318302138508/618970019642690135041653607 -16517320601697491983062691634/618970019642690135041653607 55770659545333485416173259882/618970019642690135041653607 -151322371125569297182324567886/618970019642690135041653607 331566065889621923449109958278/618970019642690135041653607 -587794013932876897020417862594/618970019642690135041653607 842034787798957082975759499462/618970019642690135041653607 -970129422549245598841029632826/618970019642690135041653607 890886752925145887287867763823/618970019642690135041653607 -642621444377630738735177302279/618970019642690135041653607 355886000629793763867626236777/618970019642690135041653607 -145960867756991867378817775471/618970019642690135041653607 41741790699653915973626772783/618970019642690135041653607 -12 1 8060982006142/10880326665671 25765700191898/34777305624053 1/2 1/2 -1 1 25 2199023255552/618970019642690135041653607 -2744381022928896/618970019642690135041653607 566257284397662183/618970019642690135041653607 -46208058076728131059/618970019642690135041653607 1990569080249575795557/618970019642690135041653607 -52398327822142917363651/618970019642690135041653607 920284544040115438126523/618970019642690135041653607 -11429163364977183516358529/618970019642690135041653607 104531104819396810661975267/618970019642690135041653607 -725126955056448338066384541/618970019642690135041653607 3899208254036699318302138508/618970019642690135041653607 -16517320601697491983062691634/618970019642690135041653607 55770659545333485416173259882/618970019642690135041653607 -151322371125569297182324567886/618970019642690135041653607 331566065889621923449109958278/618970019642690135041653607 -587794013932876897020417862594/618970019642690135041653607 842034787798957082975759499462/618970019642690135041653607 -970129422549245598841029632826/618970019642690135041653607 890886752925145887287867763823/618970019642690135041653607 -642621444377630738735177302279/618970019642690135041653607 355886000629793763867626236777/618970019642690135041653607 -145960867756991867378817775471/618970019642690135041653607 41741790699653915973626772783/618970019642690135041653607 -12 1 15476164320931/19494027039976 7866492514680/9908761280309 1/2 1/2 -1 1 25 2199023255552/618970019642690135041653607 -2744381022928896/618970019642690135041653607 566257284397662183/618970019642690135041653607 -46208058076728131059/618970019642690135041653607 1990569080249575795557/618970019642690135041653607 -52398327822142917363651/618970019642690135041653607 920284544040115438126523/618970019642690135041653607 -11429163364977183516358529/618970019642690135041653607 104531104819396810661975267/618970019642690135041653607 -725126955056448338066384541/618970019642690135041653607 3899208254036699318302138508/618970019642690135041653607 -16517320601697491983062691634/618970019642690135041653607 55770659545333485416173259882/618970019642690135041653607 -151322371125569297182324567886/618970019642690135041653607 331566065889621923449109958278/618970019642690135041653607 -587794013932876897020417862594/618970019642690135041653607 842034787798957082975759499462/618970019642690135041653607 -970129422549245598841029632826/618970019642690135041653607 890886752925145887287867763823/618970019642690135041653607 -642621444377630738735177302279/618970019642690135041653607 355886000629793763867626236777/618970019642690135041653607 -145960867756991867378817775471/618970019642690135041653607 41741790699653915973626772783/618970019642690135041653607 -12 1 200444841283/237980689976 26004346926362/30873991988517 1/2 1/2 -1 1 25 2199023255552/618970019642690135041653607 -2744381022928896/618970019642690135041653607 566257284397662183/618970019642690135041653607 -46208058076728131059/618970019642690135041653607 1990569080249575795557/618970019642690135041653607 -52398327822142917363651/618970019642690135041653607 920284544040115438126523/618970019642690135041653607 -11429163364977183516358529/618970019642690135041653607 104531104819396810661975267/618970019642690135041653607 -725126955056448338066384541/618970019642690135041653607 3899208254036699318302138508/618970019642690135041653607 -16517320601697491983062691634/618970019642690135041653607 55770659545333485416173259882/618970019642690135041653607 -151322371125569297182324567886/618970019642690135041653607 331566065889621923449109958278/618970019642690135041653607 -587794013932876897020417862594/618970019642690135041653607 842034787798957082975759499462/618970019642690135041653607 -970129422549245598841029632826/618970019642690135041653607 890886752925145887287867763823/618970019642690135041653607 -642621444377630738735177302279/618970019642690135041653607 355886000629793763867626236777/618970019642690135041653607 -145960867756991867378817775471/618970019642690135041653607 41741790699653915973626772783/618970019642690135041653607 -12 1 774820349381/875249425603 1350276432871/1525293796452 1/2 1/2 -1 1 25 2199023255552/618970019642690135041653607 -2744381022928896/618970019642690135041653607 566257284397662183/618970019642690135041653607 -46208058076728131059/618970019642690135041653607 1990569080249575795557/618970019642690135041653607 -52398327822142917363651/618970019642690135041653607 920284544040115438126523/618970019642690135041653607 -11429163364977183516358529/618970019642690135041653607 104531104819396810661975267/618970019642690135041653607 -725126955056448338066384541/618970019642690135041653607 3899208254036699318302138508/618970019642690135041653607 -16517320601697491983062691634/618970019642690135041653607 55770659545333485416173259882/618970019642690135041653607 -151322371125569297182324567886/618970019642690135041653607 331566065889621923449109958278/618970019642690135041653607 -587794013932876897020417862594/618970019642690135041653607 842034787798957082975759499462/618970019642690135041653607 -970129422549245598841029632826/618970019642690135041653607 890886752925145887287867763823/618970019642690135041653607 -642621444377630738735177302279/618970019642690135041653607 355886000629793763867626236777/618970019642690135041653607 -145960867756991867378817775471/618970019642690135041653607 41741790699653915973626772783/618970019642690135041653607 -12 1 1502317947806/1629122377895 2384141580495/2585377087804 1/2 1/2 -1 1 25 2199023255552/618970019642690135041653607 -2744381022928896/618970019642690135041653607 566257284397662183/618970019642690135041653607 -46208058076728131059/618970019642690135041653607 1990569080249575795557/618970019642690135041653607 -52398327822142917363651/618970019642690135041653607 920284544040115438126523/618970019642690135041653607 -11429163364977183516358529/618970019642690135041653607 104531104819396810661975267/618970019642690135041653607 -725126955056448338066384541/618970019642690135041653607 3899208254036699318302138508/618970019642690135041653607 -16517320601697491983062691634/618970019642690135041653607 55770659545333485416173259882/618970019642690135041653607 -151322371125569297182324567886/618970019642690135041653607 331566065889621923449109958278/618970019642690135041653607 -587794013932876897020417862594/618970019642690135041653607 842034787798957082975759499462/618970019642690135041653607 -970129422549245598841029632826/618970019642690135041653607 890886752925145887287867763823/618970019642690135041653607 -642621444377630738735177302279/618970019642690135041653607 355886000629793763867626236777/618970019642690135041653607 -145960867756991867378817775471/618970019642690135041653607 41741790699653915973626772783/618970019642690135041653607 -12 1 29068978927703/30521383965090 679615052553/713571399223 1/2 1/2 -1 1 25 2199023255552/618970019642690135041653607 -2744381022928896/618970019642690135041653607 566257284397662183/618970019642690135041653607 -46208058076728131059/618970019642690135041653607 1990569080249575795557/618970019642690135041653607 -52398327822142917363651/618970019642690135041653607 920284544040115438126523/618970019642690135041653607 -11429163364977183516358529/618970019642690135041653607 104531104819396810661975267/618970019642690135041653607 -725126955056448338066384541/618970019642690135041653607 3899208254036699318302138508/618970019642690135041653607 -16517320601697491983062691634/618970019642690135041653607 55770659545333485416173259882/618970019642690135041653607 -151322371125569297182324567886/618970019642690135041653607 331566065889621923449109958278/618970019642690135041653607 -587794013932876897020417862594/618970019642690135041653607 842034787798957082975759499462/618970019642690135041653607 -970129422549245598841029632826/618970019642690135041653607 890886752925145887287867763823/618970019642690135041653607 -642621444377630738735177302279/618970019642690135041653607 355886000629793763867626236777/618970019642690135041653607 -145960867756991867378817775471/618970019642690135041653607 41741790699653915973626772783/618970019642690135041653607 -12 1 9072269658009/9299853266410 8697716812333/8915904526281 1/2 1/2 -1 1 25 2199023255552/618970019642690135041653607 -2744381022928896/618970019642690135041653607 566257284397662183/618970019642690135041653607 -46208058076728131059/618970019642690135041653607 1990569080249575795557/618970019642690135041653607 -52398327822142917363651/618970019642690135041653607 920284544040115438126523/618970019642690135041653607 -11429163364977183516358529/618970019642690135041653607 104531104819396810661975267/618970019642690135041653607 -725126955056448338066384541/618970019642690135041653607 3899208254036699318302138508/618970019642690135041653607 -16517320601697491983062691634/618970019642690135041653607 55770659545333485416173259882/618970019642690135041653607 -151322371125569297182324567886/618970019642690135041653607 331566065889621923449109958278/618970019642690135041653607 -587794013932876897020417862594/618970019642690135041653607 842034787798957082975759499462/618970019642690135041653607 -970129422549245598841029632826/618970019642690135041653607 890886752925145887287867763823/618970019642690135041653607 -642621444377630738735177302279/618970019642690135041653607 355886000629793763867626236777/618970019642690135041653607 -145960867756991867378817775471/618970019642690135041653607 41741790699653915973626772783/618970019642690135041653607 -12 1 2950040964865/2976401087966 1596222775571/1610485841529 1/2 1/2 -1 1 25 2199023255552/618970019642690135041653607 -2744381022928896/618970019642690135041653607 566257284397662183/618970019642690135041653607 -46208058076728131059/618970019642690135041653607 1990569080249575795557/618970019642690135041653607 -52398327822142917363651/618970019642690135041653607 920284544040115438126523/618970019642690135041653607 -11429163364977183516358529/618970019642690135041653607 104531104819396810661975267/618970019642690135041653607 -725126955056448338066384541/618970019642690135041653607 3899208254036699318302138508/618970019642690135041653607 -16517320601697491983062691634/618970019642690135041653607 55770659545333485416173259882/618970019642690135041653607 -151322371125569297182324567886/618970019642690135041653607 331566065889621923449109958278/618970019642690135041653607 -587794013932876897020417862594/618970019642690135041653607 842034787798957082975759499462/618970019642690135041653607 -970129422549245598841029632826/618970019642690135041653607 890886752925145887287867763823/618970019642690135041653607 -642621444377630738735177302279/618970019642690135041653607 355886000629793763867626236777/618970019642690135041653607 -145960867756991867378817775471/618970019642690135041653607 41741790699653915973626772783/618970019642690135041653607 -12 1 2654265991611/2656887371771 1527869470091/1529378409560 1/2 1/2
rational_trim_hit 1 0 0 1 2 1 1 -1 -1 1/4 1/4
rational_trim_endpoint 1 0 0 1 2 1 1 -1 -1 1/4 1/4
rational_trim_miss 0 0
singleton_hit 1 0 0 1 2 -1 1 1 1 3/4 3/4
singleton_miss 0 0
singleton_knot_point 1 0 0 1 2 -1 1 1 1 0 0
collapsed_on_curve 1 0 -2 2 2 -7/12 1 0 1 0 0
collapsed_off_curve 0 0
collapsed_periodic_aliases 4 0 0 1 2 3 1 -3 -3 0 0 0 1 2 0 1 0 0 0 0 0 1 2 -3 1 3 3 0 0 0 1 2 -6 1 6 6 0 0
collapsed_backtracking_pair 2 0 0 1 2 1 1 -1 -1 0 0 0 1 2 -1 1 1 1 0 0
constant_collapsed_segment 0 1 0 1 2 -1/7 1 1/7 1/7 0 0 0 1 2 -10/7 1 10/7 10/7 0 0
constant_on_line 0 1 0 1 2 -1/7 1 1/7 1/7 1/3 1/3 0 1 2 -10/7 1 10/7 10/7 1/3 1/3
constant_inside_segment 0 1 0 1 2 -1/7 1 1/7 1/7 1/3 1/3 0 1 2 -10/7 1 10/7 10/7 1/3 1/3
constant_outside_segment 0 0
twisted_cubic_oblique_secant 2 0 0 1 2 1 1 -1 -1 0 0 0 1 2 -2 1 2 2 1 1
twisted_cubic_oblique_segment 2 0 0 1 2 1 1 -1 -1 0 0 0 1 2 -1/2 1 1/2 1/2 1 1
circle_irrational_slope 1 0 0 1 3 -1 1 1 591286729879/956722026041 956722026041/1548008755920 1416918784796103703369921241533136784/3168326721400483374766290163868489321 875703968302189835698184320325186921/1958133601290017571041660048268366240
circle_irrational_segment 1 0 0 1 3 -1 1 1 591286729879/956722026041 956722026041/1548008755920 2125378177194155555054881862299705176/3168326721400483374766290163868489321 875703968302189835698184320325186921/1305422400860011714027773365512244160
huge_parameter_domain 2 0 0 1 2 -13582985290493858492773514283592667786034938469317445497485196697278130927542418487205392083207560592298578262953847383475038725543234929971155548342800628721885763499406390331782864144164680730766837160526223176512798435772129956553355286032203080380775759732320198985094884004069116123084147875437183658467465148948790552744165375 1 13582985290493858492773514283592667786034938469317445497485196697278130927542418487205392083207560592298578262953847383475038725543234929971155548342800628721885763499406390331782864144164680730766837160526223176512798435772129956553355286032203080380775759732320198985094884004069116123084147875437183658467465148948790552744165375 13582985290493858492773514283592667786034938469317445497485196697278130927542418487205392083207560592298578262953847383475038725543234929971155548342800628721885763499406390331782864144164680730766837160526223176512798435772129956553355286032203080380775759732320198985094884004069116123084147875437183658467465148948790552744165375 1/4 1/4 0 1 2 -13582985290493858492773514283592667786034938469317445497485196697278130927542418487205392083207560592298578262953847383475038725543234929971155548342800628721885763499406390331782864144164680730766837160526223176512798435772129956553355286032203080380775759732320198985094884004069116123084147875437183658467465148948790552744165377 1 13582985290493858492773514283592667786034938469317445497485196697278130927542418487205392083207560592298578262953847383475038725543234929971155548342800628721885763499406390331782864144164680730766837160526223176512798435772129956553355286032203080380775759732320198985094884004069116123084147875437183658467465148948790552744165377 13582985290493858492773514283592667786034938469317445497485196697278130927542418487205392083207560592298578262953847383475038725543234929971155548342800628721885763499406390331782864144164680730766837160526223176512798435772129956553355286032203080380775759732320198985094884004069116123084147875437183658467465148948790552744165377 3/4 3/4
tiny_coordinates 2 0 0 1 2 1 1 -1 -1 1/4 1/4 0 1 2 -1 1 1 1 3/4 3/4
sub_float_excluded_gap 0 2 0 1 2 0 1 0 0 1532495540865888858358347027150309183618739122183602177/3064991081731777716716694054300618367237478244367204352 1532495540865888858358347027150309183618739122183602177/3064991081731777716716694054300618367237478244367204352 0 1 2 -1 1 1 1 0 0 0 2 2 -1532495540865888858358347027150309183618739122183602177/3064991081731777716716694054300618367237478244367204352 1 766247770432944429179173513575154591809369561091801090/1532495540865888858358347027150309183618739122183602179 718357284780885402355475168976707429821283963523563522/1436714569561770804710950337953414859642567927047127043 -20969130203337796677584648185619080601568594186681427417029383674394723438523289673783026771292577705642277/964052955973542082030829680218424684043506525350410710993277269094795377888920534736371996056877988112014270072494088904677395212973013357796990590219731119112192 146783911423364576743092537299333564210980159306769992014986657024881117717059716913375511375219239075971069/6748370691814794574215807761528972788304545677452874976952940883663567645222443743154603972398145916784099890507458622332741766490811093504578934131538117833785344 0 1 2 -2 1 2 2 1532495540865888858358347027150309183618739122183602175/3064991081731777716716694054300618367237478244367204352 1532495540865888858358347027150309183618739122183602175/3064991081731777716716694054300618367237478244367204352
sub_float_point_pair 2 0 0 1 2 -1 1 1 1 0 0 0 2 2 -1532495540865888858358347027150309183618739122183602177/3064991081731777716716694054300618367237478244367204352 1 766247770432944429179173513575154591809369561091801090/1532495540865888858358347027150309183618739122183602179 718357284780885402355475168976707429821283963523563522/1436714569561770804710950337953414859642567927047127043 0 0
high_order_endpoint_touch 1 0 0 1 2 0 1 0 0 0 0
unclamped_on_line 0 1 0 1 2 0 1 0 0 -5/3 -5/3 0 1 2 -2 1 2 2 15/7 15/7
unclamped_clipped 0 1 0 1 3 -1 2/3 1 2050932962736/2845517484433 1478228842609/2050932962736 -8/59938067453953750150286405 2845517484433/11075272510084777935709126401123349920 1 2 3 -3/8 9/4 1 329717003329/2115348976591 285254684857/1830094291734 13593276712409278176901781272432515999/13593276712409278176901787055380462470 15680298864875107952893079426359690222/15680298864875107952893073670583160595
periodic_quadratic_turns 6 0 0 1 2 43/10 1 -43/10 -43/10 271/400 271/400 -3 -2 3 1 -6 1 313506783024/1827251437969 259717522849/1513744654945 1827251437969/6001189359605 2765992097466138976606705/9084268316414876246496723 0 1 2 3/10 1 -3/10 -3/10 271/400 271/400 1 2 3 1 -6 1 313506783024/1827251437969 259717522849/1513744654945 1827251437969/6001189359605 2765992097466138976606705/9084268316414876246496723 0 1 2 -37/10 1 37/10 37/10 271/400 271/400 5 17/3 3 9/4 -9 1 470260174536/1827251437969 416470914361/1618246915953 8870832012492056208058371/29134218519692250984835693 2956944004164018736019457/9711406173230750328278563
periodic_quadratic_skew 0 0
overlap_across_knots 0 2 0 1 2 -1/4 1 1/4 1/4 0 0 0 1 2 -20/11 1 20/11 20/11 1 1 0 1 2 -8/3 1 8/3 8/3 1 1 0 1 2 -19/6 1 19/6 19/6 1 1
weighted_retrace_segment 0 2 -2 2 3 5/81 -76/81 1 264040516476/3708899133281 276372419093/3882121726307 25591477883590449671443354/25591477883590449671443393 11632489947086568032474270/11632489947086568032474267 -2 2 3 11/111 -100/111 1 488970095642/3812326895199 448649930731/3497964829954 -36/34157999734067524288592171 2/4879714247723932041227453 -2 2 3 11/111 -100/111 1 3186335849390/4123955875763 3323356799557/4301296990841 -114/285543114287991218221317671 86/285543114287991218221317671 -2 2 3 5/81 -76/81 1 1802874653607/2079247072700 1641983963198/1893692577057 30495298177407352433048546/30495298177407352433048597 1452157056067016782526126/1452157056067016782526123
