# case	axis (n, x, y)	stored unit vector (the reference's frame_axes, as hex bits)
sq_height	n	0000000000000000 0000000000000000 3ff0000000000000
sq_height	x	3ff0000000000000 0000000000000000 0000000000000000
sq_height	y	0000000000000000 3ff0000000000000 0000000000000000
sq_tilted	n	0000000000000000 0000000000000000 3ff0000000000000
sq_tilted	x	3ff0000000000000 0000000000000000 0000000000000000
sq_tilted	y	0000000000000000 3ff0000000000000 0000000000000000
sq_skew	n	0000000000000000 0000000000000000 3ff0000000000000
sq_skew	x	3ff0000000000000 0000000000000000 0000000000000000
sq_skew	y	0000000000000000 3ff0000000000000 0000000000000000
sq_vertical	n	0000000000000000 0000000000000000 3ff0000000000000
sq_vertical	x	3ff0000000000000 0000000000000000 0000000000000000
sq_vertical	y	0000000000000000 3ff0000000000000 0000000000000000
sq_diagonal_edges	n	0000000000000000 0000000000000000 3ff0000000000000
sq_diagonal_edges	x	3ff0000000000000 0000000000000000 0000000000000000
sq_diagonal_edges	y	0000000000000000 3ff0000000000000 0000000000000000
sq_through_corner	n	0000000000000000 0000000000000000 3ff0000000000000
sq_through_corner	x	3ff0000000000000 0000000000000000 0000000000000000
sq_through_corner	y	0000000000000000 3ff0000000000000 0000000000000000
sq_in_cap	n	0000000000000000 0000000000000000 3ff0000000000000
sq_in_cap	x	3ff0000000000000 0000000000000000 0000000000000000
sq_in_cap	y	0000000000000000 3ff0000000000000 0000000000000000
sq_corner_cut	n	0000000000000000 0000000000000000 3ff0000000000000
sq_corner_cut	x	3ff0000000000000 0000000000000000 0000000000000000
sq_corner_cut	y	0000000000000000 3ff0000000000000 0000000000000000
sq_miss	n	0000000000000000 0000000000000000 3ff0000000000000
sq_miss	x	3ff0000000000000 0000000000000000 0000000000000000
sq_miss	y	0000000000000000 3ff0000000000000 0000000000000000
sq_hole_crossed	n	0000000000000000 0000000000000000 3ff0000000000000
sq_hole_crossed	x	3ff0000000000000 0000000000000000 0000000000000000
sq_hole_crossed	y	0000000000000000 3ff0000000000000 0000000000000000
sq_hole_vertical	n	0000000000000000 0000000000000000 3ff0000000000000
sq_hole_vertical	x	3ff0000000000000 0000000000000000 0000000000000000
sq_hole_vertical	y	0000000000000000 3ff0000000000000 0000000000000000
u_two_sections	n	0000000000000000 0000000000000000 3ff0000000000000
u_two_sections	x	3ff0000000000000 0000000000000000 0000000000000000
u_two_sections	y	0000000000000000 3ff0000000000000 0000000000000000
u_tilted	n	0000000000000000 0000000000000000 3ff0000000000000
u_tilted	x	3ff0000000000000 0000000000000000 0000000000000000
u_tilted	y	0000000000000000 3ff0000000000000 0000000000000000
stadium_height	n	0000000000000000 0000000000000000 3ff0000000000000
stadium_height	x	3ff0000000000000 0000000000000000 0000000000000000
stadium_height	y	0000000000000000 3ff0000000000000 0000000000000000
stadium_tilted	n	0000000000000000 0000000000000000 3ff0000000000000
stadium_tilted	x	3ff0000000000000 0000000000000000 0000000000000000
stadium_tilted	y	0000000000000000 3ff0000000000000 0000000000000000
stadium_arc_only	n	0000000000000000 0000000000000000 3ff0000000000000
stadium_arc_only	x	3ff0000000000000 0000000000000000 0000000000000000
stadium_arc_only	y	0000000000000000 3ff0000000000000 0000000000000000
stadium_vertical_arc	n	0000000000000000 0000000000000000 3ff0000000000000
stadium_vertical_arc	x	3ff0000000000000 0000000000000000 0000000000000000
stadium_vertical_arc	y	0000000000000000 3ff0000000000000 0000000000000000
stadium_tangent	n	0000000000000000 0000000000000000 3ff0000000000000
stadium_tangent	x	3ff0000000000000 0000000000000000 0000000000000000
stadium_tangent	y	0000000000000000 3ff0000000000000 0000000000000000
rounded_skew	n	0000000000000000 0000000000000000 3ff0000000000000
rounded_skew	x	3ff0000000000000 0000000000000000 0000000000000000
rounded_skew	y	0000000000000000 3ff0000000000000 0000000000000000
disc_wall_ellipse	n	0000000000000000 0000000000000000 3ff0000000000000
disc_wall_ellipse	x	3ff0000000000000 0000000000000000 0000000000000000
disc_wall_ellipse	y	0000000000000000 3ff0000000000000 0000000000000000
disc_through_caps	n	0000000000000000 0000000000000000 3ff0000000000000
disc_through_caps	x	3ff0000000000000 0000000000000000 0000000000000000
disc_through_caps	y	0000000000000000 3ff0000000000000 0000000000000000
disc_vertical	n	0000000000000000 0000000000000000 3ff0000000000000
disc_vertical	x	3ff0000000000000 0000000000000000 0000000000000000
disc_vertical	y	0000000000000000 3ff0000000000000 0000000000000000
slot_hole_tilted	n	0000000000000000 3fe3333333333333 3fe999999999999a
slot_hole_tilted	x	3ff0000000000000 8000000000000000 0000000000000000
slot_hole_tilted	y	0000000000000000 3fe999999999999a bfe3333333333333
tilted_frame_in_cap	n	0000000000000000 3fe3333333333333 3fe999999999999a
tilted_frame_in_cap	x	3ff0000000000000 8000000000000000 0000000000000000
tilted_frame_in_cap	y	0000000000000000 3fe999999999999a bfe3333333333333
tilted_frame_height	n	0000000000000000 3fe3333333333333 3fe999999999999a
tilted_frame_height	x	3ff0000000000000 8000000000000000 0000000000000000
tilted_frame_height	y	0000000000000000 3fe999999999999a bfe3333333333333
reversed_offsets	n	0000000000000000 0000000000000000 3ff0000000000000
reversed_offsets	x	3ff0000000000000 0000000000000000 0000000000000000
reversed_offsets	y	0000000000000000 3ff0000000000000 0000000000000000
