# case	surface	stored unit normal (the reference's Frame3::new, as hex bits)
tc_through_tube	0	0000000000000000 0000000000000000 3ff0000000000000
tc_through_tube	1	3ff0000000000000 0000000000000000 0000000000000000
tc_hole_cut	0	0000000000000000 0000000000000000 3ff0000000000000
tc_hole_cut	1	0000000000000000 0000000000000000 3ff0000000000000
tc_rings	0	0000000000000000 0000000000000000 3ff0000000000000
tc_rings	1	0000000000000000 0000000000000000 3ff0000000000000
tc_across_hole	0	0000000000000000 0000000000000000 3ff0000000000000
tc_across_hole	1	0000000000000000 3ff0000000000000 0000000000000000
tc_enclosing	0	0000000000000000 0000000000000000 3ff0000000000000
tc_enclosing	1	3ff0000000000000 0000000000000000 0000000000000000
tc_vertical_through	0	0000000000000000 0000000000000000 3ff0000000000000
tc_vertical_through	1	0000000000000000 0000000000000000 3ff0000000000000
tc_skew	0	0000000000000000 0000000000000000 3ff0000000000000
tc_skew	1	0000000000000000 3fe3333333333333 3fe999999999999a
tc_tilted	0	0000000000000000 3fe3333333333333 3fe999999999999a
tc_tilted	1	3ff0000000000000 0000000000000000 0000000000000000
tc_miss	0	0000000000000000 0000000000000000 3ff0000000000000
tc_miss	1	3ff0000000000000 0000000000000000 0000000000000000
tc_tangent_hole	0	0000000000000000 0000000000000000 3ff0000000000000
tc_tangent_hole	1	0000000000000000 0000000000000000 3ff0000000000000
tc_tangent_outer	0	0000000000000000 0000000000000000 3ff0000000000000
tc_tangent_outer	1	0000000000000000 0000000000000000 3ff0000000000000
tc_tangent_over	0	0000000000000000 0000000000000000 3ff0000000000000
tc_tangent_over	1	3ff0000000000000 0000000000000000 0000000000000000
tc_saddle	0	0000000000000000 0000000000000000 3ff0000000000000
tc_saddle	1	0000000000000000 0000000000000000 3ff0000000000000
tc_near_outer_in	0	0000000000000000 0000000000000000 3ff0000000000000
tc_near_outer_in	1	0000000000000000 0000000000000000 3ff0000000000000
tc_near_outer_out	0	0000000000000000 0000000000000000 3ff0000000000000
tc_near_outer_out	1	0000000000000000 0000000000000000 3ff0000000000000
tc_near_over	0	0000000000000000 0000000000000000 3ff0000000000000
tc_near_over	1	3ff0000000000000 0000000000000000 0000000000000000
tc_near_saddle_wide	0	0000000000000000 0000000000000000 3ff0000000000000
tc_near_saddle_wide	1	0000000000000000 0000000000000000 3ff0000000000000
tc_near_saddle_narrow	0	0000000000000000 0000000000000000 3ff0000000000000
tc_near_saddle_narrow	1	0000000000000000 0000000000000000 3ff0000000000000
tk_skew	0	0000000000000000 0000000000000000 3ff0000000000000
tk_skew	1	bff0000000000000 0000000000000000 0000000000000000
tk_parallel	0	0000000000000000 0000000000000000 3ff0000000000000
tk_parallel	1	0000000000000000 0000000000000000 bff0000000000000
tk_through_tube	0	0000000000000000 0000000000000000 3ff0000000000000
tk_through_tube	1	0000000000000000 0000000000000000 bff0000000000000
tk_irrational_apex	0	0000000000000000 0000000000000000 3ff0000000000000
tk_irrational_apex	1	0000000000000000 0000000000000000 3ff0000000000000
tk_tilted	0	0000000000000000 3fe3333333333333 3fe999999999999a
tk_tilted	1	3ff0000000000000 0000000000000000 0000000000000000
tk_miss	0	0000000000000000 0000000000000000 3ff0000000000000
tk_miss	1	3ff0000000000000 0000000000000000 0000000000000000
